,model,A,B,C,D,testlet,alphabet,n_perm,transformation,query_length,distribution,pred,correct
0,nocopy_20,g s b s i s q s k,g s b s i s y s k,g o b o w,g o b o i,seen alphabets,a h c d e f g b i y k l m n o p q r s t u j w x v z,5,fix_interleave,5,out-of,s t g b i,0
1,nocopy_20,f g h,d g h,w x y z,e x y z,unseen alphabets,a c b v d f g h i j k l m n o p q r s t u e w x y z,5,pred,4,in,n x y z,0
2,nocopy_20,c u e v g g,c u e v g,n n w x y,n w x y,seen alphabets,a b c u e v g h d k i l m j r p q o s t f n w x y z,10,remove_redundant,5,in,n w x y,1
3,nocopy_20,c d i f g h e,c d e f g h i,c r d,r c d,unseen alphabets,a r c d e f g h i j p l m n o b q y s t u v w x k z,5,sort,3,in,c d,0
4,nocopy_20,g p q r s t,g p q r s t g p q r s t,f a h e j k l,f a h e j k l f a h e j k l,unseen alphabets,o b c d i f a h e j k l m n g p q r s t u v w x y z,5,replicate,7,out-of,r s t f v w e j k l m n o,0
5,nocopy_20,g h i j,b h i j k,t u v w,s u v w x,unseen alphabets,a f c d e b g h i j k l m n o p q r s t u v w x y z,2,extend_pred,4,out-of,t u v w x,0
6,nocopy_20,b b b f f f d d d g g g c c c e e e,b b b c c c d d d g g g f f f e e e,j j j o o o l l l m m m n n n k k k p p p,j j j k k k l l l m m m n n n o o o p p p,seen alphabets,a b c d g f e h i j k l m n o p q r s t u v w x y z,2,sort_group,21,in,a n n b b b c c c d d d e e e f f f g g g,0
7,nocopy_20,j k l m n,b k l m n,t u v w x y,s u v w x y,unseen alphabets,a i c d e f g h b j k l m n o p q r s t u v w x y z,2,pred,6,in,s u v w x y,1
8,nocopy_20,s n n u v w x,s n u v w x,k l m m y,k l m y,unseen alphabets,q t c d e i p h b j k l m y o a f r s n u v w x g z,10,remove_redundant,5,in,k l m n,0
9,nocopy_20,b c z j f,b c z j g,o p q x s t,o p q x s u,seen alphabets,a b c z j f g h v e k l m n o p q x s t u i y w d r,10,succ,6,in,o p q x s u,1
10,nocopy_20,g f e b i j,g f e h i j,m n o d q,m n o p q,seen alphabets,a b c d g f e h i j k l m n o p q r s t u v w x y z,2,fix_alphabetic_seq,5,in,m n o p q,1
11,nocopy_20,n o p,n o q,j k l m n o,j k l m n p,seen alphabets,a b c d e f g h i j k l m n o p q r s t u v w x y z,1,succ,6,in,i k l m n o,0
12,nocopy_20,s t t d b o,s t d b x,q h h c p n r v,q h c p n r g,unseen alphabets,u q h c p n r v g f k a m w i l j y s t d b o x e z,20,rr_succ,8,in,q h c s t f,0
13,nocopy_20,v w x f z,v w x y z,m n a e h r s,m n o e h r s,seen alphabets,a b c d q f g l i j k p m n o e h r s t u v w x y z,5,fix_alphabetic_seq,7,in,m n o e h r s,1
14,nocopy_20,l m n g p q r,l m n g p q r l m n g p q r,m n g p q,m n g p q m n g p q,unseen alphabets,o b c d i f a h e j k l m n g p q r s t u v w x y z,5,replicate,5,out-of,m m n n o o p p q q r r s s,0
15,nocopy_20,a b m d e f,a b m d e f g,b m d,b m d e,seen alphabets,a b m d e f g h i j k l c n o p q r s t u v w x y z,2,extend_sequence,3,in,b m d e,1
16,nocopy_20,m j r p q o o s,m j r p q o t,i l l m,i l j,seen alphabets,a b c u e v g h d k i l m j r p q o s t f n w x y z,10,rr_succ,4,in,i l m,0
17,nocopy_20,h r s t u z v,h r s t u z v h r s t u z v,m c n o p,m c n o p m c n o p,unseen alphabets,a e q d w f g b i j k m c n o p h r s t u z v x y l,10,replicate,5,out-of,r s t u v c c x p p q q c c,0
18,nocopy_20,r q y k t f n,r q y k t f n d,j o i,j o i w,seen alphabets,a e c h x l g r q y k t f n d j o i w u v b m p s z,20,extend_sequence,3,in,j o i w,1
19,nocopy_20,n k l m,n k l m w p,m w f p q r s,m w f p q r s t z,unseen alphabets,x b c d e v g h i n k l m w f p q r s t u z a y j o,10,extend_extend_succ,7,out-of,m j r p q o s,0
20,nocopy_20,t u u j w x v,t u j w x z,d e e f g b i y,d e f g b i k,seen alphabets,a h c d e f g b i y k l m n o p q r s t u j w x v z,5,rr_succ,8,in,d e f g b i k,1
21,nocopy_20,f f g g h h,f f g g h h i i,u u u v v v w w w,u u u v v v w w w x x x,seen alphabets,a b c d e f g h i j k l m n o p q r s t u v w x z y,2,extend_group,9,out-of,u u u v v v w w w,0
22,nocopy_20,w z y z e,w e y z,d o a o g,d a o g,seen alphabets,u n c d a o g h x j b l m k i p q r s t f v w e y z,10,rr_sort,5,out-of,d o a o g,0
23,nocopy_20,i q y q k q l q l q m,i q y q k q l q m,y v k v l v l v m v n v o,y v k v l v m v n v o,seen alphabets,a h c d e f g b i y k l m n o p q r s t u j w x v z,5,rr_interleave,13,in,q q q y k k l l l m m m n n n o o o,0
24,nocopy_20,c d e f g h i,j k l t n o p,i j k l t n o,p q r s m u v,unseen alphabets,a b c d e f g h i j k l t n o p q r s m u v w x y z,2,shift,7,out-of,i j k l m n o,0
25,nocopy_20,c d q f g l i,j k p m n o e,a b c d q f g,l i j k p m n,seen alphabets,a b c d q f g l i j k p m n o e h r s t u v w x y z,5,shift,7,out-of,a b c d q f l,0
26,nocopy_20,j d l,j d l m,u v w,u v w x,unseen alphabets,k n c e y a g h i j d l m f o t q r s b u v w x p z,10,extend_sequence,3,in,u v w e,0
27,nocopy_20,f m n o p,l m n o p,l m n e,l m n o,unseen alphabets,g b c d e f s h i j y l m n o p q r k t u v w x a z,5,fix_alphabetic_seq,4,in,l m n o,1
28,nocopy_20,u v w e y,t v w e y,r j k,i j k,seen alphabets,a b c d x f g i r j k l m n o p q h s t u v w e y z,5,pred,3,in,i j k,1
29,nocopy_20,i x s x j,i x r x j,r p n p o p p p q p h p s,m p n p o p p p q p h p s,seen alphabets,a b c d x f g i r j k l m n o p q h s t u v w e y z,5,fix_interleave,13,out-of,r p n p o p p p q p h p s,0
30,nocopy_20,l m y o o a f,l m y o a f,m y o a f r s s,m y o a f r s,unseen alphabets,q t c d e i p h b j k l m y o a f r s n u v w x g z,10,remove_redundant,8,in,m y s o u,0
31,nocopy_20,b u l,b u v,u k s k w k x k p,u k v k w k x k p,unseen alphabets,k n c e y a g h i j d l m f o t q r s b u v w x p z,10,fix_interleave,5,out-of,u k v k w k x k p,1
32,nocopy_20,d g e,g d e,f g d e b s,b g d e f s,seen alphabets,a b g d e f s h i j w l m n o p q r k t u v c x y z,5,sort,6,in,b g d e f s,1
33,nocopy_20,v v w x z,v w x y,q r s s t,q r s u,seen alphabets,a b c d e f g h i j k l m n o p q r s t u v w x z y,2,rr_succ,5,in,q r s u,1
34,nocopy_20,o p q r s,o p q r s t,o p q r,o p q r s,unseen alphabets,f b c d e a g h i j k l m n o p q r s t u v w x y z,2,extend_sequence,4,in,o p q r s,1
35,nocopy_20,h i j k,k j i h,o p q r s,s r q p o,seen alphabets,a b c u e f g h i j k l m n o p q r s t d v w x y z,2,reverse,5,out-of,n p q r s,0
36,nocopy_20,v x w y z,v w x y z,r s t x v w u,r s t u v w x,seen alphabets,a b m d e f g h i j k l c n o p q r s t u v w x y z,2,sort,7,in,r s t u v w x,1
37,nocopy_20,q r s t f v,v f t s r q,i p q r s t,t s r q p i,seen alphabets,u n c d a o g h x j b l m k i p q r s t f v w e y z,10,reverse,6,out-of,i p q r s f,0
38,nocopy_20,i j k l m,h j k l m n,k l m n,j l m n o,seen alphabets,a b c d e f g h i j k l m n o p q r s t u v w x y z,1,extend_pred,4,out-of,k l m n o,0
39,nocopy_20,p q t r s q u,p q r s t u,l n n m,l m n,unseen alphabets,a f c d e b g h i j k l m n o p q r s t u v w x y z,2,rr_sort,4,out-of,l m n,1
40,nocopy_20,w u v b,w u v b w u v b,o i w u v b m,o i w u v b m o i w u v b m,seen alphabets,a e c h x l g r q y k t f n d j o i w u v b m p s z,20,replicate,7,out-of,o i w u v b m p,0
41,nocopy_20,c d d d a d f d g d b d i,c d d d e d f d g d b d i,n x u x p,n x o x p,seen alphabets,a h c d e f g b i y k l m n o p q r s t u j w x v z,5,fix_interleave,5,out-of,d d e d f d g d b d x d p,0
42,nocopy_20,o p q,o p q r t,h i j y,h i j y l n,unseen alphabets,g b c d e f s h i j y l m n o p q r k t u v w x a z,5,extend_extend_succ,4,out-of,h i j k,0
43,nocopy_20,g l l i j k p m,g l i j k p n,r s t t u v w,r s t u v x,seen alphabets,a b c d q f g l i j k p m n o e h r s t u v w x y z,5,rr_succ,7,in,r s t u v w,0
44,nocopy_20,m n o p q r,m n o p q r s,r s t,r s t u,seen alphabets,a b c d e f g h i j k l m n o p q r s t u v w x y z,1,extend_sequence,3,in,r s t u,1
45,nocopy_20,w d r r,w d r,h v e k l m n n,h v e k l m n,seen alphabets,a b c z j f g h v e k l m n o p q x s t u i y w d r,10,remove_redundant,8,in,h v e k l m n,1
46,nocopy_20,i q v s,o q v t,l h n,k h o,unseen alphabets,a y c d e f g h p b k l m n o i q r s t u v w x j z,5,fix_pred_succ,3,out-of,l m n,0
47,nocopy_20,a b m j e e r g,a b m j e r h,e r r g h q l f,e r g h q l d,unseen alphabets,a b m j e r g h q l f d k n o p i c s t u v w x y z,10,rr_succ,8,in,e f g h i j,0
48,nocopy_20,x f g g,x f g,t n n c v o w y,t n c v o w y,unseen alphabets,d s p a x f g h m i k e r z j u b q t n c v o w y l,20,remove_redundant,8,in,t n c v w x y,0
49,nocopy_20,b n b n m n p n s n z,b n m n p n s n z,j s o s i s i s w s u s v,j s o s i s w s u s v,seen alphabets,a e c h x l g r q y k t f n d j o i w u v b m p s z,20,rr_interleave,13,in,n s y s s s o s u s i s w,0
50,nocopy_20,k l l m n o,k l m n o,v w e e y,v w e y,seen alphabets,a b c d x f g i r j k l m n o p q h s t u v w e y z,5,remove_redundant,5,in,v w e z,0
51,nocopy_20,f c c d e,f c d e,u v w x x,u v w x,unseen alphabets,a f c d e b g h i j k l m n o p q r s t u v w x y z,2,remove_redundant,5,in,u v w x,1
52,nocopy_20,n n o o p p q q r r s s t t,n n o o p p q q r r s s t t u u,k k l l c c n n o o p p q q,k k l l c c n n o o p p q q r r,seen alphabets,a b m d e f g h i j k l c n o p q r s t u v w x y z,2,extend_group,14,out-of,n n n o o o p p p q q q r r r s s s t t t,0
53,nocopy_20,r w t u,r s t u v,i x y,w x y z,seen alphabets,a b m d e f g h i j k l c n o p q r s t u v w x y z,2,fix_extend,3,in,w x y z,1
54,nocopy_20,t u v v,t u v,e e j k l m,e j k l m,unseen alphabets,o b c d i f a h e j k l m n g p q r s t u v w x y z,5,remove_redundant,6,in,e k l m,0
55,nocopy_20,k l m,m l k,h b j k l m y,y m l k j b h,unseen alphabets,q t c d e i p h b j k l m y o a f r s n u v w x g z,10,reverse,7,out-of,h i j k l m n,0
56,nocopy_20,f p a c h u,f p a c h u f p a c h u,w f p a c h,w f p a c h w f p a c h,unseen alphabets,x r l b g t e s i j k n m w f p a c h u v d o y q z,20,replicate,6,out-of,c h a w u v b m,0
57,nocopy_20,r r s s t t u u v v w w,r r s s t t u u v v w w x x,e e e h h h i i i j j j k k k,e e e h h h i i i j j j k k k l l l,seen alphabets,a b c d g f e h i j k l m n o p q r s t u v w x y z,2,extend_group,15,out-of,h h h v v v e e e k k k l t t u u u v v v,0
58,nocopy_20,d j o,d j o i,y k t f n d,y k t f n d j,seen alphabets,a e c h x l g r q y k t f n d j o i w u v b m p s z,20,extend_sequence,6,in,y k t f n d j,1
59,nocopy_20,p q r s t u j,p q r s t u w,s t u j,s t u w,seen alphabets,a h c d e f g b i y k l m n o p q r s t u j w x v z,5,succ,4,in,s t u w,1
60,nocopy_20,k g h i j,a g h i j,j a i a l a m a n,j a k a l a m a n,unseen alphabets,f b c d e a g h i j k l m n o p q r s t u v w x y z,2,fix_interleave,5,out-of,h a i a j a k,0
61,nocopy_20,x b c c d,x b c d,s t u z a y y,s t u z a y,unseen alphabets,x b c d e v g h i n k l m w f p q r s t u z a y j o,10,remove_redundant,7,in,s t u i y,0
62,nocopy_20,a g h i j d,a g h i j d l,r r s s b b u u v v w w,r r s s b b u u v v w w x x,unseen alphabets,k n c e y a g h i j d l m f o t q r s b u v w x p z,10,extend_group,6,out-of,r r s s t t u u v v w w e,0
63,nocopy_20,o f g m r b w,o f g m y b w,r z d z v z i z k,r z d z v z i z o,unseen alphabets,r d v i o f g m y b w n h u j p c l e t s q a x k z,20,fix_interleave,5,out-of,r z d z v z z z k,0
64,nocopy_20,b c z j f g,b c z j f g h,a b c z,a b c z j,seen alphabets,a b c z j f g h v e k l m n o p q x s t u i y w d r,10,extend_sequence,4,in,a b c z j,1
65,nocopy_20,g h j i j,g h i j,p n o p m q,m n o p q,unseen alphabets,a f c d e b g h i j k l m n o p q r s t u v w x y z,2,rr_sort,6,out-of,p n o p r,0
66,nocopy_20,f q n i,f q n i b a,o p v x s l,o p v x s l c y,seen alphabets,m r j k g f q n i b h a w d o p v x s l c e y u t z,20,extend_extend_succ,6,out-of,d p v x s l,0
67,nocopy_20,p q r s t u v,o q r s t u v w,v w x y,u w x y b,seen alphabets,a z c d e f g h i j k l m n o p q r s t u v w x y b,2,extend_pred,4,out-of,v w x y b,0
68,nocopy_20,u f g p i j k,k j i p g f u,i j k l m n,n m l k j i,seen alphabets,a s r d u f g p i j k l m n o h q b c t z e w x y v,10,reverse,6,out-of,i j k l m o,0
69,nocopy_20,t w e u,t u e w,v v d d g g f f h h i i j j,v v d d f f g g h h i i j j,unseen alphabets,a c b v d f g h i j k l m n o p q r s t u e w x y z,5,sort_group,7,in,d d g g f f e e h h i i j j,0
70,nocopy_20,o p p q x s,o p q x t,b b c z,b c j,seen alphabets,a b c z j f g h v e k l m n o p q x s t u i y w d r,10,rr_succ,4,in,b c z,0
71,nocopy_20,v g f,v g f k,u q h c p,u q h c p n,unseen alphabets,u q h c p n r v g f k a m w i l j y s t d b o x e z,20,extend_sequence,5,in,u v c x y,0
72,nocopy_20,b a l m n,p a l m o,p m k,h m l,unseen alphabets,a y c d e f g h p b k l m n o i q r s t u v w x j z,5,fix_pred_succ,3,out-of,k p m,0
73,nocopy_20,l r s t,q r s t,e a w a x a h,e a w a x a y,unseen alphabets,a c b v d f g h i j k l m n o p q r s t u e w x y z,5,fix_interleave,4,out-of,e a w a x a h,0
74,nocopy_20,d g f e h i j,d e f g h i j,s u t v,s t u v,seen alphabets,a z c d e f g h i j k l m n o p q r s t u v w x y b,2,sort,4,in,s t u v,1
75,nocopy_20,a s q t x,t s q a x,v d i,d v i,unseen alphabets,r d v i o f g m y b w n h u j p c l e t s q a x k z,20,sort,3,in,i d v,0
76,nocopy_20,q r s t f,v w e y z,q r s t,f v w e,seen alphabets,u n c d a o g h x j b l m k i p q r s t f v w e y z,10,shift,4,out-of,q r s f,0
77,nocopy_20,k n c e,k n c e k n c e,a g h i,a g h i a g h i,unseen alphabets,k n c e y a g h i j d l m f o t q r s b u v w x p z,10,replicate,4,out-of,g h i m,0
78,nocopy_20,b c d i f a h,e j k l m n g,k l m,n g p,unseen alphabets,o b c d i f a h e j k l m n g p q r s t u v w x y z,5,shift,3,out-of,j l m,0
79,nocopy_20,i n o,a n p,c d e f q h b,i d e f q h j,unseen alphabets,a i c d e f g h b j k l m n o p q r s t u v w x y z,2,fix_pred_succ,7,out-of,c d e f g h i,0
80,nocopy_20,z m o,g m o,d v f r h,i v f r h,seen alphabets,q k i d v f r h a l e b x c n w j p s t g z m o y u,20,pred,5,in,i v f r h,1
81,nocopy_20,v e k l m n,v e k l m n o,p q x s t u,p q x s t u i,seen alphabets,a b c z j f g h v e k l m n o p q x s t u i y w d r,10,extend_sequence,6,in,p q x s t u i,1
82,nocopy_20,r d v i o f g,r d v i o f g r d v i o f g,q a x k z,q a x k z q a x k z,unseen alphabets,r d v i o f g m y b w n h u j p c l e t s q a x k z,20,replicate,5,out-of,d v f r h a l m,0
83,nocopy_20,x b b c d e,x b c d e,v p v p g p h p i p n,v p g p h p i p n,unseen alphabets,x b c d e v g h i n k l m w f p q r s t u z a y j o,10,rr_interleave,6,in,v p g p h p i p m p n,0
84,nocopy_20,y w l o g v p,y w l o g v s,m a f i j,m a f i h,unseen alphabets,e d r c z m a f i j h y w l o g v p s b u q n x k t,20,succ,5,in,f a l i j,0
85,nocopy_20,i a o a p,n a o a p,i h j h k h l h g h n,i h j h k h l h m h n,seen alphabets,a z c d e f g h i j k l m n o p q r s t u v w x y b,2,fix_interleave,11,out-of,g h h h i h j h k h l h,0
86,nocopy_20,l q m q n q i q p,l q m q n q o q p,h q s q b q d q e,h q s q r q d q e,seen alphabets,h s r d e f g b i j k l m n o p q z w t c v y x a u,10,fix_interleave,9,out-of,p q q q h q s q r q d q e,0
87,nocopy_20,u j p g l e t,u j p c l e t,l o f g m,i o f g m,unseen alphabets,r d v i o f g m y b w n h u j p c l e t s q a x k z,20,fix_alphabetic_seq,5,in,l m n o,0
88,nocopy_20,o p q h s t u,o p q h s t u o p q h s t u,k l m n o p q,k l m n o p q k l m n o p q,seen alphabets,a b c d x f g i r j k l m n o p q h s t u v w e y z,5,replicate,7,out-of,q h s t u v w e,0
89,nocopy_20,t t u v w x y z,t u v w x y z,k t k t l t b t n t o,k t l t b t n t o,unseen alphabets,a m c d e f g h i j k l b n o p q r s t u v w x y z,2,rr_interleave,6,in,k t l t m t n t o,0
90,nocopy_20,o i q r s t u,n i q r s t u v,m n o i q r s,l n o i q r s t,unseen alphabets,a y c d e f g h p b k l m n o i q r s t u v w x j z,5,extend_pred,7,out-of,m n o p q r s t,0
91,nocopy_20,o w y,v w y,f g h m,x g h m,unseen alphabets,d s p a x f g h m i k e r z j u b q t n c v o w y l,20,pred,4,in,f g h i,0
92,nocopy_20,d v w,d v w d v w,p q r s,p q r s p q r s,seen alphabets,a b c u e f g h i j k l m n o p q r s t d v w x y z,2,replicate,4,out-of,p q r s t,0
93,nocopy_20,b c d e f g h,b c d e f g h i k,a b c d,a b c d e g,seen alphabets,a b c d e f g h i j k l m n o p q r s t u v w x z y,2,extend_extend_succ,4,out-of,a b c d e,0
94,nocopy_20,c d s f g,b d s f l,q r s,d r t,seen alphabets,a b c d q f g l i j k p m n o e h r s t u v w x y z,5,fix_pred_succ,3,out-of,p r s,0
95,nocopy_20,w w x y z,w x y z,f g h h i,f g h i,seen alphabets,a b c u e f g h i j k l m n o p q r s t d v w x y z,2,remove_redundant,5,in,f g h i,1
96,nocopy_20,n r v g f k a,n r v g f k a m i,f k a m w i,f k a m w i l y,unseen alphabets,u q h c p n r v g f k a m w i l j y s t d b o x e z,20,extend_extend_succ,6,out-of,f a k i p q,0
97,nocopy_20,g j i,g p i,p i j k g m,p i j k l m,seen alphabets,a s r d u f g p i j k l m n o h q b c t z e w x y v,10,fix_alphabetic_seq,6,in,p i j k l m,1
98,nocopy_20,c c t t z z e e w w x x,c c t t z z e e w w x x y y,o o h h q q b b c c t t,o o h h q q b b c c t t z z,seen alphabets,a s r d u f g p i j k l m n o h q b c t z e w x y v,10,extend_group,12,out-of,t t z z e e w w w x x x y y y v v v z b b,0
99,nocopy_20,b c u,b c u e,q r s t d,q r s t d v,seen alphabets,a b c u e f g h i j k l m n o p q r s t d v w x y z,2,extend_sequence,5,in,q r s t d v,1
100,nocopy_20,f f g i h,f g h i,j k l n m n,j k l m n,seen alphabets,a b c d e f g h i j k l m n o p q r s t u v w x y z,1,rr_sort,6,out-of,j k l m o,0
101,nocopy_20,h g i g j g k g l g l,h g i g j g k g l,f l g l h l i l i,f l g l h l i,seen alphabets,a b c u e f g h i j k l m n o p q r s t d v w x y z,2,rr_interleave,9,in,f f f g g g h h h i i i j j j k k k l l l,0
102,nocopy_20,a a l e b x c,a l e b x n,d d v f r h a l,d v f r h a e,seen alphabets,q k i d v f r h a l e b x c n w j p s t g z m o y u,20,rr_succ,8,in,d v f r h a l,0
103,nocopy_20,x y z,x y z x y z,a m c d e f,a m c d e f a m c d e f,unseen alphabets,a m c d e f g h i j k l b n o p q r s t u v w x y z,2,replicate,6,out-of,a b c d e f g,0
104,nocopy_20,w w f p,w f p,r r s t u z a y,r s t u z a y,unseen alphabets,x b c d e v g h i n k l m w f p q r s t u z a y j o,10,remove_redundant,8,in,r s t u j w,0
105,nocopy_20,i f a h b j k,i f a h e j k l,e p k l,e j k l m,unseen alphabets,o b c d i f a h e j k l m n g p q r s t u v w x y z,5,fix_extend,4,in,e k l m,0
106,nocopy_20,h v e k l m n,g v e k l m n,d r,w r,seen alphabets,a b c z j f g h v e k l m n o p q x s t u i y w d r,10,pred,2,in,w r,1
107,nocopy_20,m y b,w n h,r d v,i o f,unseen alphabets,r d v i o f g m y b w n h u j p c l e t s q a x k z,20,shift,3,out-of,d v f,0
108,nocopy_20,a g h i j,a g h i j k,h h h i i i j j j,h h h i i i j j j k k k,unseen alphabets,f b c d e a g h i j k l m n o p q r s t u v w x y z,2,extend_group,3,out-of,h h i i j j k k,0
109,nocopy_20,d e f g h i,d e f g h j,v w x,v w z,seen alphabets,a b c d e f g h i j k l m n o p q r s t u v w x z y,2,succ,3,in,u w x,0
110,nocopy_20,e f g m i j,e f g h i j,h m i m x m p m l,h m i m j m p m l,unseen alphabets,a r c d e f g h i j p l m n o b q y s t u v w x k z,5,fix_interleave,5,out-of,h m i m j m k m l,0
111,nocopy_20,i o f m g y b,i o f g m y b,l l l c c c e e e t t t,c c c l l l e e e t t t,unseen alphabets,r d v i o f g m y b w n h u j p c l e t s q a x k z,20,sort_group,4,in,l l l c c c e e e,0
112,nocopy_20,b m d,b m d e g,r s t u v w,r s t u v w x z,seen alphabets,a b m d e f g h i j k l c n o p q r s t u v w x y z,2,extend_extend_succ,6,out-of,r s t u v x,0
113,nocopy_20,s b u q n x,p b u q n x,r c z m a,d c z m a,unseen alphabets,e d r c z m a f i j h y w l o g v p s b u q n x k t,20,pred,5,in,r h a z m,0
114,nocopy_20,o p q r k t,o p q r k t u,n o p q r,n o p q r k,unseen alphabets,g b c d e f s h i j y l m n o p q r k t u v w x a z,5,extend_sequence,5,in,n o p q r s,0
115,nocopy_20,o p q r,o p q r s,j j j k k k l l l b b b,j j j k k k l l l b b b n n n,unseen alphabets,a m c d e f g h i j k l b n o p q r s t u v w x y z,2,extend_group,4,out-of,j j j k k k l l l m m m,0
116,nocopy_20,v w x j z,v w x y z,q e r e a,q e r e s,unseen alphabets,a m c d e f g h i j k l b n o p q r s t u v w x y z,2,fix_interleave,3,out-of,a e r s,0
117,nocopy_20,j j k l m n o,j k l m n p,c b v d d f g h,c b v d f g i,unseen alphabets,a c b v d f g h i j k l m n o p q r s t u e w x y z,5,rr_succ,8,in,c d e f g h,0
118,nocopy_20,m k i i,m k i,n c d a a,n c d a,seen alphabets,u n c d a o g h x j b l m k i p q r s t f v w e y z,10,remove_redundant,5,in,n c d o,0
119,nocopy_20,c d g,c d g f,l m n,l m n o,seen alphabets,a b c d g f e h i j k l m n o p q r s t u v w x y z,2,extend_sequence,3,in,l m n o,1
120,nocopy_20,e e q d w,e q d w,a e q d d w f,a e q d w f,unseen alphabets,a e q d w f g b i j k m c n o p h r s t u z v x y l,10,remove_redundant,7,in,a e c d q f,0
121,nocopy_20,m r f p q r w,m w f p q r,n k l m w m f,n k l m w f,unseen alphabets,x b c d e v g h i n k l m w f p q r s t u z a y j o,10,rr_sort,7,out-of,n k l m n,0
122,nocopy_20,q r g t,p r g u,m n o p l r s,l n o p l r t,seen alphabets,a b c d e f g h i j k l m n o p q r s t u v w x y z,1,fix_pred_succ,7,out-of,m n o p q r s,0
123,nocopy_20,f g l i j k,f g l i j p,e h r s t,e h r s u,seen alphabets,a b c d q f g l i j k p m n o e h r s t u v w x y z,5,succ,5,in,o h r s t,0
124,nocopy_20,m o n,m n o,b c d g f h e,b c d g f e h,seen alphabets,a b c d g f e h i j k l m n o p q r s t u v w x y z,2,sort,7,in,b c d g f e h,1
125,nocopy_20,h j i k l l,h i j k l,h c d e b g f h,f c d e b g h,unseen alphabets,a f c d e b g h i j k l m n o p q r s t u v w x y z,2,rr_sort,8,out-of,h c d e f g i,0
126,nocopy_20,m m m n n n o o o p p p q q q h h h,m m m n n n o o o p p p q q q h h h s s s,s s t t u u v v w w e e y y,s s t t u u v v w w e e y y z z,seen alphabets,a b c d x f g i r j k l m n o p q h s t u v w e y z,5,extend_group,14,out-of,p p p q m m n n n o o o s s s t t t u u u,0
127,nocopy_20,q k i d v,q k i d v f h,e b x,e b x c w,seen alphabets,q k i d v f r h a l e b x c n w j p s t g z m o y u,20,extend_extend_succ,3,out-of,e b x c,0
128,nocopy_20,y y z,y z,b u u d e,b u d e,seen alphabets,a b u d e f g h i m k l r n o p q c s t j v w x y z,5,remove_redundant,5,in,b u d e,1
129,nocopy_20,q r s t u v w,q r s t u v w x z,c d e f g h i,c d e f g h i j l,seen alphabets,a b c d e f g h i j k l m n o p q r s t u v w x y z,1,extend_extend_succ,7,out-of,c d e f g h i j,0
130,nocopy_20,b c d,b c d e g,s t u,s t u z y,unseen alphabets,x b c d e v g h i n k l m w f p q r s t u z a y j o,10,extend_extend_succ,3,out-of,s t i,0
131,nocopy_20,t u z v v x,t u z v y,o p h r s t u u,o p h r s t z,unseen alphabets,a e q d w f g b i j k m c n o p h r s t u z v x y l,10,rr_succ,8,in,o p q r s t u,0
132,nocopy_20,q r s t u v w,q r s t u v w x z,o b c d,o b c d i a,unseen alphabets,o b c d i f a h e j k l m n g p q r s t u v w x y z,5,extend_extend_succ,4,out-of,a b c d e,0
133,nocopy_20,n n n c c c g g g a a a o o o d d d h h h,n n n c c c d d d a a a o o o g g g h h h,b b i i m m k k l l p p,b b l l m m k k i i p p,seen alphabets,u n c d a o g h x j b l m k i p q r s t f v w e y z,10,sort_group,12,in,n n n c c c h d d a a a o o o g g g h h h,0
134,nocopy_20,h m i m a m k m b m f m g,h m i m a m k m b m f m e,y r u r d r z r n r w r s,y r u r d r m r n r w r s,seen alphabets,x l c v z t q h i a k b f e j o p r g y u d m n w s,20,fix_interleave,13,out-of,i m m m k m b m n n y m s s m r r r d d d,0
135,nocopy_20,v w x y,y x w v,u v w x,x w v u,seen alphabets,a b c d g f e h i j k l m n o p q r s t u v w x y z,2,reverse,4,out-of,t v w x,0
136,nocopy_20,t u v w,t u v w x z,j k l,j k l m o,unseen alphabets,f b c d e a g h i j k l m n o p q r s t u v w x y z,2,extend_extend_succ,3,out-of,i k l,0
137,nocopy_20,n r s t,q r s t u,w b y,w x y b,seen alphabets,a z c d e f g h i j k l m n o p q r s t u v w x y b,2,fix_extend,3,in,w x y b,1
138,nocopy_20,x y y z,x y z,c d q q f g l,c d q f g l,seen alphabets,a b c d q f g l i j k p m n o e h r s t u v w x y z,5,remove_redundant,7,in,c d q f g l,1
139,nocopy_20,q d c t e,q t c d e,x x x w w w g g g,w w w x x x g g g,unseen alphabets,q t c d e i p h b j k l m y o a f r s n u v w x g z,10,sort_group,3,in,w w w x x x y y y,0
140,nocopy_20,k i d v f,k i d v f r a,r h a l e b x,r h a l e b x c w,seen alphabets,q k i d v f r h a l e b x c n w j p s t g z m o y u,20,extend_extend_succ,7,out-of,f h a l e b x,0
141,nocopy_20,d t x t n t w t s,d t m t n t w t s,z g a g q g h,z g t g q g h,seen alphabets,x l c v z t q h i a k b f e j o p r g y u d m n w s,20,fix_interleave,7,out-of,t g z g m g h,0
142,nocopy_20,l m n,o p q,j k l m n,o p q r s,unseen alphabets,f b c d e a g h i j k l m n o p q r s t u v w x y z,2,shift,5,out-of,i k l m n,0
143,nocopy_20,w y x,w x y,o n k p i,k n o p i,unseen alphabets,a b m j e r g h q l f d k n o p i c s t u v w x y z,10,sort,5,in,k i p m,0
144,nocopy_20,b b o x e z,b o x e z,s a s a t a d a b,s a t a d a b,unseen alphabets,u q h c p n r v g f k a m w i l j y s t d b o x e z,20,rr_interleave,5,in,s a t a d a b,1
145,nocopy_20,m k i i p q r,m k i p q r,h x j j,h x j,seen alphabets,u n c d a o g h x j b l m k i p q r s t f v w e y z,10,remove_redundant,4,in,h x b,0
146,nocopy_20,x y z,w y z,t u v w x y,s u v w x y,unseen alphabets,a b m j e r g h q l f d k n o p i c s t u v w x y z,10,pred,6,in,s u v w x y,1
147,nocopy_20,n r k t,q r k t,m j w l,i j w l,seen alphabets,a b g d e f s h i j w l m n o p q r k t u v c x y z,5,fix_alphabetic_seq,4,in,i j w l,1
148,nocopy_20,p v x s l,l s x v p,x s l c e y,y e c l s x,seen alphabets,m r j k g f q n i b h a w d o p v x s l c e y u t z,20,reverse,6,out-of,v s l c e y,0
149,nocopy_20,b g h,b g h b g h,b g h i,b g h i b g h i,unseen alphabets,a f c d e b g h i j k l m n o p q r s t u v w x y z,2,replicate,4,out-of,f g h i j,0
150,nocopy_20,u q q h c p,u q h c p,m z w z w z i z l z j z y z s,m z w z i z l z j z y z s,unseen alphabets,u q h c p n r v g f k a m w i l j y s t d b o x e z,20,rr_interleave,8,in,m z w z i z y z z z t,0
151,nocopy_20,k i d d v f,k i d v f,f r h a a l e,f r h a l e,seen alphabets,q k i d v f r h a l e b x c n w j p s t g z m o y u,20,remove_redundant,7,in,f r h a l b,0
152,nocopy_20,o q v p s b u,o g v p s b u,g k f k i k j k h k y,a k f k i k j k h k y,unseen alphabets,e d r c z m a f i j h y w l o g v p s b u q n x k t,20,fix_interleave,6,out-of,g k f k q k h k i k j,0
153,nocopy_20,b l c l d l e l f l f,b l c l d l e l f,g g h g h g i g j g k,g g h g i g j g k,seen alphabets,a b c d e f g h i j k l m n o p q r s t u v w x z y,2,rr_interleave,11,in,d d e e f f g g h h i i j j,0
154,nocopy_20,j j j e e e f f f g g g h h h i i i d d d,d d d e e e f f f g g g h h h i i i j j j,t t s s r r,r r s s t t,seen alphabets,a b c d e f g h i j k l m n o p q r s t u v w x y z,1,sort_group,6,in,s s s t t t d d d e e e f f f g g g h h h,0
155,nocopy_20,q a r s t u z q,q r s t u z a,x x b e d c,x b c d e,unseen alphabets,x b c d e v g h i n k l m w f p q r s t u z a y j o,10,rr_sort,6,out-of,x b x c,0
156,nocopy_20,f s h i j,f s h i j y,j y l,j y l m,unseen alphabets,g b c d e f s h i j y l m n o p q r k t u v w x a z,5,extend_sequence,3,in,j k l m,0
157,nocopy_20,g h i i j,g h i k,u u v w x,u v w y,unseen alphabets,a m c d e f g h i j k l b n o p q r s t u v w x y z,2,rr_succ,5,in,u v w y,1
158,nocopy_20,i y k l m,i y k l m n p,y k l m n o p,y k l m n o p q s,seen alphabets,a h c d e f g b i y k l m n o p q r s t u j w x v z,5,extend_extend_succ,7,out-of,i k l m n o p,0
159,nocopy_20,s t r,s t u e,j p l,j k l m,unseen alphabets,a c b v d f g h i j k l m n o p q r s t u e w x y z,5,fix_extend,3,in,j k l m,1
160,nocopy_20,o o p p q q x x,o o p p q q x x s s,g g g h h h v v v e e e k k k l l l m m m,g g g h h h v v v e e e k k k l l l m m m n n n,seen alphabets,a b c z j f g h v e k l m n o p q x s t u i y w d r,10,extend_group,21,out-of,s g g h h h v v v e e e k k k l l l m m m,0
161,nocopy_20,n m w f p a c,n m w f p a c h,h u v d o y q,h u v d o y q z,unseen alphabets,x r l b g t e s i j k n m w f p a c h u v d o y q z,20,extend_sequence,7,in,h v e k l m n o,0
162,nocopy_20,a l e b x,x b e l a,i d v f r,r f v d i,seen alphabets,q k i d v f r h a l e b x c n w j p s t g z m o y u,20,reverse,5,out-of,i d v f h,0
163,nocopy_20,n o p q h s,m o p q h s t,s t u,h t u v,seen alphabets,a b c d x f g i r j k l m n o p q h s t u v w e y z,5,extend_pred,3,out-of,s t u v,0
164,nocopy_20,d l m,d l m f,k k n n c c e e y y,k k n n c c e e y y a a,unseen alphabets,k n c e y a g h i j d l m f o t q r s b u v w x p z,10,extend_group,5,out-of,k k b c c c n n y y x x,0
165,nocopy_20,d e a,d e a g,p q r s t u,p q r s t u v,unseen alphabets,f b c d e a g h i j k l m n o p q r s t u v w x y z,2,extend_sequence,6,in,p q r s t u v,1
166,nocopy_20,l w n o,l m n o p,l a n o p q z,l m n o p q z w,seen alphabets,h s r d e f g b i j k l m n o p q z w t c v y x a u,10,fix_extend,7,in,l m n o p q z w,1
167,nocopy_20,n o p q h s f,m o p q h s g,x o g i,d o g r,seen alphabets,a b c d x f g i r j k l m n o p q h s t u v w e y z,5,fix_pred_succ,4,out-of,x f g i,0
168,nocopy_20,z w t c,z w t c v,l m n,l m n o,seen alphabets,h s r d e f g b i j k l m n o p q z w t c v y x a u,10,extend_sequence,3,in,l m n o,1
169,nocopy_20,u u i i q q t t h h,u u i i q q t t h h v v,r r r k k k w w w n n n y y y s s s,r r r k k k w w w n n n y y y s s s o o o,seen alphabets,l d c b e f a z g r k w n y s o u i q t h v x p m j,20,extend_group,18,out-of,t t t h h h v v v w w w e e e y y y s s s,0
170,nocopy_20,w x y y,w x y,b t c t c t d t i,b t c t d t i,unseen alphabets,o b c d i f a h e j k l m n g p q r s t u v w x y z,5,rr_interleave,5,in,b t c t d t i,1
171,nocopy_20,k l m n,o p q r,m n o p q r s,t u v w x z y,seen alphabets,a b c d e f g h i j k l m n o p q r s t u v w x z y,2,shift,7,out-of,l n o p q r s,0
172,nocopy_20,u d e f,g h i m,h i m k,l r n o,seen alphabets,a b u d e f g h i m k l r n o p q c s t j v w x y z,5,shift,4,out-of,g i m k,0
173,nocopy_20,e q d w f,a q d w f,p h r s t u,o h r s t u,unseen alphabets,a e q d w f g b i j k m c n o p h r s t u z v x y l,10,pred,6,in,p q r s t u,0
174,nocopy_20,h r s t u z,h r s t u z v y,p h r s,p h r s t z,unseen alphabets,a e q d w f g b i j k m c n o p h r s t u z v x y l,10,extend_extend_succ,4,out-of,p q r s,0
175,nocopy_20,y j o,y j o y j o,m w f p,m w f p m w f p,unseen alphabets,x b c d e v g h i n k l m w f p q r s t u z a y j o,10,replicate,4,out-of,m n o p q,0
176,nocopy_20,p q o s t,t s o q p,y z,z y,seen alphabets,a b c u e v g h d k i l m j r p q o s t f n w x y z,10,reverse,2,out-of,x z,0
177,nocopy_20,w x y z,w x y z w x y z,l b n,l b n l b n,unseen alphabets,a m c d e f g h i j k l b n o p q r s t u v w x y z,2,replicate,3,out-of,l m n o,0
178,nocopy_20,h h h i i i j j j k k k l l l c c c,h h h i i i j j j k k k l l l c c c n n n,c c c n n n o o o p p p q q q r r r s s s,c c c n n n o o o p p p q q q r r r s s s t t t,seen alphabets,a b m d e f g h i j k l c n o p q r s t u v w x y z,2,extend_group,21,out-of,c c c n n n o o o p p p q q q h h h s s s,0
179,nocopy_20,d g f e e h,d g f e i,c d g f e e h,c d g f e i,seen alphabets,a b c d g f e h i j k l m n o p q r s t u v w x y z,2,rr_succ,7,in,c d g f e i,1
180,nocopy_20,h h i i e e k k b b f f a a,h h i i a a k k b b f f e e,s s s w w w,w w w s s s,seen alphabets,x l c v z t q h i a k b f e j o p r g y u d m n w s,20,sort_group,6,in,h h i i a a k k b b f f e e,0
181,nocopy_20,t u v r,t u v w,m n v p,m n o p,seen alphabets,a b c d e f g h i j k l m n o p q r s t u v w x z y,2,fix_alphabetic_seq,4,in,m n o p,1
182,nocopy_20,o p q,n p q c,k l r n o,m l r n o p,seen alphabets,a b u d e f g h i m k l r n o p q c s t j v w x y z,5,extend_pred,5,out-of,k l r n o p,0
183,nocopy_20,o p q h s,t u v w e,r j k l,m n o p,seen alphabets,a b c d x f g i r j k l m n o p q h s t u v w e y z,5,shift,4,out-of,r j k m,0
184,nocopy_20,g g l l v v e e k k h h m m,g g h h v v e e k k l l m m,l l k k e e m m,e e k k l l m m,seen alphabets,a b c z j f g h v e k l m n o p q x s t u i y w d r,10,sort_group,8,in,g g g h h h v v v e e e k k k l l l m m m,0
185,nocopy_20,f g h i j k,f g h i j l,h i j k l,h i j k m,seen alphabets,a z c d e f g h i j k l m n o p q r s t u v w x y b,2,succ,5,in,h i j k m,1
186,nocopy_20,c d a o g,c d a o g h,d a o g h x j,d a o g h x j b,seen alphabets,u n c d a o g h x j b l m k i p q r s t f v w e y z,10,extend_sequence,7,in,d a o g h x j b,1
187,nocopy_20,l z l z m z n z o z p z q z r,l z m z n z o z p z q z r,i u i u j u k u l u m,i u j u k u l u m,seen alphabets,a b c d g f e h i j k l m n o p q r s t u v w x y z,2,rr_interleave,11,in,l l l m m m n n n o o o p p p q q q r r r,0
188,nocopy_20,w m p s,b m p s z,c f n d j o,t f n d j o i,seen alphabets,a e c h x l g r q y k t f n d j o i w u v b m p s z,20,fix_extend,6,in,c n d j o i,0
189,nocopy_20,e f g h i j k,d f g h i j k l,l m n o p q r,k m n o p q r s,seen alphabets,a z c d e f g h i j k l m n o p q r s t u v w x y b,2,extend_pred,7,out-of,l m n o p q r s,0
190,nocopy_20,r c d e f g,a c d e f g,d e f g h i j,c e f g h i j,unseen alphabets,a r c d e f g h i j p l m n o b q y s t u v w x k z,5,pred,7,in,d e f g h i k,0
191,nocopy_20,h i j k l m,h i j k l m n,a a a c c c b b b v v v,a a a c c c b b b v v v d d d,unseen alphabets,a c b v d f g h i j k l m n o p q r s t u e w x y z,5,extend_group,4,out-of,a a a b b b c c c u u v e e,0
192,nocopy_20,v b m p s s,v b m p z,k t f f n,k t f d,seen alphabets,a e c h x l g r q y k t f n d j o i w u v b m p s z,20,rr_succ,5,in,k t f d,1
193,nocopy_20,d e f g,d e f g h,l t n o,l t n o p,unseen alphabets,a b c d e f g h i j k l t n o p q r s m u v w x y z,2,extend_sequence,4,in,l m n o p,0
194,nocopy_20,i i c f e d g h,i c d e f g h,b j b k l m,b j k l m,unseen alphabets,a i c d e f g h b j k l m n o p q r s t u v w x y z,2,rr_sort,6,out-of,b j k l m,1
195,nocopy_20,f e j o p r g,g r p o j e f,m n w s,s w n m,seen alphabets,x l c v z t q h i a k b f e j o p r g y u d m n w s,20,reverse,4,out-of,m n w s,0
196,nocopy_20,c l d t,p l d s,e v s q a x k,l v s q a x z,unseen alphabets,r d v i o f g m y b w n h u j p c l e t s q a x k z,20,fix_pred_succ,7,out-of,v x s l m k,0
197,nocopy_20,g i l i x i j,g i h i x i j,i h a h q,i h p h q,seen alphabets,u n c d a o g h x j b l m k i p q r s t f v w e y z,10,fix_interleave,5,out-of,h h i a,0
198,nocopy_20,a m w i l j y,s t d b o x e,d b o,x e z,unseen alphabets,u q h c p n r v g f k a m w i l j y s t d b o x e z,20,shift,3,out-of,d c b,0
199,nocopy_20,r r j j k k g g f f,r r j j k k g g f f q q,j j k k g g,j j k k g g f f,seen alphabets,m r j k g f q n i b h a w d o p v x s l c e y u t z,20,extend_group,6,out-of,g g f f q q n n i i j j k k,0
200,nocopy_20,d l m f e,d l m f o,t a k a r a s a b,t a q a r a s a b,unseen alphabets,k n c e y a g h i j d l m f o t q r s b u v w x p z,10,fix_interleave,5,out-of,r a k a t a u a v,0
201,nocopy_20,b q t n a v,b q t n c v o,b i t n c,b q t n c v,unseen alphabets,d s p a x f g h m i k e r z j u b q t n c v o w y l,20,fix_extend,5,in,b c t z e,0
202,nocopy_20,n o p y c s,r o p y c t,i a k l r n,h a k l r o,seen alphabets,a b u d e f g h i m k l r n o p q c s t j v w x y z,5,fix_pred_succ,6,out-of,i m k l r n,0
203,nocopy_20,h i a,h i a k f,f e j,f e j o r,seen alphabets,x l c v z t q h i a k b f e j o p r g y u d m n w s,20,extend_extend_succ,3,out-of,f e o,0
204,nocopy_20,z z z v v v,v v v z z z,t t s s r r,r r s s t t,seen alphabets,a h c d e f g b i y k l m n o p q r s t u j w x v z,5,sort_group,6,in,r r s s t t,1
205,nocopy_20,j b l m k i p,p i k m l b j,w e y,y e w,seen alphabets,u n c d a o g h x j b l m k i p q r s t f v w e y z,10,reverse,3,out-of,w e z,0
206,nocopy_20,j v w,u v w x,i b g h,e b g h i,unseen alphabets,a f c d e b g h i j k l m n o p q r s t u v w x y z,2,fix_extend,4,in,e f g h i,0
207,nocopy_20,g h h v e k l,g h v e k l,x s t u i i,x s t u i,seen alphabets,a b c z j f g h v e k l m n o p q x s t u i y w d r,10,remove_redundant,6,in,x s t u y,0
208,nocopy_20,r v t t d s,r s t d v,x x z y,x y z,seen alphabets,a b c u e f g h i j k l m n o p q r s t d v w x y z,2,rr_sort,4,out-of,x z y,0
209,nocopy_20,g m y b w n h,h n w b y m g,n h u j p,p j u h n,unseen alphabets,r d v i o f g m y b w n h u j p c l e t s q a x k z,20,reverse,5,out-of,n w j p,0
210,nocopy_20,d k i p q,m k i p q r,z l m k,b l m k i,seen alphabets,u n c d a o g h x j b l m k i p q r s t f v w e y z,10,fix_extend,4,in,b l m k i,1
211,nocopy_20,q k s t,q r s t,c u z,c u e,seen alphabets,a b c u e f g h i j k l m n o p q r s t d v w x y z,2,fix_alphabetic_seq,3,in,c u e,1
212,nocopy_20,b c d e f,b c d e f b c d e f,e f g h i j,e f g h i j e f g h i j,seen alphabets,a b c d e f g h i j k l m n o p q r s t u v w x y z,1,replicate,6,out-of,e f g h i j k,0
213,nocopy_20,j x g x l x m,j x k x l x m,e z q z r z s z t z u,p z q z r z s z t z u,seen alphabets,a z c d e f g h i j k l m n o p q r s t u v w x y b,2,fix_interleave,11,out-of,e z h z r z s z t z u,0
214,nocopy_20,n o p q r s s t,n o p q r s t,b b c u,b c u,seen alphabets,a b c u e f g h i j k l m n o p q r s t d v w x y z,2,remove_redundant,4,in,b c e,0
215,nocopy_20,g h i j k l,g h i j k l c o,a b m d e f,a b m d e f g i,seen alphabets,a b m d e f g h i j k l c n o p q r s t u v w x y z,2,extend_extend_succ,6,out-of,a b m d e g,0
216,nocopy_20,v o w o o,v o w o x,e p f p g p h p i p y,e p f p g p h p i p j,seen alphabets,a b c u e f g h i j k l m n o p q r s t d v w x y z,2,fix_interleave,11,out-of,e p f p g p h p i p y,0
217,nocopy_20,x f q n i,g f q n i b,k p v x s,o p v x s l,seen alphabets,m r j k g f q n i b h a w d o p v x s l c e y u t z,20,fix_extend,5,in,o p v x s l,1
218,nocopy_20,a s r d u,f g p i j,m n o h q,b c t z e,seen alphabets,a s r d u f g p i j k l m n o h q b c t z e w x y v,10,shift,5,out-of,l n o h q,0
219,nocopy_20,x z y,x z y x z y,e f g h i j,e f g h i j e f g h i j,seen alphabets,a b c d e f g h i j k l m n o p q r s t u v w x z y,2,replicate,6,out-of,e f g h i j k,0
220,nocopy_20,m n o,m n p,i j k l m n,i j k l m o,seen alphabets,a b c d g f e h i j k l m n o p q r s t u v w x y z,2,succ,6,in,h j k l m n,0
221,nocopy_20,v m k l e n o o,v e k l m n o,p s q x p t,p q x s t,seen alphabets,a b c z j f g h v e k l m n o p q x s t u i y w d r,10,rr_sort,6,out-of,p q x s t,1
222,nocopy_20,y b i,g b i,m k o p q z w,m n o p q z w,seen alphabets,h s r d e f g b i j k l m n o p q z w t c v y x a u,10,fix_alphabetic_seq,7,in,m n o p q z w,1
223,nocopy_20,z l m,g l y,h t c d,p t c e,unseen alphabets,q t c d e i p h b j k l m y o a f r s n u v w x g z,10,fix_pred_succ,4,out-of,a t c d,0
224,nocopy_20,q h i a k,q h i a k b e,b f e j,b f e j o r,seen alphabets,x l c v z t q h i a k b f e j o p r g y u d m n w s,20,extend_extend_succ,4,out-of,b f e o,0
225,nocopy_20,r j k,m j k,h a w d o,b a w d o,seen alphabets,m r j k g f q n i b h a w d o p v x s l c e y u t z,20,pred,5,in,b a w d o,1
226,nocopy_20,v w x y z,z y x w v,s t u v w x y,y x w v u t s,seen alphabets,a b c d e f g h i j k l m n o p q r s t u v w x y z,1,reverse,7,out-of,r t u v w x y,0
227,nocopy_20,k k k i i i y y y b b b l l l m m m,b b b i i i y y y k k k l l l m m m,f f d d e e c c g g b b,c c d d e e f f g g b b,seen alphabets,a h c d e f g b i y k l m n o p q r s t u j w x v z,5,sort_group,12,in,b b b c c c d d d e e e f f f g g g b b b,0
228,nocopy_20,j k l m n,j k l m n o q,t u v,t u v w y,unseen alphabets,a f c d e b g h i j k l m n o p q r s t u v w x y z,2,extend_extend_succ,3,out-of,t u w,0
229,nocopy_20,h r z t u s v,h r s t u z v,m m m k k k j j j c c c n n n,j j j k k k m m m c c c n n n,unseen alphabets,a e q d w f g b i j k m c n o p h r s t u z v x y l,10,sort_group,5,in,j j j k k k l l l m m m n n n,0
230,nocopy_20,k l m n o,k l m n o p,m n o p q r s,m n o p q r s t,unseen alphabets,a i c d e f g h b j k l m n o p q r s t u v w x y z,2,extend_sequence,7,in,m n o p q r s t,1
231,nocopy_20,p q c s t j,o q c s t j v,l r n o p,k r n o p q,seen alphabets,a b u d e f g h i m k l r n o p q c s t j v w x y z,5,extend_pred,5,out-of,l r n o p q,0
232,nocopy_20,j o i w u v b,j o i w u v b m s,h x l g r,h x l g r q k,seen alphabets,a e c h x l g r q y k t f n d j o i w u v b m p s z,20,extend_extend_succ,5,out-of,h x l g r q,0
233,nocopy_20,t u v w x,t u v w x t u v w x,k l m n o p q,k l m n o p q k l m n o p q,seen alphabets,a b c d g f e h i j k l m n o p q r s t u v w x y z,2,replicate,7,out-of,k l m n o p q r,0
234,nocopy_20,p a x y g h,s a x y g m,g s p a x,f s p a f,unseen alphabets,d s p a x f g h m i k e r z j u b q t n c v o w y l,20,fix_pred_succ,5,out-of,x a z g,0
235,nocopy_20,l m m n o p,l m n o p,j k k l m n,j k l m n,unseen alphabets,a i c d e f g h b j k l m n o p q r s t u v w x y z,2,remove_redundant,6,in,j k l m n,1
236,nocopy_20,m n o p q r s,l n o p q r s t,c d e b,f d e b g,unseen alphabets,a f c d e b g h i j k l m n o p q r s t u v w x y z,2,extend_pred,4,out-of,c d e f g,0
237,nocopy_20,k t f n d h o,k t f n d j o,c h z l g,c h x l g,seen alphabets,a e c h x l g r q y k t f n d j o i w u v b m p s z,20,fix_alphabetic_seq,5,in,c h x l g,1
238,nocopy_20,b t d,b c d,t u v w a,t u v w x,unseen alphabets,o b c d i f a h e j k l m n g p q r s t u v w x y z,5,fix_alphabetic_seq,5,in,t u v w x,1
239,nocopy_20,n o p p q,n o p x,j f g h h,j f g v,seen alphabets,a b c z j f g h v e k l m n o p q x s t u i y w d r,10,rr_succ,5,in,j f g v,1
240,nocopy_20,d i f f a h,d i f a h,o c o c b c c c d c i c f c a,o c b c c c d c i c f c a,unseen alphabets,o b c d i f a h e j k l m n g p q r s t u v w x y z,5,rr_interleave,8,in,o c d c c c f c g c b c i,0
241,nocopy_20,q c s t j v,p c s t j v,g h i m k l,f h i m k l,seen alphabets,a b u d e f g h i m k l r n o p q c s t j v w x y z,5,pred,6,in,f h i m k l,1
242,nocopy_20,s t f e,r t f w,e w m,u w n,unseen alphabets,a c b v d f g h i j k l m n o p q r s t u e w x y z,5,fix_pred_succ,3,out-of,e w x,0
243,nocopy_20,h r s t u,e r s t u v,o e h r s t u,n e h r s t u v,seen alphabets,a b c d q f g l i j k p m n o e h r s t u v w x y z,5,extend_pred,7,out-of,o e h r s t u v,0
244,nocopy_20,u u i y w,u i y d,u i i y,u i w,seen alphabets,a b c z j f g h v e k l m n o p q x s t u i y w d r,10,rr_succ,4,in,u i w,1
245,nocopy_20,m c j o p,m c n o p,s o t o u o z o i,s o t o u o z o v,unseen alphabets,a e q d w f g b i j k m c n o p h r s t u z v x y l,10,fix_interleave,5,out-of,s o t o u o i,0
246,nocopy_20,z c d e f a h,z c d e f g h,y g h i j k,f g h i j k,seen alphabets,a z c d e f g h i j k l m n o p q r s t u v w x y b,2,fix_alphabetic_seq,6,in,f g h i j k,1
247,nocopy_20,f e h,i j k,c d g f,e h i j,seen alphabets,a b c d g f e h i j k l m n o p q r s t u v w x y z,2,shift,4,out-of,c d g e,0
248,nocopy_20,t o z o e o e o w o x,t o z o e o w o x,s o r o r o d o u o f,s o r o d o u o f,seen alphabets,a s r d u f g p i j k l m n o h q b c t z e w x y v,10,rr_interleave,11,in,r o s o t o u o v o w o x,0
249,nocopy_20,r s t,r s t u,u v w x y,u v w x y z,seen alphabets,a b m d e f g h i j k l c n o p q r s t u v w x y z,2,extend_sequence,5,in,u v w x y b,0
250,nocopy_20,d g f e,c g f e h,s t u v,r t u v w,seen alphabets,a b c d g f e h i j k l m n o p q r s t u v w x y z,2,extend_pred,4,out-of,s t u v w,0
251,nocopy_20,l m n o p q r,k m n o p q r,r s t d v w,q s t d v w,seen alphabets,a b c u e f g h i j k l m n o p q r s t d v w x y z,2,pred,6,in,r s t d v x,0
252,nocopy_20,v w x,v w y,h b j k l m,h b j k l n,unseen alphabets,a i c d e f g h b j k l m n o p q r s t u v w x y z,2,succ,6,in,h i j k l m,0
253,nocopy_20,c u e f,c u e g,h i j k l,h i j k m,seen alphabets,a b c u e f g h i j k l m n o p q r s t d v w x y z,2,succ,5,in,h i j k m,1
254,nocopy_20,p h r t s,p h r s t,z z t t u u s s v v,s s t t u u z z v v,unseen alphabets,a e q d w f g b i j k m c n o p h r s t u z v x y l,10,sort_group,5,in,s s t t u u v v z z,0
255,nocopy_20,s t u v,v u t s,q f g l i j k,k j i l g f q,seen alphabets,a b c d q f g l i j k p m n o e h r s t u v w x y z,5,reverse,7,out-of,d f g l i j k,0
256,nocopy_20,m j r,r j m,y z,z y,seen alphabets,a b c u e v g h d k i l m j r p q o s t f n w x y z,10,reverse,2,out-of,x z,0
257,nocopy_20,m m n o p q s x,m n o p q x s,u r y y w d i,u i y w d r,seen alphabets,a b c z j f g h v e k l m n o p q x s t u i y w d r,10,rr_sort,7,out-of,u i y w d r,1
258,nocopy_20,c e y a a,c e y a,k k n c,k n c,unseen alphabets,k n c e y a g h i j d l m f o t q r s b u v w x p z,10,remove_redundant,4,in,k l c,0
259,nocopy_20,r q p,p q r,h h h k k k j j j i i i l l l m m m,h h h i i i j j j k k k l l l m m m,unseen alphabets,a c b v d f g h i j k l m n o p q r s t u e w x y z,5,sort_group,6,in,h h h i i i j j j k k k l l l m m m,1
260,nocopy_20,p h r t s,p h r s t,m m c c o o n n p p h h r r,m m c c n n o o p p h h r r,unseen alphabets,a e q d w f g b i j k m c n o p h r s t u z v x y l,10,sort_group,7,in,m m n n o o p p q q r r,0
261,nocopy_20,a g h i j d l,m f o t q r s,k n c e y a g,h i j d l m f,unseen alphabets,k n c e y a g h i j d l m f o t q r s b u v w x p z,10,shift,7,out-of,k n c d e y g,0
262,nocopy_20,k l m n n o p q,k l m n o p q,e f f g,e f g,seen alphabets,a b c d e f g h i j k l m n o p q r s t u v w x z y,2,remove_redundant,4,in,e f g,1
263,nocopy_20,f b c d e,f b c d a,h i j k l m,h i j k l n,unseen alphabets,f b c d e a g h i j k l m n o p q r s t u v w x y z,2,succ,6,in,g i j k l m,0
264,nocopy_20,w a h,h a w,q j k g f r,r j k g f q,seen alphabets,m r j k g f q n i b h a w d o p v x s l c e y u t z,20,sort,6,in,r j k g f q,1
265,nocopy_20,w n y s o u i,k n y s o u i,k w n y s,r w n y s,seen alphabets,l d c b e f a z g r k w n y s o u i q t h v x p m j,20,pred,5,in,r w n y s,1
266,nocopy_20,p q q r s,p q r s,c d i f f a h,c d i f a h,unseen alphabets,o b c d i f a h e j k l m n g p q r s t u v w x y z,5,remove_redundant,7,in,c d e f g h,0
267,nocopy_20,h c p n,q c p n,w i l j y s,m i l j y s,unseen alphabets,u q h c p n r v g f k a m w i l j y s t d b o x e z,20,pred,6,in,w i y k l,0
268,nocopy_20,q r s,p r s,y z,x z,seen alphabets,a b m d e f g h i j k l c n o p q r s t u v w x y z,2,pred,2,in,x z,1
269,nocopy_20,t t z u,t u z,s t t u z,s t u z,unseen alphabets,x b c d e v g h i n k l m w f p q r s t u z a y j o,10,rr_sort,5,out-of,s t u t z,0
270,nocopy_20,j f n n d t,t f n d j,w u w v,w u v,seen alphabets,a e c h x l g r q y k t f n d j o i w u v b m p s z,20,rr_sort,4,out-of,w u v,1
271,nocopy_20,x y z,z y x,l m j r p q,q p r j m l,seen alphabets,a b c u e v g h d k i l m j r p q o s t f n w x y z,10,reverse,6,out-of,i m j r p q,0
272,nocopy_20,m n o p q,l n o p q r,e f s h,d f s h i,unseen alphabets,g b c d e f s h i j y l m n o p q r k t u v w x a z,5,extend_pred,4,out-of,e f g h i,0
273,nocopy_20,i c d,i c d e g,j k l,j k l m o,unseen alphabets,a i c d e f g h b j k l m n o p q r s t u v w x y z,2,extend_extend_succ,3,out-of,i k l,0
274,nocopy_20,l m n o,k m n o p,p q r s t,o q r s t d,seen alphabets,a b c u e f g h i j k l m n o p q r s t d v w x y z,2,extend_pred,5,out-of,p q r s t u,0
275,nocopy_20,f o t q r s,m o t q r s b,b u v,s u v w,unseen alphabets,k n c e y a g h i j d l m f o t q r s b u v w x p z,10,extend_pred,3,out-of,t u v w,0
276,nocopy_20,l n m o p q,l m n o p q,d x i g f r,d x f g i r,seen alphabets,a b c d x f g i r j k l m n o p q h s t u v w e y z,5,sort,6,in,d x f g i r,1
277,nocopy_20,p k e r z j,i k e r z j,r e z e f e u,r e z e j e u,unseen alphabets,d s p a x f g h m i k e r z j u b q t n c v o w y l,20,fix_interleave,4,out-of,r e d e u e f e,0
278,nocopy_20,b i j s,b i j k,n w p,n o p,unseen alphabets,a e q d w f g b i j k m c n o p h r s t u z v x y l,10,fix_alphabetic_seq,3,in,n w s,0
279,nocopy_20,v z t q,v z t h,g y u d,g y u m,seen alphabets,x l c v z t q h i a k b f e j o p r g y u d m n w s,20,succ,4,in,r y u d,0
280,nocopy_20,p q r s t d v,p q r s t d w,h i j k l,h i j k m,seen alphabets,a b c u e f g h i j k l m n o p q r s t d v w x y z,2,succ,5,in,h i j k m,1
281,nocopy_20,u u j p c,u j p l,b b w n h,b w n u,unseen alphabets,r d v i o f g m y b w n h u j p c l e t s q a x k z,20,rr_succ,5,in,b w j,0
282,nocopy_20,i j k l l m n o,i j k l m n p,e f g b i i,e f g b j,seen alphabets,h s r d e f g b i j k l m n o p q z w t c v y x a u,10,rr_succ,6,in,e f g b j,1
283,nocopy_20,k o l o m o m o n o o,k o l o m o n o o,s d t d u d u d v d w,s d t d u d v d w,seen alphabets,a b c d x f g i r j k l m n o p q h s t u v w e y z,5,rr_interleave,11,in,d d o o s s t t u u v v w w,0
284,nocopy_20,n o p p,n o q,k t t u v,k t u w,unseen alphabets,g b c d e f s h i j y l m n o p q r k t u v w x a z,5,rr_succ,5,in,k t u c,0
285,nocopy_20,d e b g h,d e b g h i,f f f c c c d d d e e e b b b g g g,f f f c c c d d d e e e b b b g g g h h h,unseen alphabets,a f c d e b g h i j k l m n o p q r s t u v w x y z,2,extend_group,6,out-of,b b b c c c d d d e e e f f f g g g,0
286,nocopy_20,q r z,q r s,f g h i e k l,f g h i j k l,seen alphabets,a b c u e f g h i j k l m n o p q r s t d v w x y z,2,fix_alphabetic_seq,7,in,f g h i j k l,1
287,nocopy_20,f r h a l e,v r h a l e b,h a l e b x,r a l e b x c,seen alphabets,q k i d v f r h a l e b x c n w j p s t g z m o y u,20,extend_pred,6,out-of,h a l e b x c,0
288,nocopy_20,p s a x,s p a x,n t q c v o,q t n c v o,unseen alphabets,d s p a x f g h m i k e r z j u b q t n c v o w y l,20,sort,6,in,q t c v y,0
289,nocopy_20,v w x y z,z y x w v,b g h i j k,k j i h g b,unseen alphabets,a f c d e b g h i j k l m n o p q r s t u v w x y z,2,reverse,6,out-of,f g h i j k,0
290,nocopy_20,d o p v x,d o p v x d o p v x,c e y u t,c e y u t c e y u t,seen alphabets,m r j k g f q n i b h a w d o p v x s l c e y u t z,20,replicate,5,out-of,c e y u t z,0
291,nocopy_20,j j w w p p m m n n o o l l,j j w w l l m m n n o o p p,u u c c v v x x,u u v v c c x x,seen alphabets,a b g d e f s h i j w l m n o p q r k t u v c x y z,5,sort_group,8,in,w w w l l l m m m n n n o o o p p p q q q,0
292,nocopy_20,c d r f,c d e f,y i q r s t,o i q r s t,unseen alphabets,a y c d e f g h p b k l m n o i q r s t u v w x j z,5,fix_alphabetic_seq,6,in,p i q r s t,0
293,nocopy_20,n r v,g f k,q h c p n r v,g f k a m w i,unseen alphabets,u q h c p n r v g f k a m w i l j y s t d b o x e z,20,shift,7,out-of,q b c t z v,0
294,nocopy_20,p v x h m j,h v x p m j,r k n w,r k w n,seen alphabets,l d c b e f a z g r k w n y s o u i q t h v x p m j,20,sort,4,in,r k w n,1
295,nocopy_20,e j k g m,e j k l m,g k p k q k r k s k x,g k p k q k r k s k t,unseen alphabets,o b c d i f a h e j k l m n g p q r s t u v w x y z,5,fix_interleave,6,out-of,g k p k q k r k s k,0
296,nocopy_20,c d x f g i r,c d x f g i r j l,b c d x f,b c d x f g r,seen alphabets,a b c d x f g i r j k l m n o p q h s t u v w e y z,5,extend_extend_succ,5,out-of,b c d x f g,0
297,nocopy_20,r s t,f v w,l m k,i p q,seen alphabets,u n c d a o g h x j b l m k i p q r s t f v w e y z,10,shift,3,out-of,b m k,0
298,nocopy_20,j k k l m n,j k l m o,m n n o p q r,m n o p q s,unseen alphabets,a f c d e b g h i j k l m n o p q r s t u v w x y z,2,rr_succ,7,in,m n o p q s,1
299,nocopy_20,j y s t d b,j y s t d b o,f k a m,f k a m w,unseen alphabets,u q h c p n r v g f k a m w i l j y s t d b o x e z,20,extend_sequence,4,in,f a k b m,0
300,nocopy_20,l d c b e,l d c b e l d c b e,b e f a z,b e f a z b e f a z,seen alphabets,l d c b e f a z g r k w n y s o u i q t h v x p m j,20,replicate,5,out-of,b e f a z g,0
301,nocopy_20,m n o p q r s,s r q p o n m,s t d v w,w v d t s,seen alphabets,a b c u e f g h i j k l m n o p q r s t d v w x y z,2,reverse,5,out-of,r t d v w,0
302,nocopy_20,h i i j p l m n,h i j p l m o,h i j j p,h i j l,unseen alphabets,a r c d e f g h i j p l m n o b q y s t u v w x k z,5,rr_succ,5,in,h i j k,0
303,nocopy_20,g m h m i m j m k m k m l m m,g m h m i m j m k m l m m,b q b q c q u,b q c q u,seen alphabets,a b c u e f g h i j k l m n o p q r s t d v w x y z,2,rr_interleave,7,in,g m h m i m j m k m l m m m,0
304,nocopy_20,p b k l,p b k l m,d e f g,d e f g h,unseen alphabets,a y c d e f g h p b k l m n o i q r s t u v w x j z,5,extend_sequence,4,in,d e f g h,1
305,nocopy_20,a r c d,a r c d a r c d,f g h i,f g h i f g h i,unseen alphabets,a r c d e f g h i j p l m n o b q y s t u v w x k z,5,replicate,4,out-of,f g h i m,0
306,nocopy_20,h i j k k,h i j l,m n o p p,m n o q,unseen alphabets,a f c d e b g h i j k l m n o p q r s t u v w x y z,2,rr_succ,5,in,m n o q,1
307,nocopy_20,b c d,a c d e,q r s m u,p r s m u v,unseen alphabets,a b c d e f g h i j k l t n o p q r s m u v w x y z,2,extend_pred,5,out-of,q r s t u v,0
308,nocopy_20,y s k u i,n s k u q,r k w n y s q,g k w n y s t,seen alphabets,l d c b e f a z g r k w n y s o u i q t h v x p m j,20,fix_pred_succ,7,out-of,r k w n y s o,0
309,nocopy_20,m n o e h h,m n o e r,q f g l l i,q f g l j,seen alphabets,a b c d q f g l i j k p m n o e h r s t u v w x y z,5,rr_succ,6,in,q f g l j,1
310,nocopy_20,k g h i j b l,b g h i j k l,r q p s t,p q r s t,unseen alphabets,a f c d e b g h i j k l m n o p q r s t u v w x y z,2,sort,5,in,p q r s t,1
311,nocopy_20,m c n o p h,m c n o p h r,d d w w f f g g b b i i j j,d d w w f f g g b b i i j j k k,unseen alphabets,a e q d w f g b i j k m c n o p h r s t u z v x y l,10,extend_group,7,out-of,d d e e f f g g b b i i j j,0
312,nocopy_20,g h i j k,k j i h g,d e f g h,h g f e d,seen alphabets,a z c d e f g h i j k l m n o p q r s t u v w x y b,2,reverse,5,out-of,c e f g h,0
313,nocopy_20,q e s t,q o s t f,a b c u t,a b c u e v,seen alphabets,a b c u e v g h d k i l m j r p q o s t f n w x y z,10,fix_extend,5,in,a b c u e v,1
314,nocopy_20,z f v w e y z t,t f v w e y z,r f t s f v,r s t f v,seen alphabets,u n c d a o g h x j b l m k i p q r s t f v w e y z,10,rr_sort,6,out-of,r f s f t f v,0
315,nocopy_20,s o u i,y o u i,s o u i q t,y o u i q t,seen alphabets,l d c b e f a z g r k w n y s o u i q t h v x p m j,20,pred,6,in,y o u i q t,1
316,nocopy_20,p s b b u,p s b u,c w z w m w a w f w i w j w j,c w z w m w a w f w i w j,unseen alphabets,e d r c z m a f i j h y w l o g v p s b u q n x k t,20,rr_interleave,8,in,c w z w j w f w a w w w j,0
317,nocopy_20,r s t u v w x,q s t u v w x y,r s t u v,q s t u v w,unseen alphabets,o b c d i f a h e j k l m n g p q r s t u v w x y z,5,extend_pred,5,out-of,r s t u v w,0
318,nocopy_20,y s o,y s o y s o,t h v x p m j,t h v x p m j t h v x p m j,seen alphabets,l d c b e f a z g r k w n y s o u i q t h v x p m j,20,replicate,7,out-of,t h v x p m j b,0
319,nocopy_20,i d v f r h,k d v f r h a,m o y,z o y u,seen alphabets,q k i d v f r h a l e b x c n w j p s t g z m o y u,20,extend_pred,3,out-of,m o y u,0
320,nocopy_20,f e h i j k l,f e h i j k l m o,c d g,c d g f h,seen alphabets,a b c d g f e h i j k l m n o p q r s t u v w x y z,2,extend_extend_succ,3,out-of,c d g f,0
321,nocopy_20,f b q r,f p q r,f d e,c d e,unseen alphabets,x b c d e v g h i n k l m w f p q r s t u z a y j o,10,fix_alphabetic_seq,3,in,d e f,0
322,nocopy_20,n q p o r r,n o p q r,x x z y,x y z,seen alphabets,a b c d g f e h i j k l m n o p q r s t u v w x y z,2,rr_sort,4,out-of,x z y,0
323,nocopy_20,w w d o p v x s,w d o p v x s,p v x x,p v x,seen alphabets,m r j k g f q n i b h a w d o p v x s l c e y u t z,20,remove_redundant,4,in,p v x,1
324,nocopy_20,n o p q r i,n o p q r s t,p c d e,b c d e f,seen alphabets,a b c d e f g h i j k l m n o p q r s t u v w x z y,2,fix_extend,4,in,b c d e f,1
325,nocopy_20,r s s t u v w,r s t u v x,l m n o p q r r,l m n o p q s,seen alphabets,a z c d e f g h i j k l m n o p q r s t u v w x y b,2,rr_succ,8,in,l m n o p q r,0
326,nocopy_20,c d e i i p h,c d e i p h,y u o u a u a,y u o u a,unseen alphabets,q t c d e i p h b j k l m y o a f r s n u v w x g z,10,rr_interleave,4,in,y u o u a,1
327,nocopy_20,i i j k l,i j k l,n t o t p t p,n t o t p,unseen alphabets,a m c d e f g h i j k l b n o p q r s t u v w x y z,2,rr_interleave,4,in,n t o t p,1
328,nocopy_20,b c z e a,f c z e g,h i j k u m n,g i j k u m o,unseen alphabets,f b c d e a g h i j k l m n o p q r s t u v w x y z,2,fix_pred_succ,7,out-of,h i j k l m n,0
329,nocopy_20,o g h x j b,o g h x j l,d a o g h x,d a o g h j,seen alphabets,u n c d a o g h x j b l m k i p q r s t f v w e y z,10,succ,6,in,c a o g h x,0
330,nocopy_20,r c d e f g h,r c d e f g h i,e e e f f f g g g h h h i i i j j j,e e e f f f g g g h h h i i i j j j p p p,unseen alphabets,a r c d e f g h i j p l m n o b q y s t u v w x k z,5,extend_group,6,out-of,e e e f f f g g g h h h i i i j j j k k k,0
331,nocopy_20,b y c y d y q y f y v y l,b y c y d y q y f y g y l,v z b z x z y z z,v z w z x z y z z,seen alphabets,a b c d q f g l i j k p m n o e h r s t u v w x y z,5,fix_interleave,9,out-of,c y d y q y f y g y l y i y z,0
332,nocopy_20,k k n c e,k n c e,p h p h z,p h z,unseen alphabets,k n c e y a g h i j d l m f o t q r s b u v w x p z,10,rr_interleave,3,in,p h z,1
333,nocopy_20,c d e v a,c d e v g,c x d x e x v x a,c x d x e x v x g,unseen alphabets,x b c d e v g h i n k l m w f p q r s t u z a y j o,10,fix_interleave,5,out-of,c x d x e x f x a,0
334,nocopy_20,a b c z j f g,g f j z c b a,j f g h v,v h g f j,seen alphabets,a b c z j f g h v e k l m n o p q x s t u i y w d r,10,reverse,5,out-of,z f g h v,0
335,nocopy_20,o p q,x s t,h v e k l,m n o p q,seen alphabets,a b c z j f g h v e k l m n o p q x s t u i y w d r,10,shift,5,out-of,g v e k l,0
336,nocopy_20,x g z z,x g z,c v d v e v e,c v d v e,unseen alphabets,q t c d e i p h b j k l m y o a f r s n u v w x g z,10,rr_interleave,4,in,c v d v e,1
337,nocopy_20,o e h w,o e h r s,c d q g,c d q f g,seen alphabets,a b c d q f g l i j k p m n o e h r s t u v w x y z,5,fix_extend,4,in,c d q f g,1
338,nocopy_20,x c n w,x c n w j,l e b x c n,l e b x c n w,seen alphabets,q k i d v f r h a l e b x c n w j p s t g z m o y u,20,extend_sequence,6,in,l e b x c n w,1
339,nocopy_20,o p v x s,l c e y u,w d o p v x,s l c e y u,seen alphabets,m r j k g f q n i b h a w d o p v x s l c e y u t z,20,shift,6,out-of,a d o p v x,0
340,nocopy_20,d d d f f f e e e g g g,d d d e e e f f f g g g,t t t v v v u u u w w w x x x y y y,t t t u u u v v v w w w x x x y y y,seen alphabets,a b m d e f g h i j k l c n o p q r s t u v w x y z,2,sort_group,18,in,t t t u u u v v v w w w x x x y y y z z z,0
341,nocopy_20,f g h i,f g h i f g h i,o p q r s t u,o p q r s t u o p q r s t u,seen alphabets,a b c d e f g h i j k l m n o p q r s t u v w x y z,1,replicate,7,out-of,o p q r s t u v,0
342,nocopy_20,s t t g z m o,s t g z m o,f r r h a,f r h a,seen alphabets,q k i d v f r h a l e b x c n w j p s t g z m o y u,20,remove_redundant,5,in,f r h a,1
343,nocopy_20,t y u,g y u d,p r l,p r g y,seen alphabets,x l c v z t q h i a k b f e j o p r g y u d m n w s,20,fix_extend,3,in,p r g y,1
344,nocopy_20,p m n o e,k m n o e,b c d q f,a c d q f,seen alphabets,a b c d q f g l i j k p m n o e h r s t u v w x y z,5,pred,5,in,a c d q f,1
345,nocopy_20,r r s t u v w,r s t u v w,u v w x x y z,u v w x y z,unseen alphabets,a i c d e f g h b j k l m n o p q r s t u v w x y z,2,remove_redundant,7,in,u v w x y z,1
346,nocopy_20,k j l,j k l,h j i,h i j,seen alphabets,a b m d e f g h i j k l c n o p q r s t u v w x y z,2,sort,3,in,h i j,1
347,nocopy_20,o p p i c s t,o p i c s t,k n o p p i c,k n o p i c,unseen alphabets,a b m j e r g h q l f d k n o p i c s t u v w x y z,10,remove_redundant,7,in,k n o p q c,0
348,nocopy_20,d l f g,c l f i,z c d x f,y c d x g,seen alphabets,a b c d x f g i r j k l m n o p q h s t u v w e y z,5,fix_pred_succ,5,out-of,z c d x g,0
349,nocopy_20,k t,k t k t,c z m a f,c z m a f c z m a f,unseen alphabets,e d r c z m a f i j h y w l o g v p s b u q n x k t,20,replicate,5,out-of,c z j f g,0
350,nocopy_20,p l m n o o b q,p l m n o b q,q i y i y i s i t,q i y i s i t,unseen alphabets,a r c d e f g h i j p l m n o b q y s t u v w x k z,5,rr_interleave,5,in,q i y i s i t,1
351,nocopy_20,m y b w,g y b w n,d v i o f,r v i o f g,unseen alphabets,r d v i o f g m y b w n h u j p c l e t s q a x k z,20,extend_pred,5,out-of,d v f r h,0
352,nocopy_20,j e r g,j e r h,a b m j,a b m e,unseen alphabets,a b m j e r g h q l f d k n o p i c s t u v w x y z,10,succ,4,in,a b m r,0
353,nocopy_20,c d i,f a h,l m n g p,q r s t u,unseen alphabets,o b c d i f a h e j k l m n g p q r s t u v w x y z,5,shift,5,out-of,l m n o p,0
354,nocopy_20,d d d w w w v v v,d d d v v v w w w,c c u u e e g g f f h h i i,c c u u e e f f g g h h i i,seen alphabets,a b c u e f g h i j k l m n o p q r s t d v w x y z,2,sort_group,14,in,b c c c u c e e f f g g h h i i i i,0
355,nocopy_20,k l o m n m h q,k l m n o h q,m n h o q q,m n o h q,seen alphabets,a s r d u f g p i j k l m n o h q b c t z e w x y v,10,rr_sort,6,out-of,m n o h q,1
356,nocopy_20,s t u,s t u j,l m n,l m n o,seen alphabets,a h c d e f g b i y k l m n o p q r s t u j w x v z,5,extend_sequence,3,in,l m n o,1
357,nocopy_20,a m c d e f,a m c d e g,h i j k l b n,h i j k l b o,unseen alphabets,a m c d e f g h i j k l b n o p q r s t u v w x y z,2,succ,7,in,h i j k l m n,0
358,nocopy_20,m n g p q r u,m n g p q r s,k i l i y i n i g i p,k i l i m i n i g i p,unseen alphabets,o b c d i f a h e j k l m n g p q r s t u v w x y z,5,fix_interleave,6,out-of,k i l i c i n i o i p,0
359,nocopy_20,i p h,i p h b k,m y o a f r s,m y o a f r s n v,unseen alphabets,q t c d e i p h b j k l m y o a f r s n u v w x g z,10,extend_extend_succ,7,out-of,m n o p q r s,0
360,nocopy_20,f a h m i k e,f g h m i k e,g o m i k,g h m i k,unseen alphabets,d s p a x f g h m i k e r z j u b q t n c v o w y l,20,fix_alphabetic_seq,5,in,g h i m k,0
361,nocopy_20,b g f,f g b,l m p o n q r,l m n o p q r,seen alphabets,a h c d e f g b i y k l m n o p q r s t u j w x v z,5,sort,7,in,l m n o p q r,1
362,nocopy_20,l m n o p q,l m n o p x,s t u i,s t u y,seen alphabets,a b c z j f g h v e k l m n o p q x s t u i y w d r,10,succ,4,in,x t u i,0
363,nocopy_20,b q y s t u u v,b q y s t u w,f g g h i,f g h j,unseen alphabets,a r c d e f g h i j p l m n o b q y s t u v w x k z,5,rr_succ,5,in,f g h m,0
364,nocopy_20,b c d g f,e h i j k,l m n o p q,r s t u v w,seen alphabets,a b c d g f e h i j k l m n o p q r s t u v w x y z,2,shift,6,out-of,l m n o p r,0
365,nocopy_20,c w t c z v,z w t c v,v a x y a,v y x a,seen alphabets,h s r d e f g b i j k l m n o p q z w t c v y x a u,10,rr_sort,5,out-of,v y x a,1
366,nocopy_20,h x l g r q y,y q r g l x h,l g r q,q r g l,seen alphabets,a e c h x l g r q y k t f n d j o i w u v b m p s z,20,reverse,4,out-of,l g r y,0
367,nocopy_20,d e f s h i j,d e f s h i j d e f s h i j,e f s h i j,e f s h i j e f s h i j,unseen alphabets,g b c d e f s h i j y l m n o p q r k t u v w x a z,5,replicate,6,out-of,e e f f s s h h i i j j w,0
368,nocopy_20,y y z,y z,i j j k l,i j k l,unseen alphabets,a m c d e f g h i j k l b n o p q r s t u v w x y z,2,remove_redundant,5,in,i j k l,1
369,nocopy_20,s r d e f g b,h r d e f g b,p q z w t c v,o q z w t c v,seen alphabets,h s r d e f g b i j k l m n o p q z w t c v y x a u,10,pred,7,in,o q z w t c v,1
370,nocopy_20,g b c d,g b c d e,p q r k t u,p q r k t u v,unseen alphabets,g b c d e f s h i j y l m n o p q r k t u v w x a z,5,extend_sequence,6,in,p q r s t u j,0
371,nocopy_20,l u v b m p,x u v b m s,n d j r,f d j q,seen alphabets,a e c h x l g r q y k t f n d j o i w u v b m p s z,20,fix_pred_succ,4,out-of,n d j i,0
372,nocopy_20,o a q r s,o p q r s t,l b n r p,l b n o p q,unseen alphabets,a m c d e f g h i j k l b n o p q r s t u v w x y z,2,fix_extend,5,in,l m n o p q,0
373,nocopy_20,k l m n o p q,r s t u v w x,g h b j k l,m n o p q r,unseen alphabets,a i c d e f g h b j k l m n o p q r s t u v w x y z,2,shift,6,out-of,g h i j k l,0
374,nocopy_20,v x p,p x v,x p m,m p x,seen alphabets,l d c b e f a z g r k w n y s o u i q t h v x p m j,20,reverse,3,out-of,v p m,0
375,nocopy_20,j j k k n n m m p p,j j k k p p m m n n,g g k k i i j j l l,g g l l i i j j k k,seen alphabets,a b c d q f g l i j k p m n o e h r s t u v w x y z,5,sort_group,10,in,g g l l i i j j k k p p m m,0
376,nocopy_20,i y k,b y k,e f g b i y k,d f g b i y k,seen alphabets,a h c d e f g b i y k l m n o p q r s t u j w x v z,5,pred,7,in,e f g b i y l,0
377,nocopy_20,o p q r k m,o p q r s m,o n p n q n r n s n m n w,o n p n q n r n s n m n u,unseen alphabets,a b c d e f g h i j k l t n o p q r s m u v w x y z,2,fix_interleave,7,out-of,o n p n q n r n s n t n w,0
378,nocopy_20,j f g h v,z f g h v e,h v e k l,g v e k l m,seen alphabets,a b c z j f g h v e k l m n o p q x s t u i y w d r,10,extend_pred,5,out-of,h v e k l m,0
379,nocopy_20,c d e f,c d e f g,l m n o,l m n o p,unseen alphabets,a i c d e f g h b j k l m n o p q r s t u v w x y z,2,extend_sequence,4,in,l m n o p,1
380,nocopy_20,i n k l m w,i n k l m w f q,n k l m w f,n k l m w f p r,unseen alphabets,x b c d e v g h i n k l m w f p q r s t u z a y j o,10,extend_extend_succ,6,out-of,k i l m n o,0
381,nocopy_20,l l m l n l o l p l b,l l m l n l o l p l q,f l e l k,v l e l k,seen alphabets,a b c z j f g h v e k l m n o p q x s t u i y w d r,10,fix_interleave,5,out-of,o l p l q l r l k,0
382,nocopy_20,w e y,w x y,b c d a f g,b c d e f g,unseen alphabets,a b c d e f g h i j k l t n o p q r s m u v w x y z,2,fix_alphabetic_seq,6,in,a b c d g f g,0
383,nocopy_20,o h i j,g h i j p,y s z,y s t u,unseen alphabets,a r c d e f g h i j p l m n o b q y s t u v w x k z,5,fix_extend,3,in,y z d d,0
384,nocopy_20,j k l m n o,p q r s t u,l m n,o p q,unseen alphabets,a f c d e b g h i j k l m n o p q r s t u v w x y z,2,shift,3,out-of,l m o,0
385,nocopy_20,e f g h i j,d f g h i j,c d e f g h i,b d e f g h i,seen alphabets,a b c d e f g h i j k l m n o p q r s t u v w x y z,1,pred,7,in,b d e f g h i,1
386,nocopy_20,d d d j j j i i i o o o,d d d j j j o o o i i i,x x x l l l r r r g g g,x x x l l l g g g r r r,seen alphabets,a e c h x l g r q y k t f n d j o i w u v b m p s z,20,sort_group,12,in,j j j o o o i i i l l l m m g j j j r r r,0
387,nocopy_20,r h y l e b x,f h y l e b c,e r h a l,l r h a e,seen alphabets,q k i d v f r h a l e b x c n w j p s t g z m o y u,20,fix_pred_succ,5,out-of,v r h a l,0
388,nocopy_20,l p g v o s b,l o g v p s b,b b t t q q n n x x k k u u,b b u u q q n n x x k k t t,unseen alphabets,e d r c z m a f i j h y w l o g v p s b u q n x k t,20,sort_group,7,in,b b g k t t q q n n i x,0
389,nocopy_20,e s i j k,e s i j k n,a a c c h h u u v v,a a c c h h u u v v d d,unseen alphabets,x r l b g t e s i j k n m w f p a c h u v d o y q z,20,extend_group,5,out-of,a a h h c c u u e v v v g,0
390,nocopy_20,s i t i u i i i y i w i f,s i t i u i i i y i w i d,f l e l k,v l e l k,seen alphabets,a b c z j f g h v e k l m n o p q x s t u i y w d r,10,fix_interleave,5,out-of,t i u i i i y i w i d i r,0
391,nocopy_20,g b i f k l,f b i f k m,e x g,d x b,seen alphabets,a h c d e f g b i y k l m n o p q r s t u j w x v z,5,fix_pred_succ,3,out-of,e f g,0
392,nocopy_20,r g h q l f,d k n o p i,a b m j e,r g h q l,unseen alphabets,a b m j e r g h q l f d k n o p i c s t u v w x y z,10,shift,5,out-of,a b m d e,0
393,nocopy_20,d m n,u m n,r g y,p g y,seen alphabets,x l c v z t q h i a k b f e j o p r g y u d m n w s,20,pred,3,in,r g u,0
394,nocopy_20,e f g h p b k,e f g h p b k e f g h p b k,l m n o i q r,l m n o i q r l m n o i q r,unseen alphabets,a y c d e f g h p b k l m n o i q r s t u v w x j z,5,replicate,7,out-of,f g h i m k l r n o o p q q,0
395,nocopy_20,t t u v,t u w,i j k l b b n o,i j k l b n p,unseen alphabets,a m c d e f g h i j k l b n o p q r s t u v w x y z,2,rr_succ,8,in,i j k l m n o,0
396,nocopy_20,s t f,o t f n,v g h d k i l,e g h d k i l m,seen alphabets,a b c u e v g h d k i l m j r p q o s t f n w x y z,10,extend_pred,7,out-of,v g h d k i l m,0
397,nocopy_20,f b c d,f b c d e,h h h i i i j j j,h h h i i i j j j k k k,unseen alphabets,f b c d e a g h i j k l m n o p q r s t u v w x y z,2,extend_group,3,out-of,h h i i j j k k,0
398,nocopy_20,w x p,v x q,l b n o k,k b n o l,unseen alphabets,a m c d e f g h i j k l b n o p q r s t u v w x y z,2,fix_pred_succ,5,out-of,l m n o,0
399,nocopy_20,g h q,g h l,m j e r g h,m j e r g q,unseen alphabets,a b m j e r g h q l f d k n o p i c s t u v w x y z,10,succ,6,in,m j f g h,0
400,nocopy_20,p p q h,p q s,m n n o p q,m n o p h,seen alphabets,a b c d x f g i r j k l m n o p q h s t u v w e y z,5,rr_succ,6,in,m n o p q,0
401,nocopy_20,b o l,p o m,p m k,h m l,unseen alphabets,a y c d e f g h p b k l m n o i q r s t u v w x j z,5,fix_pred_succ,3,out-of,k p m,0
402,nocopy_20,q q x x s s t t u u,q q x x s s t t u u i i,f f g g h h v v e e,f f g g h h v v e e k k,seen alphabets,a b c z j f g h v e k l m n o p q x s t u i y w d r,10,extend_group,10,out-of,s s t t u u i i y y w w d d,0
403,nocopy_20,h d v d k d p,h d v d x d p,d g z g b g e g f,d g c g b g e g f,seen alphabets,l d c b e f a z g r k w n y s o u i q t h v x p m j,20,fix_interleave,9,out-of,b g g g d g e g f,0
404,nocopy_20,m n o,m n p,p q r k t u,p q r k t v,unseen alphabets,g b c d e f s h i j y l m n o p q r k t u v w x a z,5,succ,6,in,o q r k t u,0
405,nocopy_20,t u r,t u v,c b m j e r,a b m j e r,unseen alphabets,a b m j e r g h q l f d k n o p i c s t u v w x y z,10,fix_alphabetic_seq,6,in,b c z j f,0
406,nocopy_20,a f r r s n u,a f r s n v,t c c d e i,t c d e p,unseen alphabets,q t c d e i p h b j k l m y o a f r s n u v w x g z,10,rr_succ,6,in,t c d e f,0
407,nocopy_20,l e b x c c n w,l e b x c n j,d d v f r h a l,d v f r h a e,seen alphabets,q k i d v f r h a l e b x c n w j p s t g z m o y u,20,rr_succ,8,in,d v f r h a l,0
408,nocopy_20,l h n,l m n,p w x,v w x,unseen alphabets,a f c d e b g h i j k l m n o p q r s t u v w x y z,2,fix_alphabetic_seq,3,in,z w x,0
409,nocopy_20,p h i j g l m,g h i j p l m,c c c r r r d d d e e e,r r r c c c d d d e e e,unseen alphabets,a r c d e f g h i j p l m n o b q y s t u v w x k z,5,sort_group,4,in,r r c d d d e e e,0
410,nocopy_20,i i j p,i j p,p v l v m v n v o v o v b v q,p v l v m v n v o v b v q,unseen alphabets,a r c d e f g h i j p l m n o b q y s t u v w x k z,5,rr_interleave,8,in,p v m v n v o v h v q,0
411,nocopy_20,d v f r,d v f r d v f r,z m o y u,z m o y u z m o y u,seen alphabets,q k i d v f r h a l e b x c n w j p s t g z m o y u,20,replicate,5,out-of,z m o y u t,0
412,nocopy_20,f c d e b g h,f c d e b g h f c d e b g h,t u v w,t u v w t u v w,unseen alphabets,a f c d e b g h i j k l m n o p q r s t u v w x y z,2,replicate,4,out-of,c d e f g h i j,0
413,nocopy_20,q s r s r s s,q s r s s,j w j w k w l w m w n w o w p,j w k w l w m w n w o w p,seen alphabets,a b c d e f g h i j k l m n o p q r s t u v w x y z,1,rr_interleave,15,in,j w k w l w m w n w o w p,1
414,nocopy_20,g l i j k p,m n o e h r,j k p m n o,e h r s t u,seen alphabets,a b c d q f g l i j k p m n o e h r s t u v w x y z,5,shift,6,out-of,i k p m n o,0
415,nocopy_20,q f g l i,q f g l i j,r s t,r s t u,seen alphabets,a b c d q f g l i j k p m n o e h r s t u v w x y z,5,extend_sequence,3,in,r s t u,1
416,nocopy_20,e u t,t u e,g g d d f f v v h h i i,v v d d f f g g h h i i,unseen alphabets,a c b v d f g h i j k l m n o p q r s t u e w x y z,5,sort_group,6,in,d d g g f f e e h h i i,0
417,nocopy_20,r s t u v w x,q s t u v w x,f a h,i a h,unseen alphabets,o b c d i f a h e j k l m n g p q r s t u v w x y z,5,pred,3,in,f g h,0
418,nocopy_20,a i h g j,a g h i j,e e a a g g i i h h j j,e e a a g g h h i i j j,unseen alphabets,f b c d e a g h i j k l m n o p q r s t u v w x y z,2,sort_group,6,in,e e f f g g h h i i j j,0
419,nocopy_20,l t r o p,l t n o p q,a b m d e,a b c d e f,unseen alphabets,a b c d e f g h i j k l t n o p q r s m u v w x y z,2,fix_extend,5,in,a b m d e f,0
420,nocopy_20,b c d e v g,h i n k l m,m w f p q r s,t u z a y j o,unseen alphabets,x b c d e v g h i n k l m w f p q r s t u z a y j o,10,shift,7,out-of,m j r p q o s,0
421,nocopy_20,s r q,q r s,f f f q q q p p p r r r s s s t t t u u u,f f f p p p q q q r r r s s s t t t u u u,unseen alphabets,x b c d e v g h i n k l m w f p q r s t u z a y j o,10,sort_group,7,in,p p p q q q r r r s s s t t t u u u,0
422,nocopy_20,j b b l m k i,j b l m k p,c d a a o,c d a g,seen alphabets,u n c d a o g h x j b l m k i p q r s t f v w e y z,10,rr_succ,5,in,c d a g,1
423,nocopy_20,t u v,t u w,h i j k l m,h i j k l n,unseen alphabets,f b c d e a g h i j k l m n o p q r s t u v w x y z,2,succ,6,in,g i j k l m,0
424,nocopy_20,d d e i p,d e i p,t x t x c x d x e,t x c x d x e,unseen alphabets,q t c d e i p h b j k l m y o a f r s n u v w x g z,10,rr_interleave,5,in,t x c x d x e,1
425,nocopy_20,e q d q w,e q d w,s u t u z v x y,s t u z v x y,unseen alphabets,a e q d w f g b i j k m c n o p h r s t u z v x y l,10,rr_sort,8,out-of,s u t u u v w,0
426,nocopy_20,z y,x y,f g h i,e g h i,seen alphabets,a b c d e f g h i j k l m n o p q r s t u v w x z y,2,pred,4,in,e g h i,1
427,nocopy_20,k n m w f p a,k n m w f p a c,o o y y q q,o o y y q q z z,unseen alphabets,x r l b g t e s i j k n m w f p a c h u v d o y q z,20,extend_group,3,out-of,o o y y q x,0
428,nocopy_20,s t u v,w e y z,r j k l,m n o p,seen alphabets,a b c d x f g i r j k l m n o p q h s t u v w e y z,5,shift,4,out-of,r j k m,0
429,nocopy_20,z v x y l l,z v x y l,x x y l,x y l,unseen alphabets,a e q d w f g b i j k m c n o p h r s t u z v x y l,10,remove_redundant,4,in,x y l,1
430,nocopy_20,b d c l b e f a,l d c b e f a,p p j m,p m j,seen alphabets,l d c b e f a z g r k w n y s o u i q t h v x p m j,20,rr_sort,4,out-of,p m j,1
431,nocopy_20,q r s t,p r s t,t u v w x y,s u v w x y,unseen alphabets,o b c d i f a h e j k l m n g p q r s t u v w x y z,5,pred,6,in,s u v w x y,1
432,nocopy_20,a b c d q,a b c d q f,u v w x y,u v w x y z,seen alphabets,a b c d q f g l i j k p m n o e h r s t u v w x y z,5,extend_sequence,5,in,u v w x y b,0
433,nocopy_20,s t u z v x,s t u z v x s t u z v x,m c n o p,m c n o p m c n o p,unseen alphabets,a e q d w f g b i j k m c n o p h r s t u z v x y l,10,replicate,5,out-of,z e w x c n o p q,0
434,nocopy_20,f c d e b,f c d e g,c d e b g,c d e b h,unseen alphabets,a f c d e b g h i j k l m n o p q r s t u v w x y z,2,succ,5,in,c d e f g,0
435,nocopy_20,j p c l e t s,u p c l e t s,w n h u,b n h u,unseen alphabets,r d v i o f g m y b w n h u j p c l e t s q a x k z,20,pred,4,in,u n w h,0
436,nocopy_20,r s t u j w x,r s t u v w x j,k l m v,k l m n o,unseen alphabets,a y c d e f g h p b k l m n o i q r s t u v w x j z,5,fix_extend,4,in,k l m n o,1
437,nocopy_20,c u e f,c u e f c u e f,p q r s,p q r s p q r s,seen alphabets,a b c u e f g h i j k l m n o p q r s t d v w x y z,2,replicate,4,out-of,p q r s t,0
438,nocopy_20,b c d,b c d x g,i r j k,i r j k l n,seen alphabets,a b c d x f g i r j k l m n o p q h s t u v w e y z,5,extend_extend_succ,4,out-of,i r j l,0
439,nocopy_20,c h u v v,c h u v,h e u e v e v,h e u e v,unseen alphabets,x r l b g t e s i j k n m w f p a c h u v d o y q z,20,rr_interleave,4,in,h e u e v,1
440,nocopy_20,v n o p q r,m n o p q r k,o b q r,o p q r k,unseen alphabets,g b c d e f s h i j y l m n o p q r k t u v w x a z,5,fix_extend,4,in,o p q r s,0
441,nocopy_20,n g p,n g p n g p,f a h e j k l,f a h e j k l f a h e j k l,unseen alphabets,o b c d i f a h e j k l m n g p q r s t u v w x y z,5,replicate,7,out-of,f e h i j k l m,0
442,nocopy_20,a c w i l j,a m w i l j,u a m,k a m,unseen alphabets,u q h c p n r v g f k a m w i l j y s t d b o x e z,20,fix_alphabetic_seq,3,in,u d m,0
443,nocopy_20,g m y,g m y g m y,t s q a x k,t s q a x k t s q a x k,unseen alphabets,r d v i o f g m y b w n h u j p c l e t s q a x k z,20,replicate,6,out-of,t q h i a k b,0
444,nocopy_20,f m p,f g p i,t z e k,t z e w x,seen alphabets,a s r d u f g p i j k l m n o h q b c t z e w x y v,10,fix_extend,4,in,t z e w x,1
445,nocopy_20,m n o p,m n o q,d g f e h i j,d g f e h i k,seen alphabets,a b c d g f e h i j k l m n o p q r s t u v w x y z,2,succ,7,in,d e f g h i j,0
446,nocopy_20,z j f g h,z j f g h v,u i y w d,u i y w d r,seen alphabets,a b c z j f g h v e k l m n o p q x s t u i y w d r,10,extend_sequence,5,in,u i y w d r,1
447,nocopy_20,l m n o p q,l m n o p q r,k k k l l l m m m n n n o o o,k k k l l l m m m n n n o o o p p p,unseen alphabets,f b c d e a g h i j k l m n o p q r s t u v w x y z,2,extend_group,5,out-of,k k k l l l m m m n n n o o o,0
448,nocopy_20,e f s h i j,e f s h i j y m,h i j y,h i j y l n,unseen alphabets,g b c d e f s h i j y l m n o p q r k t u v w x a z,5,extend_extend_succ,4,out-of,h i j k,0
449,nocopy_20,n o p h r,r h p o n,t u z v,v z u t,unseen alphabets,a e q d w f g b i j k m c n o p h r s t u z v x y l,10,reverse,4,out-of,t u v,0
450,nocopy_20,h i j k l m,h i j k l n,j k l m n o,j k l m n p,seen alphabets,a b c d e f g h i j k l m n o p q r s t u v w x z y,2,succ,6,in,i k l m n o,0
451,nocopy_20,j r h,j r p,d k i h m j,d k i l m j,seen alphabets,a b c u e v g h d k i l m j r p q o s t f n w x y z,10,fix_alphabetic_seq,6,in,d k i l m j,1
452,nocopy_20,a o c d,a z c d e,j k g m,j k l m n,seen alphabets,a z c d e f g h i j k l m n o p q r s t u v w x y b,2,fix_extend,4,in,j k l m n,1
453,nocopy_20,a m a z f i,z m a f i,v p b s s u,v p s b u,unseen alphabets,e d r c z m a f i j h y w l o g v p s b u q n x k t,20,rr_sort,6,out-of,v p s t u,0
454,nocopy_20,m j e r,b j e r,o p i c s,n p i c s,unseen alphabets,a b m j e r g h q l f d k n o p i c s t u v w x y z,10,pred,5,in,o p q c s,0
455,nocopy_20,p m n o,k m n o,b c d q f,a c d q f,seen alphabets,a b c d q f g l i j k p m n o e h r s t u v w x y z,5,pred,5,in,a c d q f,1
456,nocopy_20,r s t u i w,r s t u v w x,f t h i,f e h i j,seen alphabets,a b c d g f e h i j k l m n o p q r s t u v w x y z,2,fix_extend,4,in,f g h i j,0
457,nocopy_20,l r n o p q c,l r n o p q c s j,i m k,i m k l n,seen alphabets,a b u d e f g h i m k l r n o p q c s t j v w x y z,5,extend_extend_succ,3,out-of,i m k l,0
458,nocopy_20,f k a m i w,f k a m w i,p c h n r v,h c p n r v,unseen alphabets,u q h c p n r v g f k a m w i l j y s t d b o x e z,20,sort,6,in,p v c h r s,0
459,nocopy_20,s c u z v x y,s t u z v x y,a a f a g a b,w a f a g a b,unseen alphabets,a e q d w f g b i j k m c n o p h r s t u z v x y l,10,fix_interleave,4,out-of,a a b a f a g a b,0
460,nocopy_20,c d g f,c d g f e i,e h i j,e h i j k m,seen alphabets,a b c d g f e h i j k l m n o p q r s t u v w x y z,2,extend_extend_succ,4,out-of,e h i k,0
461,nocopy_20,w x v,j x v,b i y k l m,g i y k l m,seen alphabets,a h c d e f g b i y k l m n o p q r s t u j w x v z,5,pred,6,in,g i y k l m,1
462,nocopy_20,d d e e b b c c f f a a z z,d d c c b b e e f f a a z z,n n y y q q o o u u i i s s,n n y y s s o o u u i i q q,seen alphabets,l d c b e f a z g r k w n y s o u i q t h v x p m j,20,sort_group,14,in,d d d c c c b b b e e e f f f a a a z z z,0
463,nocopy_20,v w x y s,v w x y z,f h i,g h i,seen alphabets,a b c u e f g h i j k l m n o p q r s t d v w x y z,2,fix_alphabetic_seq,3,in,f g h i,0
464,nocopy_20,h u v u e u k u k u l,h u v u e u k u l,j b f b g b h b h b v,j b f b g b h b v,seen alphabets,a b c z j f g h v e k l m n o p q x s t u i y w d r,10,rr_interleave,11,in,j j b b l l m m k k i i b b,0
465,nocopy_20,c m x m y m h,c m x m y m z,v v c v f,v v c v x,seen alphabets,a b g d e f s h i j w l m n o p q r k t u v c x y z,5,fix_interleave,5,out-of,c c v v f f,0
466,nocopy_20,u v w x,u v w x z,l m n,l m n o,seen alphabets,a b c d e f g h i j k l m n o p q r s t u v w x z y,2,extend_sequence,3,in,l m n o,1
467,nocopy_20,x y l,l y x,p h r,r h p,unseen alphabets,a e q d w f g b i j k m c n o p h r s t u z v x y l,10,reverse,3,out-of,p q r,0
468,nocopy_20,g h i j k,a h i j k l,c d e,b d e a,unseen alphabets,f b c d e a g h i j k l m n o p q r s t u v w x y z,2,extend_pred,3,out-of,c d e f,0
469,nocopy_20,l e m e k,l e m e n,b l c l x l e l f l g l h,b l c l d l e l f l g l h,seen alphabets,a b c d e f g h i j k l m n o p q r s t u v w x y z,1,fix_interleave,13,out-of,b l c l d l e l f l g l h,1
470,nocopy_20,n o p q r k t,t k r q p o n,e f s,s f e,unseen alphabets,g b c d e f s h i j y l m n o p q r k t u v w x a z,5,reverse,3,out-of,e f h,0
471,nocopy_20,p q r s t u j,j u t s r q p,b i y k l m,m l k y i b,seen alphabets,a h c d e f g b i y k l m n o p q r s t u j w x v z,5,reverse,6,out-of,b i y k l n,0
472,nocopy_20,g b c a e f,g b c d e f,k q r,p q r,unseen alphabets,g b c d e f s h i j y l m n o p q r k t u v w x a z,5,fix_alphabetic_seq,3,in,p q r,1
473,nocopy_20,y k l m n n o,y k l m n o,o o p q,o p q,seen alphabets,a h c d e f g b i y k l m n o p q r s t u j w x v z,5,remove_redundant,4,in,o p r,0
474,nocopy_20,j k l m n o,j k l m n o j k l m n o,i r j k,i r j k i r j k,seen alphabets,a b c d x f g i r j k l m n o p q h s t u v w e y z,5,replicate,4,out-of,m n o p q r s t,0
475,nocopy_20,v d z y q o,v d o y q z,m w a p f,m w f p a,unseen alphabets,x r l b g t e s i j k n m w f p a c h u v d o y q z,20,sort,5,in,f a w p m,0
476,nocopy_20,p a r,p q r,a k l m,j k l m,seen alphabets,a b c d e f g h i j k l m n o p q r s t u v w x y z,1,fix_alphabetic_seq,4,in,j k l m,1
477,nocopy_20,l b g,r b g t,w f p a c,m f p a c h,unseen alphabets,x r l b g t e s i j k n m w f p a c h u v d o y q z,20,extend_pred,5,out-of,w j p s t,0
478,nocopy_20,g v e,e v g,k k k l l l m m m p p p f f f w w w q q q,k k k l l l m m m w w w f f f p p p q q q,unseen alphabets,x b c d e v g h i n k l m w f p q r s t u z a y j o,10,sort_group,7,in,k k k l l l m m m n n n o o o p p p q q q,0
479,nocopy_20,i l m j r p q,i l m j r p o,n w x,n w y,seen alphabets,a b c u e v g h d k i l m j r p q o s t f n w x y z,10,succ,3,in,f w x,0
480,nocopy_20,n u v,w x g,o a f r s,n u v w x,unseen alphabets,q t c d e i p h b j k l m y o a f r s n u v w x g z,10,shift,5,out-of,o s t f n,0
481,nocopy_20,m n w,m n w m n w,o p r g y u,o p r g y u o p r g y u,seen alphabets,x l c v z t q h i a k b f e j o p r g y u d m n w s,20,replicate,6,out-of,o p r g y u d,0
482,nocopy_20,t u u j w x v,t u j w x z,d e e f g b i y,d e f g b i k,seen alphabets,a h c d e f g b i y k l m n o p q r s t u j w x v z,5,rr_succ,8,in,d e f g b i k,1
483,nocopy_20,c m o p q,c n o p q r,i x y,w x y z,seen alphabets,a b m d e f g h i j k l c n o p q r s t u v w x y z,2,fix_extend,3,in,w x y z,1
484,nocopy_20,o e f,d e f,c k o k e k f k g,c k d k e k f k g,unseen alphabets,a m c d e f g h i j k l b n o p q r s t u v w x y z,2,fix_interleave,5,out-of,c k d k e k f k g,1
485,nocopy_20,d e f g h,d e f g h p k,i q r,i q r s u,unseen alphabets,a y c d e f g h p b k l m n o i q r s t u v w x j z,5,extend_extend_succ,3,out-of,p q r s,0
486,nocopy_20,p v x s l c,o v x s l c,q n i b h,f n i b h,seen alphabets,m r j k g f q n i b h a w d o p v x s l c e y u t z,20,pred,5,in,f n i b h,1
487,nocopy_20,o s t f n w x,q s t f n w x,b c u e v g h,a c u e v g h,seen alphabets,a b c u e v g h d k i l m j r p q o s t f n w x y z,10,pred,7,in,b c u e v g d,0
488,nocopy_20,v v i o f,v i o f,h u h u u u j,h u u u j,unseen alphabets,r d v i o f g m y b w n h u j p c l e t s q a x k z,20,rr_interleave,4,in,h u u u j,1
489,nocopy_20,h i k j,h i j k,w w w u u u e e e t t t x x x,t t t u u u e e e w w w x x x,unseen alphabets,a c b v d f g h i j k l m n o p q r s t u e w x y z,5,sort_group,5,in,t t t u u u v v v w w w x x x,0
490,nocopy_20,n o e h,m o e h,u v w x,t v w x,seen alphabets,a b c d q f g l i j k p m n o e h r s t u v w x y z,5,pred,4,in,t v w x,1
491,nocopy_20,g f q t i b,g f q n i b,r j c g,r j k g,seen alphabets,m r j k g f q n i b h a w d o p v x s l c e y u t z,20,fix_alphabetic_seq,4,in,r j k g,1
492,nocopy_20,f f a k e j h,f a h e j k,p q v s s t u r,p q r s t u v,unseen alphabets,o b c d i f a h e j k l m n g p q r s t u v w x y z,5,rr_sort,8,out-of,p q r s t u v,1
493,nocopy_20,r g y u d m,r g y u d m n s,f e j o p,f e j o p r y,seen alphabets,x l c v z t q h i a k b f e j o p r g y u d m n w s,20,extend_extend_succ,5,out-of,f e j o r,0
494,nocopy_20,c h u,u h c,x r l b g,g b l r x,unseen alphabets,x r l b g t e s i j k n m w f p a c h u v d o y q z,20,reverse,5,out-of,x l g r q,0
495,nocopy_20,n o p q h s t,t s h q p o n,w e y,y e w,seen alphabets,a b c d x f g i r j k l m n o p q h s t u v w e y z,5,reverse,3,out-of,w e z,0
496,nocopy_20,f g h m,f g h i,i k e r z j,i k e r z u,unseen alphabets,d s p a x f g h m i k e r z j u b q t n c v o w y l,20,succ,6,in,i r j k l m,0
497,nocopy_20,i i c f e d g h,i c d e f g h,b l k l j,b j k l,unseen alphabets,a i c d e f g h b j k l m n o p q r s t u v w x y z,2,rr_sort,5,out-of,b l i,0
498,nocopy_20,b c d d,b c d,n n g p q r s,n g p q r s,unseen alphabets,o b c d i f a h e j k l m n g p q r s t u v w x y z,5,remove_redundant,7,in,n o p q r s,0
499,nocopy_20,i w u v b m,i w u v b m p z,d j o i w u,d j o i w u v m,seen alphabets,a e c h x l g r q y k t f n d j o i w u v b m p s z,20,extend_extend_succ,6,out-of,n j o i w u,0
500,nocopy_20,j k l c n o,p q r s t u,h i j k l c n,o p q r s t u,seen alphabets,a b m d e f g h i j k l c n o p q r s t u v w x y z,2,shift,7,out-of,h i j k l c o,0
501,nocopy_20,d g f e,d e f g,j j j k k k l l l o o o n n n m m m p p p,j j j k k k l l l m m m n n n o o o p p p,unseen alphabets,a i c d e f g h b j k l m n o p q r s t u v w x y z,2,sort_group,7,in,j j j k k k l l l m m m n n n o o o p p p,1
502,nocopy_20,q y k k t f,q y k t f,f n n d j o i w,f n d j o i w,seen alphabets,a e c h x l g r q y k t f n d j o i w u v b m p s z,20,remove_redundant,8,in,f n d j o i w,1
503,nocopy_20,s l f e,s l c e y,v x s l f e y,v x s l c e y u,seen alphabets,m r j k g f q n i b h a w d o p v x s l c e y u t z,20,fix_extend,7,in,v x s l c e y u,1
504,nocopy_20,u z b x y,u z v x y l,l j k,i j k m,unseen alphabets,a e q d w f g b i j k m c n o p h r s t u z v x y l,10,fix_extend,3,in,i j k p,0
505,nocopy_20,q q q n n n i i i b b b h h h a a a,q q q n n n i i i b b b h h h a a a w w w,m m m r r r j j j k k k,m m m r r r j j j k k k g g g,seen alphabets,m r j k g f q n i b h a w d o p v x s l c e y u t z,20,extend_group,12,out-of,q q q n n n i i i b b b h h h a a a k k k,0
506,nocopy_20,x c i,x c n,i t g z m o,s t g z m o,seen alphabets,q k i d v f r h a l e b x c n w j p s t g z m o y u,20,fix_alphabetic_seq,6,in,s t g z m o,1
507,nocopy_20,o e b x c,m e b x n,a l w,h l j,seen alphabets,q k i d v f r h a l e b x c n w j p s t g z m o y u,20,fix_pred_succ,3,out-of,a w l,0
508,nocopy_20,m n o p q r,s t u v w x,c d e f,g h b j,unseen alphabets,a i c d e f g h b j k l m n o p q r s t u v w x y z,2,shift,4,out-of,b d e f,0
509,nocopy_20,j j j k k k l l l,j j j k k k l l l c c c,n n o o p p q q r r,n n o o p p q q r r s s,seen alphabets,a b m d e f g h i j k l c n o p q r s t u v w x y z,2,extend_group,10,out-of,l l c c n n o o p p q q r r,0
510,nocopy_20,s t u j w x v,s t u j w x v z,n o p q r s,n o p q r s t,seen alphabets,a h c d e f g b i y k l m n o p q r s t u j w x v z,5,extend_sequence,6,in,n o p q r s t,1
511,nocopy_20,c h x l g r,c h x l g q,v b m p,v b m s,seen alphabets,a e c h x l g r q y k t f n d j o i w u v b m p s z,20,succ,4,in,u b m p,0
512,nocopy_20,o p q r k,o p q r t,g d e f s,g d e f h,seen alphabets,a b g d e f s h i j w l m n o p q r k t u v c x y z,5,succ,5,in,g d e f h,1
513,nocopy_20,x v l v l v c v v,x v l v c v v,p t r t g t g t y t u t d t m,p t r t g t y t u t d t m,seen alphabets,x l c v z t q h i a k b f e j o p r g y u d m n w s,20,rr_interleave,15,in,p t r t g t y t u t d t m,1
514,nocopy_20,y c d e,y c d e y c d e,h p b k l m,h p b k l m h p b k l m,unseen alphabets,a y c d e f g h p b k l m n o i q r s t u v w x j z,5,replicate,6,out-of,h i j k l m n,0
515,nocopy_20,t u v w e y z,s u v w e y z,v w e,u w e,seen alphabets,a b c d x f g i r j k l m n o p q h s t u v w e y z,5,pred,3,in,u w e,1
516,nocopy_20,d e f g,h i j k,s m u v,w x y z,unseen alphabets,a b c d e f g h i j k l t n o p q r s m u v w x y z,2,shift,4,out-of,s t u v,0
517,nocopy_20,d e f j h,c e f j b,f b h,e b b,unseen alphabets,a i c d e f g h b j k l m n o p q r s t u v w x y z,2,fix_pred_succ,3,out-of,f g h,0
518,nocopy_20,a a b b c c u u e e,a a b b c c u u e e f f,p p p q q q r r r s s s t t t,p p p q q q r r r s s s t t t d d d,seen alphabets,a b c u e f g h i j k l m n o p q r s t d v w x y z,2,extend_group,15,out-of,u u u e e e f f f g g g r r r s s s t t t,0
519,nocopy_20,e e f g h,e f g h,v w x y y z,v w x y z,unseen alphabets,a b c d e f g h i j k l t n o p q r s m u v w x y z,2,remove_redundant,6,in,v w x y z,1
520,nocopy_20,o p r r q,o p q r,j k l p m n o m,j k l m n o p,seen alphabets,a b c d e f g h i j k l m n o p q r s t u v w x z y,2,rr_sort,8,out-of,j k l m n o p,1
521,nocopy_20,q r s t u e e w,q r s t u e x,c b v d d f g h,c b v d f g i,unseen alphabets,a c b v d f g h i j k l m n o p q r s t u e w x y z,5,rr_succ,8,in,c d e f g h,0
522,nocopy_20,h r r s,h r t,o p h h r s,o p h r t,unseen alphabets,a e q d w f g b i j k m c n o p h r s t u z v x y l,10,rr_succ,6,in,o p q r s,0
523,nocopy_20,i q r,s t u,o i q r s,t u v w x,unseen alphabets,a y c d e f g h p b k l m n o i q r s t u v w x j z,5,shift,5,out-of,o p q r s,0
524,nocopy_20,d i f f g x,d x f g i,k j r l m n n,r j k l m n,seen alphabets,a b c d x f g i r j k l m n o p q h s t u v w e y z,5,rr_sort,7,out-of,k l m n,0
525,nocopy_20,e g f d h,d g f e h,b c d g f h e,b c d g f e h,seen alphabets,a b c d g f e h i j k l m n o p q r s t u v w x y z,2,sort,7,in,b c d g f e h,1
526,nocopy_20,d w u g b i,d w f g b i,f g b r j k,f g b i j k,unseen alphabets,a e q d w f g b i j k m c n o p h r s t u z v x y l,10,fix_alphabetic_seq,6,in,f g b i j k,1
527,nocopy_20,j y s,l y s t,r v g f k a m,n v g f k a m w,unseen alphabets,u q h c p n r v g f k a m w i l j y s t d b o x e z,20,extend_pred,7,out-of,r j k g f q n,0
528,nocopy_20,r w b g t e s,r l b g t e s i,l b f,l b g t,unseen alphabets,x r l b g t e s i j k n m w f p a c h u v d o y q z,20,fix_extend,3,in,l e b x,0
529,nocopy_20,s s q q r r p p,p p q q r r s s,c c e e d d,c c d d e e,seen alphabets,a h c d e f g b i y k l m n o p q r s t u j w x v z,5,sort_group,6,in,c c d d e e,1
530,nocopy_20,s s q q o o p p t t,p p q q o o s s t t,v v v g g g k k k d d d h h h i i i l l l,v v v g g g h h h d d d k k k i i i l l l,seen alphabets,a b c u e v g h d k i l m j r p q o s t f n w x y z,10,sort_group,21,in,s s s t t t d d d v v v w w w x x x y y y,0
531,nocopy_20,f r s n,f r s n f r s n,b j k l,b j k l b j k l,unseen alphabets,q t c d e i p h b j k l m y o a f r s n u v w x g z,10,replicate,4,out-of,b i j k l m,0
532,nocopy_20,q k i,d v f,k i d v f r h,a l e b x c n,seen alphabets,q k i d v f r h a l e b x c n w j p s t g z m o y u,20,shift,7,out-of,k i d v f r a,0
533,nocopy_20,v v v x x x s s s,v v v x x x s s s l l l,d d d o o o p p p v v v x x x s s s,d d d o o o p p p v v v x x x s s s l l l,seen alphabets,m r j k g f q n i b h a w d o p v x s l c e y u t z,20,extend_group,18,out-of,s s l s d s o s o s p s v v v x x x s s s,0
534,nocopy_20,f g h,x g h m,c v o,n v o w,unseen alphabets,d s p a x f g h m i k e r z j u b q t n c v o w y l,20,extend_pred,3,out-of,c v y x,0
535,nocopy_20,u v b m,w v b m,c h x l g r,e h x l g r,seen alphabets,a e c h x l g r q y k t f n d j o i w u v b m p s z,20,pred,6,in,c h x l g q,0
536,nocopy_20,z g r k w w,z g r k w,l d c b e e,l d c b e,seen alphabets,l d c b e f a z g r k w n y s o u i q t h v x p m j,20,remove_redundant,6,in,l d c b e,1
537,nocopy_20,j k l m n o p,q h s t u v w,k l m n,o p q h,seen alphabets,a b c d x f g i r j k l m n o p q h s t u v w e y z,5,shift,4,out-of,k l m o,0
538,nocopy_20,h e r,a e s,d y f,c y a,unseen alphabets,o b c d i f a h e j k l m n g p q r s t u v w x y z,5,fix_pred_succ,3,out-of,d e f,0
539,nocopy_20,s b u q n x,s b u q n x k,u u q q n n x x k k,u u q q n n x x k k t t,unseen alphabets,e d r c z m a f i j h y w l o g v p s b u q n x k t,20,extend_group,5,out-of,u u q q n n i i b b k,0
540,nocopy_20,b u v w,w v u b,o t q,q t o,unseen alphabets,k n c e y a g h i j d l m f o t q r s b u v w x p z,10,reverse,3,out-of,o p q,0
541,nocopy_20,h c p n r r v,h c p n r v,i x i x l x j x y x s,i x l x j x y x s,unseen alphabets,u q h c p n r v g f k a m w i l j y s t d b o x e z,20,rr_interleave,6,in,i x l x m x j x p,0
542,nocopy_20,l m n o p q,r s t u v w,m n o p q r s,t u v w x z y,seen alphabets,a b c d e f g h i j k l m n o p q r s t u v w x z y,2,shift,7,out-of,l n o p q r s,0
543,nocopy_20,l n l n m n j n r n p n q n o,l n m n j n r n p n q n o,v z v z g z h z d z k,v z g z h z d z k,seen alphabets,a b c u e v g h d k i l m j r p q o s t f n w x y z,10,rr_interleave,11,in,l n m n n n o o o p p n q q q z z z w w w,0
544,nocopy_20,d e f g h i,d e f g h i j,m m m u u u v v v w w w,m m m u u u v v v w w w x x x,unseen alphabets,a b c d e f g h i j k l t n o p q r s m u v w x y z,2,extend_group,4,out-of,u u u v v v w w w,0
545,nocopy_20,i n i n l n m,i n l n m,l h m h j h j h r,l h m h j h r,seen alphabets,a b c u e v g h d k i l m j r p q o s t f n w x y z,10,rr_interleave,9,in,l h m h j h r,1
546,nocopy_20,c d e f g h,m d e f g h i,m c d e,a c d e f,unseen alphabets,a m c d e f g h i j k l b n o p q r s t u v w x y z,2,extend_pred,4,out-of,h c d e f,0
547,nocopy_20,h v e k l m,m l k e v h,l m n o p,p o n m l,seen alphabets,a b c z j f g h v e k l m n o p q x s t u i y w d r,10,reverse,5,out-of,l m n o q,0
548,nocopy_20,g d g d h d i d j d k d l,g d h d i d j d k d l,i f j f k f k f l,i f j f k f l,seen alphabets,a z c d e f g h i j k l m n o p q r s t u v w x y b,2,rr_interleave,9,in,d d d i i i j j j k k k l l l m m m,0
549,nocopy_20,i y k l m,b y k l m n,h c d e f g,a c d e f g b,seen alphabets,a h c d e f g b i y k l m n o p q r s t u j w x v z,5,extend_pred,6,out-of,h c d e f g b,0
550,nocopy_20,f g b i,j k m c,p h r,s t u,unseen alphabets,a e q d w f g b i j k m c n o p h r s t u z v x y l,10,shift,3,out-of,p q r,0
551,nocopy_20,s t u x w v k,s t u v w x k,f f f c c c d d d e e e r r r,r r r c c c d d d e e e f f f,unseen alphabets,a r c d e f g h i j p l m n o b q y s t u v w x k z,5,sort_group,5,in,r r r d d d e e e f f f,0
552,nocopy_20,y o a z r s n,y o a f r s n u,s o a,y o a f,unseen alphabets,q t c d e i p h b j k l m y o a f r s n u v w x g z,10,fix_extend,3,in,n o p q,0
553,nocopy_20,u u u d d d e e e f f f g g g h h h,u u u d d d e e e f f f g g g h h h i i i,s s t t j j v v w w x x y y,s s t t j j v v w w x x y y z z,seen alphabets,a b u d e f g h i m k l r n o p q c s t j v w x y z,5,extend_group,14,out-of,h h h s s s t t t u u u v v v w w w x x x,0
554,nocopy_20,a x c u,a b c u,h f j k,h i j k,seen alphabets,a b c u e f g h i j k l m n o p q r s t d v w x y z,2,fix_alphabetic_seq,4,in,h i j k,1
555,nocopy_20,u q f g l i,d q f g l i,p m n w e,p m n o e,seen alphabets,a b c d q f g l i j k p m n o e h r s t u v w x y z,5,fix_alphabetic_seq,5,in,p m n o e,1
556,nocopy_20,s d d t v w,s t d v w,j i k k,i j k,seen alphabets,a b c u e f g h i j k l m n o p q r s t d v w x y z,2,rr_sort,4,out-of,j k,0
557,nocopy_20,t k v w,t u v w x,b m d e x,b m d e f g,seen alphabets,a b m d e f g h i j k l c n o p q r s t u v w x y z,2,fix_extend,5,in,b m d e f g,1
558,nocopy_20,b c u e,a c u e f,j k l m n o,i k l m n o p,seen alphabets,a b c u e f g h i j k l m n o p q r s t d v w x y z,2,extend_pred,6,out-of,j k l m n o p,0
559,nocopy_20,p x q x q x r,p x q x r,o z p z p z q,o z p z q,seen alphabets,a h c d e f g b i y k l m n o p q r s t u j w x v z,5,rr_interleave,7,in,o z p z q,1
560,nocopy_20,c b e a f e z g,c b e f a z g,s o u o,s o u,seen alphabets,l d c b e f a z g r k w n y s o u i q t h v x p m j,20,rr_sort,4,out-of,s o u,1
561,nocopy_20,e f g,e f g h j,j k l b n o p,j k l b n o p q s,unseen alphabets,a m c d e f g h i j k l b n o p q r s t u v w x y z,2,extend_extend_succ,7,out-of,j k l m n o p,0
562,nocopy_20,l m n s p q,l m n g p q,h n j,h e j,unseen alphabets,o b c d i f a h e j k l m n g p q r s t u v w x y z,5,fix_alphabetic_seq,3,in,h i j,0
563,nocopy_20,w f p a c h h,w f p a c u,r l b g t t e s,r l b g t e i,unseen alphabets,x r l b g t e s i j k n m w f p a c h u v d o y q z,20,rr_succ,8,in,r l g b e f s,0
564,nocopy_20,b m m d,b m d,n n o p q r,n o p q r,seen alphabets,a b m d e f g h i j k l c n o p q r s t u v w x y z,2,remove_redundant,6,in,n o p q s,0
565,nocopy_20,q x y,p x z,b w x,h w y,unseen alphabets,a i c d e f g h b j k l m n o p q r s t u v w x y z,2,fix_pred_succ,3,out-of,v w x,0
566,nocopy_20,h h d d k k i i m m l l,h h d d k k i i l l m m,y y n n w w x x f f z z,f f n n w w x x y y z z,seen alphabets,a b c u e v g h d k i l m j r p q o s t f n w x y z,10,sort_group,12,in,k k i i l l m m n n o o y y,0
567,nocopy_20,n k l m w f,i k l m w f,u z a y,t z a y,unseen alphabets,x b c d e v g h i n k l m w f p q r s t u z a y j o,10,pred,4,in,y u d a,0
568,nocopy_20,s p a x f g h,s p a x f g h m,p p p a a a x x x,p p p a a a x x x f f f,unseen alphabets,d s p a x f g h m i k e r z j u b q t n c v o w y l,20,extend_group,3,out-of,p p v a x x a a,0
569,nocopy_20,m n o p r q,m n o p q r,k t v u w,k t u v w,unseen alphabets,g b c d e f s h i j y l m n o p q r k t u v w x a z,5,sort,5,in,k t u v w,1
570,nocopy_20,a q z q g q r q k q k,a q z q g q r q k,z d z d g d r d k d w,z d g d r d k d w,seen alphabets,l d c b e f a z g r k w n y s o u i q t h v x p m j,20,rr_interleave,11,in,z z z g g g r r r k k k w w w d d d,0
571,nocopy_20,r s n,n s r,n u v w x g z,z g x w v u n,unseen alphabets,q t c d e i p h b j k l m y o a f r s n u v w x g z,10,reverse,7,out-of,u v w x y z,0
572,nocopy_20,t t t z z z e e e,t t t z z z e e e w w w,t t t z z z e e e w w w x x x y y y,t t t z z z e e e w w w x x x y y y v v v,seen alphabets,a s r d u f g p i j k l m n o h q b c t z e w x y v,10,extend_group,18,out-of,e e z w w w t w t w c w x e e y y y w x,0
573,nocopy_20,s b u q n,s b u q n x,u u q q n n x x k k,u u q q n n x x k k t t,unseen alphabets,e d r c z m a f i j h y w l o g v p s b u q n x k t,20,extend_group,5,out-of,u u n n o o p q q x x x k k,0
574,nocopy_20,z o y q d,d o y q z,f f m m w w n n p p a a,n n m m w w f f p p a a,unseen alphabets,x r l b g t e s i j k n m w f p a c h u v d o y q z,20,sort_group,6,in,f f n n w w j j p p a a,0
575,nocopy_20,j k l u,j k l m,v d f x h i j,v d f g h i j,unseen alphabets,a c b v d f g h i j k l m n o p q r s t u e w x y z,5,fix_alphabetic_seq,7,in,d x f g h i j,0
576,nocopy_20,i i d d f f v v r r h h,i i d d v v f f r r h h,w w j j t t s s p p g g,w w j j p p s s t t g g,seen alphabets,q k i d v f r h a l e b x c n w j p s t g z m o y u,20,sort_group,12,in,v v f f r r h h a a l l e e w j j j o o o,0
577,nocopy_20,g j i h,g h i j,r s t x v w u,r s t u v w x,seen alphabets,a b m d e f g h i j k l c n o p q r s t u v w x y z,2,sort,7,in,r s t u v w x,1
578,nocopy_20,s s v u t,s t u v,u v k x w k z,u v w x k z,unseen alphabets,a r c d e f g h i j p l m n o b q y s t u v w x k z,5,rr_sort,7,out-of,u v w x y z,0
579,nocopy_20,e q y q a,e q f q a,p q n q y q s,w q n q y q s,seen alphabets,l d c b e f a z g r k w n y s o u i q t h v x p m j,20,fix_interleave,7,out-of,p q q q y q s,0
580,nocopy_20,c s x l g r q,e s x l g r y,i w u e b m,o w u e b p,seen alphabets,a e c h x l g r q y k t f n d j o i w u v b m p s z,20,fix_pred_succ,6,out-of,i w u v b m,0
581,nocopy_20,w z v x,w x v z,d c h e,h c d e,seen alphabets,a h c d e f g b i y k l m n o p q r s t u j w x v z,5,sort,4,in,h c d e,1
582,nocopy_20,d d d c c c f f f e e e b b b a a a,d d d c c c b b b e e e f f f a a a,y y y s s s o o o i i i u u u,y y y s s s o o o u u u i i i,seen alphabets,l d c b e f a z g r k w n y s o u i q t h v x p m j,20,sort_group,15,in,d d d c c c b b b e e e f f f a a a u u u,0
583,nocopy_20,h m i k,h m i e,g h m i k e r,g h m i k e z,unseen alphabets,d s p a x f g h m i k e r z j u b q t n c v o w y l,20,succ,7,in,g h i m k l r,0
584,nocopy_20,b b m j e r g,b m j e r g,u v w x x y,u v w x y,unseen alphabets,a b m j e r g h q l f d k n o p i c s t u v w x y z,10,remove_redundant,6,in,u v w x z,0
585,nocopy_20,w n h u,j p c l,y b w,n h u,unseen alphabets,r d v i o f g m y b w n h u j p c l e t s q a x k z,20,shift,3,out-of,y b d,0
586,nocopy_20,d b a,d b o x,b w i l j y,m w i l j y s,unseen alphabets,u q h c p n r v g f k a m w i l j y s t d b o x e z,20,fix_extend,6,in,b i j w l m n,0
587,nocopy_20,g z m m o y u,g z m o y u,h a l l,h a l,seen alphabets,q k i d v f r h a l e b x c n w j p s t g z m o y u,20,remove_redundant,4,in,h a l,1
588,nocopy_20,l m n o o p q,l m n o p r,t d v w w x,t d v w y,seen alphabets,a b c u e f g h i j k l m n o p q r s t d v w x y z,2,rr_succ,6,in,t d v w x,0
589,nocopy_20,o p q r s t t,o p q r s u,i j k k l,i j k m,unseen alphabets,f b c d e a g h i j k l m n o p q r s t u v w x y z,2,rr_succ,5,in,i j k m,1
590,nocopy_20,j u m c n,j k m c n o,r c t u z v,r s t u z v x,unseen alphabets,a e q d w f g b i j k m c n o p h r s t u z v x y l,10,fix_extend,6,in,r k t u v c,0
591,nocopy_20,w f h,w n h,j x g x c x l x e,j x p x c x l x e,unseen alphabets,r d v i o f g m y b w n h u j p c l e t s q a x k z,20,fix_interleave,5,out-of,j x x x l x c x e,0
592,nocopy_20,a f r s n u v,a f r s n u v w,l l m m y y o o a a f f,l l m m y y o o a a f f r r,unseen alphabets,q t c d e i p h b j k l m y o a f r s n u v w x g z,10,extend_group,6,out-of,l l m m n n o o p p q q,0
593,nocopy_20,v u x,v w x y,l n j k,l i j k p,seen alphabets,a b c d q f g l i j k p m n o e h r s t u v w x y z,5,fix_extend,4,in,l i j k p,1
594,nocopy_20,m k i p q,l k i p q r,f v w e y,t v w e y z,seen alphabets,u n c d a o g h x j b l m k i p q r s t f v w e y z,10,extend_pred,5,out-of,f v w e y z,0
595,nocopy_20,m y b w,g y b w,p c l e t s q,j c l e t s q,unseen alphabets,r d v i o f g m y b w n h u j p c l e t s q a x k z,20,pred,7,in,p q c s t j,0
596,nocopy_20,s t p v,r t p w,l m n o p d r,k m n o p d s,seen alphabets,a b c d e f g h i j k l m n o p q r s t u v w x z y,2,fix_pred_succ,7,out-of,l m n o p q r,0
597,nocopy_20,c d e w g h i,z d e w g h j,d g h i j k,c g h i j l,seen alphabets,a z c d e f g h i j k l m n o p q r s t u v w x y b,2,fix_pred_succ,6,out-of,f g h i j k,0
598,nocopy_20,j h y w l l o g,j h y w l o v,i j h y y w,i j h y l,unseen alphabets,e d r c z m a f i j h y w l o g v p s b u q n x k t,20,rr_succ,6,in,i j w,0
599,nocopy_20,r s t u,q s t u,j k l,i k l,seen alphabets,a b c d g f e h i j k l m n o p q r s t u v w x y z,2,pred,3,in,i k l,1
600,nocopy_20,n o p w r s t,n o p q r s t u,i c z e f,i c d e f g,unseen alphabets,a i c d e f g h b j k l m n o p q r s t u v w x y z,2,fix_extend,5,in,a b c z e f g,0
601,nocopy_20,u x w v y,u v w x y,n n n q q q p p p o o o r r r,n n n o o o p p p q q q r r r,unseen alphabets,a f c d e b g h i j k l m n o p q r s t u v w x y z,2,sort_group,5,in,n n n o o o p p p q q q r r r,1
602,nocopy_20,i j k,i j k l,d d d e e e f f f g g g h h h i i i j j j,d d d e e e f f f g g g h h h i i i j j j k k k,unseen alphabets,a m c d e f g h i j k l b n o p q r s t u v w x y z,2,extend_group,7,out-of,d d d e e e f f f g g g h h h i i i j j j,0
603,nocopy_20,n c v o w y l,n c v o w y l n c v o w y l,j u b,j u b j u b,unseen alphabets,d s p a x f g h m i k e r z j u b q t n c v o w y l,20,replicate,3,out-of,c v y x a u t,0
604,nocopy_20,m m o o n n,m m n n o o,e e e s s s r r r d d d h h h f f f,h h h s s s r r r d d d e e e f f f,seen alphabets,h s r d e f g b i j k l m n o p q z w t c v y x a u,10,sort_group,18,in,e e e h h h r r r s s s t t t f f f,0
605,nocopy_20,s e a,d e a g,j k t m n,j k l m n o,unseen alphabets,f b c d e a g h i j k l m n o p q r s t u v w x y z,2,fix_extend,5,in,j k l m n o,1
606,nocopy_20,l m n o p p q r,l m n o p q r,s t u e w x x,s t u e w x,unseen alphabets,a c b v d f g h i j k l m n o p q r s t u e w x y z,5,remove_redundant,7,in,s t u v w x,0
607,nocopy_20,c c c d d d f f f g g g e e e,c c c d d d g g g f f f e e e,o o o t t t q q q r r r s s s p p p u u u,o o o p p p q q q r r r s s s t t t u u u,seen alphabets,a b c d g f e h i j k l m n o p q r s t u v w x y z,2,sort_group,21,in,c c c d d d q q q f f f g g g l l l i i i,0
608,nocopy_20,y r s,q r s,d l e l s l g l h l i,d l e l f l g l h l i,unseen alphabets,a b c d e f g h i j k l t n o p q r s m u v w x y z,2,fix_interleave,6,out-of,d l e l f l g l h l i,1
609,nocopy_20,d c b d,b c d,m n h e e o,m n o e h,seen alphabets,a b c d q f g l i j k p m n o e h r s t u v w x y z,5,rr_sort,6,out-of,m n o e h,1
610,nocopy_20,j k m c n,j k m c n o h,h r s t,h r s t u v,unseen alphabets,a e q d w f g b i j k m c n o p h r s t u z v x y l,10,extend_extend_succ,4,out-of,h r s u,0
611,nocopy_20,i i j k m,i j k m,s t u z v v x y,s t u z v x y,unseen alphabets,a e q d w f g b i j k m c n o p h r s t u z v x y l,10,remove_redundant,8,in,s t u v w x z,0
612,nocopy_20,p q r k t,p q r k u,h i j,h i w,seen alphabets,a b g d e f s h i j w l m n o p q r k t u v c x y z,5,succ,3,in,h i w,1
613,nocopy_20,h h q q b b t t c c,h h q q b b c c t t,b b b n n n o o o h h h q q q m m m,m m m n n n o o o h h h q q q b b b,seen alphabets,a s r d u f g p i j k l m n o h q b c t z e w x y v,10,sort_group,18,in,b b b c c c n n n o o o h h h q q q b b b,0
614,nocopy_20,a c c b,a c b,n t n t o t p t q t r,n t o t p t q t r,unseen alphabets,a c b v d f g h i j k l m n o p q r s t u e w x y z,5,rr_interleave,6,in,n t o t p t q t r,1
615,nocopy_20,u n c d a a o,u n c d a o,t f v v w,t f v w,seen alphabets,u n c d a o g h x j b l m k i p q r s t f v w e y z,10,remove_redundant,5,in,t f v e,0
616,nocopy_20,d j o i w u,u w i o j d,o i w u v b m,m b v u w i o,seen alphabets,a e c h x l g r q y k t f n d j o i w u v b m p s z,20,reverse,7,out-of,j i w u v b m,0
617,nocopy_20,n o o i q,n o i q,t h u h u h v h w h x,t h u h v h w h x,unseen alphabets,a y c d e f g h p b k l m n o i q r s t u v w x j z,5,rr_interleave,6,in,t h u h v h w h x,1
618,nocopy_20,m w i,a w i,h c p n,q c p n,unseen alphabets,u q h c p n r v g f k a m w i l j y s t d b o x e z,20,pred,4,in,h c d e,0
619,nocopy_20,u v w x p,b v w x p z,a g h i j d,y g h i j d l,unseen alphabets,k n c e y a g h i j d l m f o t q r s b u v w x p z,10,extend_pred,6,out-of,g h i j k l m,0
620,nocopy_20,v q o s,p q o s,u e v g h t,u e v g h d,seen alphabets,a b c u e v g h d k i l m j r p q o s t f n w x y z,10,fix_alphabetic_seq,6,in,u e v g h d,1
621,nocopy_20,n n n c c c d d d a a a o o o g g g,n n n c c c d d d a a a o o o g g g h h h,a a a o o o g g g,a a a o o o g g g h h h,seen alphabets,u n c d a o g h x j b l m k i p q r s t f v w e y z,10,extend_group,9,out-of,n n n c c c d d d a a a o o o g g g h h h,0
622,nocopy_20,b c d e f s,g c d e f s h,o p q r,n p q r k,unseen alphabets,g b c d e f s h i j y l m n o p q r k t u v w x a z,5,extend_pred,4,out-of,o p q r s,0
623,nocopy_20,w b x b x b y b b,w b x b y b b,u l v l w l x l x l y,u l v l w l x l y,seen alphabets,a z c d e f g h i j k l m n o p q r s t u v w x y b,2,rr_interleave,11,in,u l v l w l x l y,1
624,nocopy_20,e k l m n o,e k l m n o p x,g h v e k l,g h v e k l m o,seen alphabets,a b c z j f g h v e k l m n o p q x s t u i y w d r,10,extend_extend_succ,6,out-of,f h v e k l,0
625,nocopy_20,l m n o o p,l m n o q,u v v w x,u v w y,unseen alphabets,a i c d e f g h b j k l m n o p q r s t u v w x y z,2,rr_succ,5,in,u v w x,0
626,nocopy_20,q y k t f n,r y k t f n,x l g,h l g,seen alphabets,a e c h x l g r q y k t f n d j o i w u v b m p s z,20,pred,3,in,x l r,0
627,nocopy_20,n o p q,n o p q x,c z j f g h,c z j f g h v,seen alphabets,a b c z j f g h v e k l m n o p q x s t u i y w d r,10,extend_sequence,6,in,c z j f g h v,1
628,nocopy_20,r s e t u t w,r s t u e w,u e w y x x z,u e w x y z,unseen alphabets,a c b v d f g h i j k l m n o p q r s t u e w x y z,5,rr_sort,7,out-of,u e w x y z,1
629,nocopy_20,e r g h q l f,e r g h q l f e r g h q l f,n o p i c s,n o p i c s n o p i c s,unseen alphabets,a b m j e r g h q l f d k n o p i c s t u v w x y z,10,replicate,6,out-of,l g r q n i b h,0
630,nocopy_20,v v v g g g h h h,v v v g g g h h h d d d,o o o s s s t t t f f f n n n w w w x x x,o o o s s s t t t f f f n n n w w w x x x y y y,seen alphabets,a b c u e v g h d k i l m j r p q o s t f n w x y z,10,extend_group,21,out-of,h h h d d d k k k i t t f f f n n n w w w,0
631,nocopy_20,k m c n,j m c n o,p h r s t,o h r s t u,unseen alphabets,a e q d w f g b i j k m c n o p h r s t u z v x y l,10,extend_pred,5,out-of,p q r s t u,0
632,nocopy_20,d u u f g,d u f p,u u f g p i,u f g p j,seen alphabets,a s r d u f g p i j k l m n o h q b c t z e w x y v,10,rr_succ,6,in,u f g p i,0
633,nocopy_20,v d u,r d u,s r d u f g w,s r d u f g p,seen alphabets,a s r d u f g p i j k l m n o h q b c t z e w x y v,10,fix_alphabetic_seq,7,in,a r d u f g w,0
634,nocopy_20,o p q r,o p q r o p q r,l m n o,l m n o l m n o,unseen alphabets,a i c d e f g h b j k l m n o p q r s t u v w x y z,2,replicate,4,out-of,l m n o p,0
635,nocopy_20,l g r q y k b,l g r q y k t f,r z y,r q y k,seen alphabets,a e c h x l g r q y k t f n d j o i w u v b m p s z,20,fix_extend,3,in,r q y k,1
636,nocopy_20,h i j k l,h i j k l h i j k l,s t u v w x y,s t u v w x y s t u v w x y,seen alphabets,a b m d e f g h i j k l c n o p q r s t u v w x y z,2,replicate,7,out-of,s t u v w x y b,0
637,nocopy_20,n c v,n c v o,i i i k k k e e e r r r z z z,i i i k k k e e e r r r z z z j j j,unseen alphabets,d s p a x f g h m i k e r z j u b q t n c v o w y l,20,extend_group,5,out-of,i i i m m m k k k l l l r r r,0
638,nocopy_20,u u v w,u v w,u x u x v x w x x,u x v x w x x,unseen alphabets,a b c d e f g h i j k l t n o p q r s m u v w x y z,2,rr_interleave,5,in,u x v x w x x,1
639,nocopy_20,e g v e,e v g,c v u e u,c u e v,seen alphabets,a b c u e v g h d k i l m j r p q o s t f n w x y z,10,rr_sort,5,out-of,c v e h,0
640,nocopy_20,a b g d e f,a b g d e f s i,h i j w l m,h i j w l m n p,seen alphabets,a b g d e f s h i j w l m n o p q r k t u v c x y z,5,extend_extend_succ,6,out-of,s i j w l m,0
641,nocopy_20,t h v,x p m,w n y s o,u i q t h,seen alphabets,l d c b e f a z g r k w n y s o u i q t h v x p m j,20,shift,5,out-of,k n y s o,0
642,nocopy_20,p q r r s t u v,p q r s t u w,q r s s t,q r s u,unseen alphabets,a f c d e b g h i j k l m n o p q r s t u v w x y z,2,rr_succ,5,in,q r s u,1
643,nocopy_20,i m k l p,l m k i p,t f w v,t f v w,seen alphabets,u n c d a o g h x j b l m k i p q r s t f v w e y z,10,sort,4,in,t f v w,1
644,nocopy_20,c h x l g,c h x l r,h x l g r,h x l g q,seen alphabets,a e c h x l g r q y k t f n d j o i w u v b m p s z,20,succ,5,in,h x l g q,1
645,nocopy_20,r r s n u v,r s n u v,v w x g g z,v w x g z,unseen alphabets,q t c d e i p h b j k l m y o a f r s n u v w x g z,10,remove_redundant,6,in,v w x y z,0
646,nocopy_20,b n j e,b m j e,s t u v w g y,s t u v w x y,unseen alphabets,a b m j e r g h q l f d k n o p i c s t u v w x y z,10,fix_alphabetic_seq,7,in,s t u v w e y,0
647,nocopy_20,h i j d,h i j l,l m f o,l m f t,unseen alphabets,k n c e y a g h i j d l m f o t q r s b u v w x p z,10,succ,4,in,l m n o,0
648,nocopy_20,d e i g h h f,d e f g h i,r e d c f g h h,r c d e f g h,unseen alphabets,a r c d e f g h i j p l m n o b q y s t u v w x k z,5,rr_sort,8,out-of,r d e f g i,0
649,nocopy_20,b c d e a g h,b c d e a g h i,r s t u v w,r s t u v w x,unseen alphabets,f b c d e a g h i j k l m n o p q r s t u v w x y z,2,extend_sequence,6,in,r s t u v w x,1
650,nocopy_20,g h i j k,l m n o p,i j k l,m n o p,seen alphabets,a b c d e f g h i j k l m n o p q r s t u v w x y z,1,shift,4,out-of,h j k l,0
651,nocopy_20,b b b g g g d d d e e e s s s f f f h h h,b b b g g g d d d e e e f f f s s s h h h,e e f f j j h h i i s s,e e f f s s h h i i j j,seen alphabets,a b g d e f s h i j w l m n o p q r k t u v c x y z,5,sort_group,12,in,e e e f f f s s s h h h i i i j j j w w w,0
652,nocopy_20,l l m m o o n n p p,l l m m n n o o p p,l l l n n n m m m o o o,l l l m m m n n n o o o,seen alphabets,a b c d x f g i r j k l m n o p q h s t u v w e y z,5,sort_group,12,in,l l l m m m n n n o o o p p p,0
653,nocopy_20,c b e f a z,g r k w n y,s o u,i q t,seen alphabets,l d c b e f a z g r k w n y s o u i q t h v x p m j,20,shift,3,out-of,y o u,0
654,nocopy_20,m r x k,m r j k,i b h p,i b h a,seen alphabets,m r j k g f q n i b h a w d o p v x s l c e y u t z,20,fix_alphabetic_seq,4,in,n b h a,0
655,nocopy_20,v x w g,v w x g,h k j b l,h b j k l,unseen alphabets,q t c d e i p h b j k l m y o a f r s n u v w x g z,10,sort,5,in,h x j b l,0
656,nocopy_20,l m j r p q,l m j r p q o,l m j,l m j r,seen alphabets,a b c u e v g h d k i l m j r p q o s t f n w x y z,10,extend_sequence,3,in,l m j r,1
657,nocopy_20,g h i j k,f h i j k l,n o p q r s,m o p q r s t,seen alphabets,a b c d e f g h i j k l m n o p q r s t u v w x y z,1,extend_pred,6,out-of,n o p q r s t,0
658,nocopy_20,p q s r,p q r s,u x w e,u e w x,unseen alphabets,a c b v d f g h i j k l m n o p q r s t u e w x y z,5,sort,4,in,u v w e,0
659,nocopy_20,g g g h h h i i i k k k m m m l l l,g g g h h h i i i m m m k k k l l l,x x w w v v,v v w w x x,seen alphabets,a b u d e f g h i m k l r n o p q c s t j v w x y z,5,sort_group,6,in,g g g h h h i i i m m m k k k l l l r r r,0
660,nocopy_20,k e d z j u b,k e r z j u b q,a x f g h m d,a x f g h m i k,unseen alphabets,d s p a x f g h m i k e r z j u b q t n c v o w y l,20,fix_extend,7,in,a h c d e f g,0
661,nocopy_20,t u v v,t u v,l k k j,j k l,seen alphabets,a b c d g f e h i j k l m n o p q r s t u v w x y z,2,rr_sort,4,out-of,l i j,0
662,nocopy_20,m a n a o a o,m a n a o,n j o j o j p j q j r,n j o j p j q j r,seen alphabets,a h c d e f g b i y k l m n o p q r s t u j w x v z,5,rr_interleave,11,in,n j o j p j q j r,1
663,nocopy_20,d r e r f r q r h r i r j,d r e r f r g r h r i r j,y v q v r v s v t v u,p v q v r v s v t v u,seen alphabets,a b c d e f g h i j k l m n o p q r s t u v w x z y,2,fix_interleave,11,out-of,e r f r g r h r i r j r k,0
664,nocopy_20,q g h r l f d,r g h q l f d,v w x z y,v w x y z,unseen alphabets,a b m j e r g h q l f d k n o p i c s t u v w x y z,10,sort,5,in,j w x z y,0
665,nocopy_20,p p i i j j k k l l m m,p p i i j j k k l l m m n n,h h h q q q b b b,h h h q q q b b b c c c,seen alphabets,a s r d u f g p i j k l m n o h q b c t z e w x y v,10,extend_group,9,out-of,j j k k l l m m n n o o h h q q q q b b b,0
666,nocopy_20,p s b u,p s b u q,i j h y w,i j h y w l,unseen alphabets,e d r c z m a f i j h y w l o g v p s b u q n x k t,20,extend_sequence,5,in,i j w l m,0
667,nocopy_20,o o o p p p q q q r r r s s s,o o o p p p q q q r r r s s s t t t,g g h h i i j j k k l l,g g h h i i j j k k l l m m,seen alphabets,a z c d e f g h i j k l m n o p q r s t u v w x y b,2,extend_group,12,out-of,o o o p p p q q q r r r s s s t t t u u u,0
668,nocopy_20,w u l,w i l,p r c r r,p r n r r,unseen alphabets,u q h c p n r v g f k a m w i l j y s t d b o x e z,20,fix_interleave,3,out-of,p r c r,0
669,nocopy_20,p q r s t u e,p q r s t u v w,n f p q r s t,n o p q r s t u,seen alphabets,a b c d e f g h i j k l m n o p q r s t u v w x z y,2,fix_extend,7,in,n o p q r s t u,1
670,nocopy_20,f g b i j x m,w g b i j x c,u m c n o,t m c n p,unseen alphabets,a e q d w f g b i j k m c n o p h r s t u z v x y l,10,fix_pred_succ,5,out-of,u n c d o,0
671,nocopy_20,d v i o f g,d v i o f g d v i o f g,o f g,o f g o f g,unseen alphabets,r d v i o f g m y b w n h u j p c l e t s q a x k z,20,replicate,3,out-of,o o g g f f q q,0
672,nocopy_20,p s n o e h,p m n o e h r,n o m h,n o e h r,seen alphabets,a b c d q f g l i j k p m n o e h r s t u v w x y z,5,fix_extend,4,in,n o h q,0
673,nocopy_20,c m n,m c n,r t s,r s t,unseen alphabets,a e q d w f g b i j k m c n o p h r s t u z v x y l,10,sort,3,in,r s t,1
674,nocopy_20,n o h,n o q,n o h q b c,n o h q b t,seen alphabets,a s r d u f g p i j k l m n o h q b c t z e w x y v,10,succ,6,in,n o h q b t,1
675,nocopy_20,g y u d b n,g y u d m n,m c v z t q,l c v z t q,seen alphabets,x l c v z t q h i a k b f e j o p r g y u d m n w s,20,fix_alphabetic_seq,6,in,c v z t q,0
676,nocopy_20,i j k l m n o,o n m l k j i,l m n o p,p o n m l,seen alphabets,a b c d e f g h i j k l m n o p q r s t u v w x z y,2,reverse,5,out-of,l m n o q,0
677,nocopy_20,u y w x v,u v w x y,e e e i i i g g g h h h f f f,e e e f f f g g g h h h i i i,unseen alphabets,a m c d e f g h i j k l b n o p q r s t u v w x y z,2,sort_group,5,in,e e e f f f g g g h h h i i i,1
678,nocopy_20,r g m,r s m,w c x c c c z,w c x c y c z,unseen alphabets,a b c d e f g h i j k l t n o p q r s m u v w x y z,2,fix_interleave,4,out-of,w c x c z,0
679,nocopy_20,g g f f e e h h i i j j k k,g g f f e e h h i i j j k k l l,c c c d d d g g g f f f e e e,c c c d d d g g g f f f e e e h h h,seen alphabets,a b c d g f e h i j k l m n o p q r s t u v w x y z,2,extend_group,15,out-of,f f f e e e h h h i i i j j j k k k l l l,0
680,nocopy_20,j k l m n o h,i k l m n o h q,z e w,t e w x,seen alphabets,a s r d u f g p i j k l m n o h q b c t z e w x y v,10,extend_pred,3,out-of,z e w x,0
681,nocopy_20,h v e k l,h v e k l m,c z j f g,c z j f g h,seen alphabets,a b c z j f g h v e k l m n o p q x s t u i y w d r,10,extend_sequence,5,in,c z j f g h,1
682,nocopy_20,e t s q a,l t s q a,e t s,l t s,unseen alphabets,r d v i o f g m y b w n h u j p c l e t s q a x k z,20,pred,3,in,s t g,0
683,nocopy_20,p k r q,p q r k,s f h,f s h,seen alphabets,a b g d e f s h i j w l m n o p q r k t u v c x y z,5,sort,3,in,f s h,1
684,nocopy_20,s t h,s t u,g e h e i e j e p e l e s,g e h e i e j e p e l e m,unseen alphabets,a r c d e f g h i j p l m n o b q y s t u v w x k z,5,fix_interleave,7,out-of,g e h e i e j e k e l e c,0
685,nocopy_20,u v w x,x w v u,i c s,s c i,unseen alphabets,a b m j e r g h q l f d k n o p i c s t u v w x y z,10,reverse,3,out-of,q c s,0
686,nocopy_20,d j o i w u,n j o i w u v,f n d j o i w,t n d j o i w u,seen alphabets,a e c h x l g r q y k t f n d j o i w u v b m p s z,20,extend_pred,7,out-of,f n d j o i w u,0
687,nocopy_20,v g r k w n y,h g r k w n s,r k w n y s q,g k w n y s t,seen alphabets,l d c b e f a z g r k w n y s o u i q t h v x p m j,20,fix_pred_succ,7,out-of,r k w n y s o,0
688,nocopy_20,t u z v q y l,t u z v x y l,u l h l v l x,u l z l v l x,unseen alphabets,a e q d w f g b i j k m c n o p h r s t u z v x y l,10,fix_interleave,4,out-of,u l v l c l x,0
689,nocopy_20,l i n,h i n k,h c d e v g,b c d e v g h,unseen alphabets,x b c d e v g h i n k l m w f p q r s t u z a y j o,10,fix_extend,6,in,h c d e f g b,0
690,nocopy_20,j l b l l l m l m l k,j l b l l l m l k,p x q x r x r x s,p x q x r x s,seen alphabets,u n c d a o g h x j b l m k i p q r s t f v w e y z,10,rr_interleave,9,in,l l m m k k i i p p q q r r,0
691,nocopy_20,g z,x z,h b j,p b j,unseen alphabets,q t c d e i p h b j k l m y o a f r s n u v w x g z,10,pred,3,in,h i j,0
692,nocopy_20,u q h c p t,u q h c p n r,l r y s,l j y s t,unseen alphabets,u q h c p n r v g f k a m w i l j y s t d b o x e z,20,fix_extend,4,in,l r q y k,0
693,nocopy_20,v f w e y z,f v w e y z,u o c d a n,u n c d a o,seen alphabets,u n c d a o g h x j b l m k i p q r s t f v w e y z,10,sort,6,in,u n c d a o,1
694,nocopy_20,s t u n w x y,s t u v w x y,q i j k p m,l i j k p m,seen alphabets,a b c d q f g l i j k p m n o e h r s t u v w x y z,5,fix_alphabetic_seq,6,in,l i j k p m,1
695,nocopy_20,n n o p q h s t,n o p q h s t,f g i i,f g i,seen alphabets,a b c d x f g i r j k l m n o p q h s t u v w e y z,5,remove_redundant,4,in,f g r,0
696,nocopy_20,p i c s t,o i c s t,b m j e r g h,a m j e r g h,unseen alphabets,a b m j e r g h q l f d k n o p i c s t u v w x y z,10,pred,7,in,b m d e f g h,0
697,nocopy_20,z w t c,c t w z,c v y x,x y v c,seen alphabets,h s r d e f g b i j k l m n o p q z w t c v y x a u,10,reverse,4,out-of,t v y x,0
698,nocopy_20,f c k e,a c k b,p n r s t,o n r s u,unseen alphabets,a f c d e b g h i j k l m n o p q r s t u v w x y z,2,fix_pred_succ,5,out-of,p q r s t,0
699,nocopy_20,k l m,j l m n,g h b j k,f h b j k l,unseen alphabets,a i c d e f g h b j k l m n o p q r s t u v w x y z,2,extend_pred,5,out-of,g h i j k l,0
700,nocopy_20,h b j k l,h b j k m,h b j k,h b j l,unseen alphabets,a i c d e f g h b j k l m n o p q r s t u v w x y z,2,succ,4,in,h i j k,0
701,nocopy_20,i y k l,m n o p,n o p q r s,t u j w x v,seen alphabets,a h c d e f g b i y k l m n o p q r s t u j w x v z,5,shift,6,out-of,m o p q r s,0
702,nocopy_20,l t m t m t n t o,l t m t n t o,i b j b k b k b l b m b n b o,i b j b k b l b m b n b o,seen alphabets,a b c u e f g h i j k l m n o p q r s t d v w x y z,2,rr_interleave,15,in,i b j b k b l b m b n b o,1
703,nocopy_20,a a a b b b c c c d d d x x x f f f g g g,a a a b b b c c c d d d x x x f f f g g g i i i,c c d d x x f f g g,c c d d x x f f g g i i,seen alphabets,a b c d x f g i r j k l m n o p q h s t u v w e y z,5,extend_group,10,out-of,a a a b b b c c c d d d x x x f f f g g g,0
704,nocopy_20,u v w x,x w v u,i f a,a f i,unseen alphabets,o b c d i f a h e j k l m n g p q r s t u v w x y z,5,reverse,3,out-of,i j k,0
705,nocopy_20,g b e,e b g,r r r q q q p p p,p p p q q q r r r,unseen alphabets,a f c d e b g h i j k l m n o p q r s t u v w x y z,2,sort_group,3,in,p p p q q q r r r,1
706,nocopy_20,e r z,z r e,s p a x f g h,h g f x a p s,unseen alphabets,d s p a x f g h m i k e r z j u b q t n c v o w y l,20,reverse,7,out-of,s r d x f g h,0
707,nocopy_20,l j y m t,i j y m d,j a s t d b,l a s t d o,unseen alphabets,u q h c p n r v g f k a m w i l j y s t d b o x e z,20,fix_pred_succ,6,out-of,j k t f n d,0
708,nocopy_20,d e f g,d e f h,k l m n o,k l m n p,seen alphabets,a b c d e f g h i j k l m n o p q r s t u v w x z y,2,succ,5,in,j l m n o,0
709,nocopy_20,l l g g r r q q y y k k t t,l l g g r r q q y y k k t t f f,i i w w u u v v,i i w w u u v v b b,seen alphabets,a e c h x l g r q y k t f n d j o i w u v b m p s z,20,extend_group,8,out-of,g g r r q q y y k k t t f f n v v v w w w,0
710,nocopy_20,a b c d q,a b c d f,u v w,u v x,seen alphabets,a b c d q f g l i j k p m n o e h r s t u v w x y z,5,succ,3,in,u v x,1
711,nocopy_20,d r c z m,d r c z m a,s b u q n x,s b u q n x k,unseen alphabets,e d r c z m a f i j h y w l o g v p s b u q n x k t,20,extend_sequence,6,in,s t u j w x v,0
712,nocopy_20,c d e i p,c d e i p h j,b j k l m,b j k l m y a,unseen alphabets,q t c d e i p h b j k l m y o a f r s n u v w x g z,10,extend_extend_succ,5,out-of,b i j k l m,0
713,nocopy_20,n o p h,c o p h,k m c n,j m c n,unseen alphabets,a e q d w f g b i j k m c n o p h r s t u z v x y l,10,pred,4,in,k l c n,0
714,nocopy_20,d e f g h i,i h g f e d,d e f g h,h g f e d,seen alphabets,a z c d e f g h i j k l m n o p q r s t u v w x y b,2,reverse,5,out-of,c e f g h,0
715,nocopy_20,g o x j b l m,g h x j b l m,t f z w e y,t f v w e y,seen alphabets,u n c d a o g h x j b l m k i p q r s t f v w e y z,10,fix_alphabetic_seq,6,in,t f v w e y,1
716,nocopy_20,b m d,a m d e,b m d e,a m d e f,seen alphabets,a b m d e f g h i j k l c n o p q r s t u v w x y z,2,extend_pred,4,out-of,b m d e f,0
717,nocopy_20,d g f e b i,d e f g b i,f g b l j k i,f g b i j k l,seen alphabets,h s r d e f g b i j k l m n o p q z w t c v y x a u,10,sort,7,in,f g b i j k l,1
718,nocopy_20,l w y o o,y w l o,h y h w,h y w,unseen alphabets,e d r c z m a f i j h y w l o g v p s b u q n x k t,20,rr_sort,4,out-of,h i y,0
719,nocopy_20,l k m n g,k l m n g,i f h a e,i f a h e,unseen alphabets,o b c d i f a h e j k l m n g p q r s t u v w x y z,5,sort,5,in,g f e h i,0
720,nocopy_20,s v s v t v u,s v t v u,o o p o q o q o r o s,o o p o q o r o s,seen alphabets,a z c d e f g h i j k l m n o p q r s t u v w x y b,2,rr_interleave,11,in,o o p o q o r o s,1
721,nocopy_20,h b j k l m,h b j k l m y,y y o o a a f f r r,y y o o a a f f r r s s,unseen alphabets,q t c d e i p h b j k l m y o a f r s n u v w x g z,10,extend_group,5,out-of,y y o o r r d d,0
722,nocopy_20,a a b b g g d d e e f f s s,a a b b g g d d e e f f s s h h,v v v c c c x x x y y y,v v v c c c x x x y y y z z z,seen alphabets,a b g d e f s h i j w l m n o p q r k t u v c x y z,5,extend_group,12,out-of,a a a b b b g g g d d d e e e f f f s s s,0
723,nocopy_20,s w u v t,s t u v w,l j i,l i j,seen alphabets,a b c d q f g l i j k p m n o e h r s t u v w x y z,5,sort,3,in,l i j,1
724,nocopy_20,k l b n o p,k l b n o p q s,m c d,m c d e g,unseen alphabets,a m c d e f g h i j k l b n o p q r s t u v w x y z,2,extend_extend_succ,3,out-of,b c d,0
725,nocopy_20,f v w e,f v w e f v w e,u n c d a,u n c d a u n c d a,seen alphabets,u n c d a o g h x j b l m k i p q r s t f v w e y z,10,replicate,5,out-of,u n c d a o,0
726,nocopy_20,m n o b q y,s t u v w x,j p l m n o b,q y s t u v w,unseen alphabets,a r c d e f g h i j p l m n o b q y s t u v w x k z,5,shift,7,out-of,j k l m n o p,0
727,nocopy_20,r q s,q r s,u u u v v v w w w z z z y y y x x x,u u u v v v w w w x x x y y y z z z,unseen alphabets,a m c d e f g h i j k l b n o p q r s t u v w x y z,2,sort_group,6,in,u u u v v v w w w x x x y y y z z z,1
728,nocopy_20,h i m,h i m k r,o p q c s t,o p q c s t j w,seen alphabets,a b u d e f g h i m k l r n o p q c s t j v w x y z,5,extend_extend_succ,6,out-of,n p q c s t,0
729,nocopy_20,v i o,o i v,q a x k z,z k x a q,unseen alphabets,r d v i o f g m y b w n h u j p c l e t s q a x k z,20,reverse,5,out-of,q r k t,0
730,nocopy_20,r v s t d s w,r s t d v w,v z x y y w,v w x y z,seen alphabets,a b c u e f g h i j k l m n o p q r s t d v w x y z,2,rr_sort,6,out-of,v w x y z,1
731,nocopy_20,h i j k,h i j k l,e e f f g g h h i i,e e f f g g h h i i j j,unseen alphabets,a b c d e f g h i j k l t n o p q r s m u v w x y z,2,extend_group,5,out-of,e e f f g g h h i i j j k,0
732,nocopy_20,q t h,q t h q t h,a z g r k w,a z g r k w a z g r k w,seen alphabets,l d c b e f a z g r k w n y s o u i q t h v x p m j,20,replicate,6,out-of,a z g r k w n,0
733,nocopy_20,w j p n t g,w j p s t g z,s t g x,s t g z m,seen alphabets,q k i d v f r h a l e b x c n w j p s t g z m o y u,20,fix_extend,4,in,s t g z m,1
734,nocopy_20,e d r c z z,e d r c z,v p s b u u q n,v p s b u q n,unseen alphabets,e d r c z m a f i j h y w l o g v p s b u q n x k t,20,remove_redundant,8,in,v p q r s t u,0
735,nocopy_20,l m f,l m f o q,c e y a g,c e y a g h j,unseen alphabets,k n c e y a g h i j d l m f o t q r s b u v w x p z,10,extend_extend_succ,5,out-of,c e y u t,0
736,nocopy_20,e f f g,e f g,a b c d d e,a b c d e,seen alphabets,a b c d e f g h i j k l m n o p q r s t u v w x z y,2,remove_redundant,6,in,a b c d e,1
737,nocopy_20,i j e,h j h,j a l,i a m,seen alphabets,a b c d g f e h i j k l m n o p q r s t u v w x y z,2,fix_pred_succ,3,out-of,j k l,0
738,nocopy_20,a b u d d,a b u e,q c s t t j,q c s t v,seen alphabets,a b u d e f g h i m k l r n o p q c s t j v w x y z,5,rr_succ,6,in,q c s t v,1
739,nocopy_20,l m n o i,l m n o i l m n o i,f g h p b k l,f g h p b k l f g h p b k l,unseen alphabets,a y c d e f g h p b k l m n o i q r s t u v w x j z,5,replicate,7,out-of,f g h i m k l r,0
740,nocopy_20,i v w x,u v w x,f s h g j,f s h i j,unseen alphabets,g b c d e f s h i j y l m n o p q r k t u v w x a z,5,fix_alphabetic_seq,5,in,f g h i j,0
741,nocopy_20,m y i l j w,m w i l j y,g f a k,g f k a,unseen alphabets,u q h c p n r v g f k a m w i l j y s t d b o x e z,20,sort,4,in,k g f q,0
742,nocopy_20,g w i j p,f w i j l,e f s,d f t,unseen alphabets,a r c d e f g h i j p l m n o b q y s t u v w x k z,5,fix_pred_succ,3,out-of,e f h,0
743,nocopy_20,f g l i j k,f g l i j k p n,q f g l,q f g l i k,seen alphabets,a b c d q f g l i j k p m n o e h r s t u v w x y z,5,extend_extend_succ,4,out-of,q f g i,0
744,nocopy_20,i i j j k k l l m m n n,i i j j k k l l m m n n o o,p p p q q q r r r,p p p q q q r r r s s s,seen alphabets,a b c d e f g h i j k l m n o p q r s t u v w x y z,1,extend_group,9,out-of,j j k k l l m m n n o o p p q q q q r r r,0
745,nocopy_20,b k l m,p k l m n,t u v w,s u v w x,unseen alphabets,a y c d e f g h p b k l m n o i q r s t u v w x j z,5,extend_pred,4,out-of,t u v w x,0
746,nocopy_20,u e g v h d k,u e v g h d k,x w n,n w x,seen alphabets,a b c u e v g h d k i l m j r p q o s t f n w x y z,10,sort,3,in,n w x,1
747,nocopy_20,t d u d v d w d w,t d u d v d w,v u w u e u e,v u w u e,seen alphabets,a b c d x f g i r j k l m n o p q h s t u v w e y z,5,rr_interleave,7,in,v u w u e,1
748,nocopy_20,n o w q r s t,n o p q r s t,b g w g d,b g c g d,unseen alphabets,f b c d e a g h i j k l m n o p q r s t u v w x y z,2,fix_interleave,3,out-of,b c d g f,0
749,nocopy_20,e f s,d f t,s l m,y l n,unseen alphabets,a r c d e f g h i j p l m n o b q y s t u v w x k z,5,fix_pred_succ,3,out-of,k l m,0
750,nocopy_20,r c z l,r c z m a,y i l,y w l o,unseen alphabets,e d r c z m a f i j h y w l o g v p s b u q n x k t,20,fix_extend,3,in,y k l m,0
751,nocopy_20,w d d m n u,u d m n w,m w w n s,m n w s,seen alphabets,x l c v z t q h i a k b f e j o p r g y u d m n w s,20,rr_sort,5,out-of,m w s,0
752,nocopy_20,l m n o,k m n o,u f g p,d f g p,seen alphabets,a s r d u f g p i j k l m n o h q b c t z e w x y v,10,pred,4,in,d f g p,1
753,nocopy_20,e r s h,e f s h,f c x,v c x,seen alphabets,a b g d e f s h i j w l m n o p q r k t u v c x y z,5,fix_alphabetic_seq,3,in,v c x,1
754,nocopy_20,g h h p b k,g h p b k,d e e f,d e f,unseen alphabets,a y c d e f g h p b k l m n o i q r s t u v w x j z,5,remove_redundant,4,in,d e f,1
755,nocopy_20,s t u i y w,s t u i y w s t u i y w,l m n,l m n l m n,seen alphabets,a b c z j f g h v e k l m n o p q x s t u i y w d r,10,replicate,3,out-of,i y k l m n o,0
756,nocopy_20,g w d r,y w d r,h x e k l,h v e k l,seen alphabets,a b c z j f g h v e k l m n o p q x s t u i y w d r,10,fix_alphabetic_seq,5,in,h x j k l,0
757,nocopy_20,d e f g h x,d e f g h i j,q r s m k v,q r s m u v w,unseen alphabets,a b c d e f g h i j k l t n o p q r s m u v w x y z,2,fix_extend,6,in,q r s t u v w,0
758,nocopy_20,t i j i v i v,t i j i v,b i b i u i d i e,b i u i d i e,seen alphabets,a b u d e f g h i m k l r n o p q c s t j v w x y z,5,rr_interleave,9,in,b i u i d i e,1
759,nocopy_20,s d d r u,s r d u,x y v v,x y v,seen alphabets,a s r d u f g p i j k l m n o h q b c t z e w x y v,10,rr_sort,4,out-of,x y v,1
760,nocopy_20,d d e f g h b j,d e f g h b j,u v w x x y z,u v w x y z,unseen alphabets,a i c d e f g h b j k l m n o p q r s t u v w x y z,2,remove_redundant,7,in,u v w x y z,1
761,nocopy_20,i x p l m,i j p l m,r q c q d q w q f q g q h,r q c q d q e q f q g q h,unseen alphabets,a r c d e f g h i j p l m n o b q y s t u v w x k z,5,fix_interleave,7,out-of,z q c q d q e q f q g q h,0
762,nocopy_20,a g h i i j d l,a g h i j d m,g g h i j,g h i d,unseen alphabets,k n c e y a g h i j d l m f o t q r s b u v w x p z,10,rr_succ,5,in,g h i k,0
763,nocopy_20,o v w,u v w,b k l m n o,j k l m n o,seen alphabets,a b c d x f g i r j k l m n o p q h s t u v w e y z,5,fix_alphabetic_seq,6,in,j k l m n o,1
764,nocopy_20,l c n o,k c n o p,m d e f g,b d e f g h,seen alphabets,a b m d e f g h i j k l c n o p q r s t u v w x y z,2,extend_pred,5,out-of,m d e f g h,0
765,nocopy_20,i j k l m n o,i j k l m n o p r,l m n o p q r,l m n o p q r s u,seen alphabets,a z c d e f g h i j k l m n o p q r s t u v w x y b,2,extend_extend_succ,7,out-of,l m n o p q r s,0
766,nocopy_20,y z z,y z,t n o p q r s s,t n o p q r s,unseen alphabets,a b c d e f g h i j k l t n o p q r s m u v w x y z,2,remove_redundant,8,in,n o p q r s t,0
767,nocopy_20,u o e o e o v o g,u o e o v o g,r e p e p e q,r e p e q,seen alphabets,a b c u e v g h d k i l m j r p q o s t f n w x y z,10,rr_interleave,7,in,r e p e q,1
768,nocopy_20,q r s s t u v w,q r s t u v w,t u v w x x y,t u v w x y,unseen alphabets,a m c d e f g h i j k l b n o p q r s t u v w x y z,2,remove_redundant,7,in,t u v w x z,0
769,nocopy_20,b v d f g h,i j k l m n,l m n o p,q r s t u,unseen alphabets,a c b v d f g h i j k l m n o p q r s t u e w x y z,5,shift,5,out-of,l m n o q,0
770,nocopy_20,v w x y,j w x y,y z,x z,seen alphabets,a b u d e f g h i m k l r n o p q c s t j v w x y z,5,pred,2,in,x z,1
771,nocopy_20,m n o p q,q p o n m,v w x,x w v,unseen alphabets,a i c d e f g h b j k l m n o p q r s t u v w x y z,2,reverse,3,out-of,u w x,0
772,nocopy_20,i j k n,i j k n m,u v d o y q,u v d o y q z,unseen alphabets,x r l b g t e s i j k n m w f p a c h u v d o y q z,20,extend_sequence,6,in,u v c x y z,0
773,nocopy_20,o g h x,o g h x o g h x,r s t f,r s t f r s t f,seen alphabets,u n c d a o g h x j b l m k i p q r s t f v w e y z,10,replicate,4,out-of,r s t f v,0
774,nocopy_20,h d k i l m j,h d k i l m j r q,l m j r p,l m j r p q s,seen alphabets,a b c u e v g h d k i l m j r p q o s t f n w x y z,10,extend_extend_succ,5,out-of,l m j r p q,0
775,nocopy_20,g h i,j k l,n o p q r s,t u e w x y,unseen alphabets,a c b v d f g h i j k l m n o p q r s t u e w x y z,5,shift,6,out-of,m o p q r s,0
776,nocopy_20,l m n o p,l m n o p q s,d e f g,d e f g b y,seen alphabets,a h c d e f g b i y k l m n o p q r s t u j w x v z,5,extend_extend_succ,4,out-of,d e f b,0
777,nocopy_20,c d g f e h,c d g f e h i,h i j k l m n,h i j k l m n o,seen alphabets,a b c d g f e h i j k l m n o p q r s t u v w x y z,2,extend_sequence,7,in,h i j k l m n o,1
778,nocopy_20,n n o p,n o q,i m k k,i m l,seen alphabets,a b u d e f g h i m k l r n o p q c s t j v w x y z,5,rr_succ,4,in,i m k,0
779,nocopy_20,b e e f a,b e f z,t h h v x,t h v p,seen alphabets,l d c b e f a z g r k w n y s o u i q t h v x p m j,20,rr_succ,5,in,t h v x,0
780,nocopy_20,i j k l b n o,i j k l b n o p,s s t t u u v v w w x x y y,s s t t u u v v w w x x y y z z,unseen alphabets,a m c d e f g h i j k l b n o p q r s t u v w x y z,2,extend_group,7,out-of,s s t t u u v v w w x x y y,0
781,nocopy_20,d e f g,b i y k,e f g b,i y k l,seen alphabets,a h c d e f g b i y k l m n o p q r s t u j w x v z,5,shift,4,out-of,e f g i,0
782,nocopy_20,j r p p q o s t,j r p q o s f,e v g h d d k i,e v g h d k l,seen alphabets,a b c u e v g h d k i l m j r p q o s t f n w x y z,10,rr_succ,8,in,e v g h d k l,1
783,nocopy_20,a g h i j k m,a g h i j k l,a y g y h y i y j y k y m,a y g y h y i y j y k y l,unseen alphabets,f b c d e a g h i j k l m n o p q r s t u v w x y z,2,fix_interleave,7,out-of,g y h y i y j y k y l y m,0
784,nocopy_20,k u l u m u m u n u o,k u l u m u n u o,s v t v t v u,s v t v u,seen alphabets,a b c d e f g h i j k l m n o p q r s t u v w x z y,2,rr_interleave,7,in,s s s t t t u u u v v v,0
785,nocopy_20,k l m,j l m,u v w x,t v w x,seen alphabets,a b c d g f e h i j k l m n o p q r s t u v w x y z,2,pred,4,in,t v w x,1
786,nocopy_20,b c d e a g h,b c d e a g i,u v w x y,u v w x z,unseen alphabets,f b c d e a g h i j k l m n o p q r s t u v w x y z,2,succ,5,in,t v w x y,0
787,nocopy_20,j l y m,j y l m,k u t,k t u,unseen alphabets,g b c d e f s h i j y l m n o p q r k t u v w x a z,5,sort,3,in,k t u,1
788,nocopy_20,c d a,n d a,h x j b l m k,g x j b l m k,seen alphabets,u n c d a o g h x j b l m k i p q r s t f v w e y z,10,pred,7,in,h x j b l m i,0
789,nocopy_20,l m n o,p q r s,c d e f g h,b j k l m n,unseen alphabets,a i c d e f g h b j k l m n o p q r s t u v w x y z,2,shift,6,out-of,b d e f g h,0
790,nocopy_20,o j e j q j r,o j p j q j r,j y k y l y r,j y k y l y m,seen alphabets,a b c d g f e h i j k l m n o p q r s t u v w x y z,2,fix_interleave,7,out-of,j y k y l y r,0
791,nocopy_20,t q h,z q h i,o p r g y,j p r g y u,seen alphabets,x l c v z t q h i a k b f e j o p r g y u d m n w s,20,extend_pred,5,out-of,o p r g y u,0
792,nocopy_20,j k p m n,o e h r s,j k p m n o,e h r s t u,seen alphabets,a b c d q f g l i j k p m n o e h r s t u v w x y z,5,shift,6,out-of,i k p m n o,0
793,nocopy_20,e b x c n,e b x c n w p,c n w j p,c n w j p s g,seen alphabets,q k i d v f r h a l e b x c n w j p s t g z m o y u,20,extend_extend_succ,5,out-of,x n w j p,0
794,nocopy_20,t l c n,s l c o,i j k r c,h j k r n,seen alphabets,a b m d e f g h i j k l c n o p q r s t u v w x y z,2,fix_pred_succ,5,out-of,i j k l c,0
795,nocopy_20,t w v u x x y z,t u v w x y z,w w x y,w x y,unseen alphabets,a m c d e f g h i j k l b n o p q r s t u v w x y z,2,rr_sort,4,out-of,w x z,0
796,nocopy_20,g h b,g h b j,o o p p q q,o o p p q q r r,unseen alphabets,a i c d e f g h b j k l m n o p q r s t u v w x y z,2,extend_group,3,out-of,o p q r s t,0
797,nocopy_20,f g h i j k,f g h i j k l,b b n n o o p p q q r r,b b n n o o p p q q r r s s,unseen alphabets,a m c d e f g h i j k l b n o p q r s t u v w x y z,2,extend_group,6,out-of,m n o p q q r r s,0
798,nocopy_20,a i h g,a g h i,l h i j k g,g h i j k l,unseen alphabets,f b c d e a g h i j k l m n o p q r s t u v w x y z,2,sort,6,in,g h i j k l,1
799,nocopy_20,a s h u v d o,a c h u v d o,p a n h u,p a c h u,unseen alphabets,x r l b g t e s i j k n m w f p a c h u v d o y q z,20,fix_alphabetic_seq,5,in,p m n o e,0
800,nocopy_20,d w v x y,d v w x y,v w x z y,v w x y z,seen alphabets,a b c u e f g h i j k l m n o p q r s t d v w x y z,2,sort,5,in,u w x z y,0
801,nocopy_20,a r c d e f,a r c d e f g,y s t u,y s t u v,unseen alphabets,a r c d e f g h i j p l m n o b q y s t u v w x k z,5,extend_sequence,4,in,r s t u v,0
802,nocopy_20,w x y z,w x y z w x y z,u v w x y,u v w x y u v w x y,unseen alphabets,a i c d e f g h b j k l m n o p q r s t u v w x y z,2,replicate,5,out-of,u v w x y b,0
803,nocopy_20,u v w x z y,u v w x y z,v u t w x y z,t u v w x y z,unseen alphabets,o b c d i f a h e j k l m n g p q r s t u v w x y z,5,sort,7,in,t u v w x y z,1
804,nocopy_20,p h b j k l,m y o a f r,i p h,b j k,unseen alphabets,q t c d e i p h b j k l m y o a f r s n u v w x g z,10,shift,3,out-of,i p q,0
805,nocopy_20,e y b,c y u,v w l p,u w l z,unseen alphabets,k n c e y a g h i j d l m f o t q r s b u v w x p z,10,fix_pred_succ,4,out-of,j w l p,0
806,nocopy_20,v g h d,v g h d v g h d,v g h d k i l,v g h d k i l v g h d k i l,seen alphabets,a b c u e v g h d k i l m j r p q o s t f n w x y z,10,replicate,7,out-of,v g h d k i l m,0
807,nocopy_20,f e h,v e a,h a l e g,r a l e z,seen alphabets,q k i d v f r h a l e b x c n w j p s t g z m o y u,20,fix_pred_succ,5,out-of,h a l e b,0
808,nocopy_20,p q r s t u,o q r s t u e,l m n o p q,k m n o p q r,unseen alphabets,a c b v d f g h i j k l m n o p q r s t u e w x y z,5,extend_pred,6,out-of,l m n o p q r,0
809,nocopy_20,e f g z a r k,e f a z g r k,c e b f a,c b e f a,seen alphabets,l d c b e f a z g r k w n y s o u i q t h v x p m j,20,sort,5,in,d e f a,0
810,nocopy_20,j k p m n,n m p k j,q f g l i j,j i l g f q,seen alphabets,a b c d q f g l i j k p m n o e h r s t u v w x y z,5,reverse,6,out-of,d f g l i j,0
811,nocopy_20,k a m i w,k a m w i,x s t d b o y,y s t d b o x,unseen alphabets,u q h c p n r v g f k a m w i l j y s t d b o x e z,20,sort,7,in,x s t u i y,0
812,nocopy_20,d e f g h,d e f g i,y s t u v,y s t u w,unseen alphabets,a r c d e f g h i j p l m n o b q y s t u v w x k z,5,succ,5,in,r s t u v,0
813,nocopy_20,r g m u d y m,r g y u d m,r p o g y u d d,o p r g y u d,seen alphabets,x l c v z t q h i a k b f e j o p r g y u d m n w s,20,rr_sort,8,out-of,r p g y u m,0
814,nocopy_20,w f y,v f z,i p q r s t j,k p q r s t b,seen alphabets,u n c d a o g h x j b l m k i p q r s t f v w e y z,10,fix_pred_succ,7,out-of,i p q r s t v,0
815,nocopy_20,x y z,z y x,b g h i j k,k j i h g b,unseen alphabets,a f c d e b g h i j k l m n o p q r s t u v w x y z,2,reverse,6,out-of,f g h i j k,0
816,nocopy_20,c u e v g h d,c u e v g h d k l,u e v g,u e v g h k,seen alphabets,a b c u e v g h d k i l m j r p q o s t f n w x y z,10,extend_extend_succ,4,out-of,u e v g h,0
817,nocopy_20,l b g t e s i,l b g t e s j,f p a c,f p a h,unseen alphabets,x r l b g t e s i j k n m w f p a c h u v d o y q z,20,succ,4,in,f a p c,0
818,nocopy_20,a e b e b e u e d e e,a e b e u e d e e,e n f n f n g n h,e n f n g n h,seen alphabets,a b u d e f g h i m k l r n o p q c s t j v w x y z,5,rr_interleave,9,in,u n d e e e f f f g g g h h,0
819,nocopy_20,r s t,u v w,p q r s t,u v w x y,unseen alphabets,f b c d e a g h i j k l m n o p q r s t u v w x y z,2,shift,5,out-of,o q r s t,0
820,nocopy_20,p q z w i c,o q z w i v,w t c v y z a,z t c v y z u,seen alphabets,h s r d e f g b i j k l m n o p q z w t c v y x a u,10,fix_pred_succ,7,out-of,w t c v y x a,0
821,nocopy_20,x s t u i y w w,x s t u i y d,f g g h,f g v,seen alphabets,a b c z j f g h v e k l m n o p q x s t u i y w d r,10,rr_succ,4,in,f g h,0
822,nocopy_20,a g h i j j k,a g h i j k,t u v w w x y,t u v w x y,unseen alphabets,f b c d e a g h i j k l m n o p q r s t u v w x y z,2,remove_redundant,7,in,t u v w x z,0
823,nocopy_20,b l m k i p,j l m k i p q,o g h,a g h x,seen alphabets,u n c d a o g h x j b l m k i p q r s t f v w e y z,10,extend_pred,3,out-of,o g h x,0
824,nocopy_20,e f g h,d f g h i,t u v w x,s u v w x y,seen alphabets,a b c d e f g h i j k l m n o p q r s t u v w x y z,1,extend_pred,5,out-of,t u v w x y,0
825,nocopy_20,j e r r,j e r,g d g d h d q d l,g d h d q d l,unseen alphabets,a b m j e r g h q l f d k n o p i c s t u v w x y z,10,rr_interleave,5,in,g d h d d d k d l,0
826,nocopy_20,l l l m m m q q q o o o p p p n n n h h h,l l l m m m n n n o o o p p p q q q h h h,l l l n n n m m m o o o,l l l m m m n n n o o o,seen alphabets,a b c d x f g i r j k l m n o p q h s t u v w e y z,5,sort_group,12,in,l l l m m m n n n o o o h h h q q q b b b,0
827,nocopy_20,j m l k n n,j k l m n,d f k h i i j g,d f g h i j k,unseen alphabets,a c b v d f g h i j k l m n o p q r s t u e w x y z,5,rr_sort,8,out-of,d f g h i j k,1
828,nocopy_20,f i j j h y,f i j h y,j h y w l o o g,j h y w l o g,unseen alphabets,e d r c z m a f i j h y w l o g v p s b u q n x k t,20,remove_redundant,8,in,j h s l c,0
829,nocopy_20,b c d g,g d c b,s t u v w x y,y x w v u t s,seen alphabets,a b c d g f e h i j k l m n o p q r s t u v w x y z,2,reverse,7,out-of,r t u v w x y,0
830,nocopy_20,r r s n,r s n,e r i r p r h r h,e r i r p r h,unseen alphabets,q t c d e i p h b j k l m y o a f r s n u v w x g z,10,rr_interleave,5,in,e r h r i r p r h,0
831,nocopy_20,i j j k l,i j k c,b b m d e,b m d f,seen alphabets,a b m d e f g h i j k l c n o p q r s t u v w x y z,2,rr_succ,5,in,b m d e,0
832,nocopy_20,r s t u v w x,x w v u t s r,d g f e,e f g d,seen alphabets,a b c d g f e h i j k l m n o p q r s t u v w x y z,2,reverse,4,out-of,d g f h,0
833,nocopy_20,i k e r,z j u b,g h m i,k e r z,unseen alphabets,d s p a x f g h m i k e r z j u b q t n c v o w y l,20,shift,4,out-of,g h i m,0
834,nocopy_20,i l h a w d o,n l h a w d p,b h a w f,i h a w q,seen alphabets,m r j k g f q n i b h a w d o p v x s l c e y u t z,20,fix_pred_succ,5,out-of,b h a w d,0
835,nocopy_20,k g b g b g f g e g j g o g p,k g b g f g e g j g o g p,i f a f k f b f f f e f e,i f a f k f b f f f e,seen alphabets,x l c v z t q h i a k b f e j o p r g y u d m n w s,20,rr_interleave,13,in,e f f f g g b b b i i f j j j k k k p p p,0
836,nocopy_20,m h r s t u v,e h r s t u v w,n o m h,n o e h r,seen alphabets,a b c d q f g l i j k p m n o e h r s t u v w x y z,5,fix_extend,4,in,n o h q,0
837,nocopy_20,s v u v m w,s m u v w,b d c c,b c d,unseen alphabets,a b c d e f g h i j k l t n o p q r s m u v w x y z,2,rr_sort,4,out-of,b c d,1
838,nocopy_20,j b o b p b r b g b y b y,j b o b p b r b g b y,a s k s k s b s f s e,a s k s b s f s e,seen alphabets,x l c v z t q h i a k b f e j o p r g y u d m n w s,20,rr_interleave,11,in,f b a b b b g b g b d b e e,0
839,nocopy_20,l f m f m f n,l f m f n,u l v l w l x l x l y,u l v l w l x l y,seen alphabets,a z c d e f g h i j k l m n o p q r s t u v w x y b,2,rr_interleave,11,in,u l v l w l x l y,1
840,nocopy_20,i r w r w r u r v,i r w r u r v,v u b u m u p u s u s u z,v u b u m u p u s u z,seen alphabets,a e c h x l g r q y k t f n d j o i w u v b m p s z,20,rr_interleave,13,in,v u b u m u p u s u z,1
841,nocopy_20,f y g y i y r y j y k y k y l,f y g y i y r y j y k y l,h r s r s r t r u r v r w,h r s r t r u r v r w,seen alphabets,a b c d x f g i r j k l m n o p q h s t u v w e y z,5,rr_interleave,13,in,f y g r i r r r j j k k l l n y m r n n n,0
842,nocopy_20,r k w n y s o,r k w n y s o u q,g r k w,g r k w n s,seen alphabets,l d c b e f a z g r k w n y s o u i q t h v x p m j,20,extend_extend_succ,4,out-of,g r k w n,0
843,nocopy_20,y k k t,y k f,k t f f n,k t f d,seen alphabets,a e c h x l g r q y k t f n d j o i w u v b m p s z,20,rr_succ,5,in,k t f d,1
844,nocopy_20,u i q t h,u i q t v,w n y s o u i,w n y s o u q,seen alphabets,l d c b e f a z g r k w n y s o u i q t h v x p m j,20,succ,7,in,k n y s o u i,0
845,nocopy_20,c d e h p i b,c d e i p h b,n n n v v v u u u,n n n u u u v v v,unseen alphabets,q t c d e i p h b j k l m y o a f r s n u v w x g z,10,sort_group,3,in,u u u v v v,0
846,nocopy_20,n m w f p a,k m w f p a c,a c h u v,p c h u v d,unseen alphabets,x r l b g t e s i j k n m w f p a c h u v d o y q z,20,extend_pred,5,out-of,a h c u e v g,0
847,nocopy_20,e i s h f,e f s h i,l m n q p o,l m n o p q,seen alphabets,a b g d e f s h i j w l m n o p q r k t u v c x y z,5,sort,6,in,l m n o p q,1
848,nocopy_20,v e v e w e x e y,v e w e x e y,r x s x t x t x u,r x s x t x u,seen alphabets,a b m d e f g h i j k l c n o p q r s t u v w x y z,2,rr_interleave,9,in,r x s x t x u,1
849,nocopy_20,z m a f i j,z m a f i j z m a f i j,r c z,r c z r c z,unseen alphabets,e d r c z m a f i j h y w l o g v p s b u q n x k t,20,replicate,3,out-of,f e j o p r g,0
850,nocopy_20,t t f f n n z z x x y y w w,t t f f n n w w x x y y z z,i i k k d d l l m m j j,d d k k i i l l m m j j,seen alphabets,a b c u e v g h d k i l m j r p q o s t f n w x y z,10,sort_group,12,in,t t f f n n w w x x y y z z z t t t f m m,0
851,nocopy_20,u v w,n v w,s n u v w,r n u v w,unseen alphabets,q t c d e i p h b j k l m y o a f r s n u v w x g z,10,pred,5,in,s t u v w,0
852,nocopy_20,m n o p,p o n m,x y z,z y x,unseen alphabets,f b c d e a g h i j k l m n o p q r s t u v w x y z,2,reverse,3,out-of,w y z,0
853,nocopy_20,s t f n,o t f n,j r p q,m r p q,seen alphabets,a b c u e v g h d k i l m j r p q o s t f n w x y z,10,pred,4,in,m r p q,1
854,nocopy_20,q y k y t,q y k t,c h x h l,c h x l,seen alphabets,a e c h x l g r q y k t f n d j o i w u v b m p s z,20,rr_sort,5,out-of,c h x g,0
855,nocopy_20,g u i n k,g h i n k,e j o,y j o,unseen alphabets,x b c d e v g h i n k l m w f p q r s t u z a y j o,10,fix_alphabetic_seq,3,in,e j p,0
856,nocopy_20,w l m n o,p q r k t,h i j,w l m,seen alphabets,a b g d e f s h i j w l m n o p q r k t u v c x y z,5,shift,3,out-of,h i w,0
857,nocopy_20,b g g t e s i j,b g t e s i k,g t e s i i,g t e s j,unseen alphabets,x r l b g t e s i j k n m w f p a c h u v d o y q z,20,rr_succ,6,in,g t e h i,0
858,nocopy_20,i l m j r p q,k l m j r p q,q o s,p o s,seen alphabets,a b c u e v g h d k i l m j r p q o s t f n w x y z,10,pred,3,in,p o s,1
859,nocopy_20,f g h e,f g h b j,k l m w o p q,k l m n o p q r,unseen alphabets,a i c d e f g h b j k l m n o p q r s t u v w x y z,2,fix_extend,7,in,k l m n o p q r,1
860,nocopy_20,u v w x y z,t v w x y z,j k l m,b k l m,unseen alphabets,a i c d e f g h b j k l m n o p q r s t u v w x y z,2,pred,4,in,i k l m,0
861,nocopy_20,u p r g,o p r g,e j o y r,e j o p r,seen alphabets,x l c v z t q h i a k b f e j o p r g y u d m n w s,20,fix_alphabetic_seq,5,in,e j o p r,1
862,nocopy_20,h i j k k,h i j k,n o p q r s s t,n o p q r s t,seen alphabets,a b c u e f g h i j k l m n o p q r s t d v w x y z,2,remove_redundant,8,in,n o p q r s u,0
863,nocopy_20,e f g n i j k,e f g h i j k l,p i r s,p q r s t,unseen alphabets,a m c d e f g h i j k l b n o p q r s t u v w x y z,2,fix_extend,4,in,p q r s t,1
864,nocopy_20,g o x j b l m,g h x j b l m,j g h x,o g h x,seen alphabets,u n c d a o g h x j b l m k i p q r s t f v w e y z,10,fix_alphabetic_seq,4,in,z g h x,0
865,nocopy_20,e b x c n w u,e b x c n w j,d a f,d v f,seen alphabets,q k i d v f r h a l e b x c n w j p s t g z m o y u,20,fix_alphabetic_seq,3,in,d a g,0
866,nocopy_20,h i n k l,h i n k l m,z a y j,z a y j o,unseen alphabets,x b c d e v g h i n k l m w f p q r s t u z a y j o,10,extend_sequence,4,in,z m o y u,0
867,nocopy_20,c o p q,n o p q,q r s t v,q r s t u,seen alphabets,a b c d g f e h i j k l m n o p q r s t u v w x y z,2,fix_alphabetic_seq,5,in,q r s t u,1
868,nocopy_20,n c v o,n c v w,z j u b,z j u q,unseen alphabets,d s p a x f g h m i k e r z j u b q t n c v o w y l,20,succ,4,in,u j b,0
869,nocopy_20,b v d f g h i,c v d f g h i j,l m n o p q,k m n o p q r,unseen alphabets,a c b v d f g h i j k l m n o p q r s t u e w x y z,5,extend_pred,6,out-of,l m n o p q r,0
870,nocopy_20,v v w w x x z z,v v w w x x z z y y,u u v v w w x x z z,u u v v w w x x z z y y,seen alphabets,a b c d e f g h i j k l m n o p q r s t u v w x z y,2,extend_group,10,out-of,t u u u v v w w x x y y z,0
871,nocopy_20,x x u u t t s s i i y y w w,x x s s t t u u i i y y w w,a a z z c c b b,a a b b c c z z,seen alphabets,a b c z j f g h v e k l m n o p q x s t u i y w d r,10,sort_group,8,in,x x s s t t u u i i y y w w,0
872,nocopy_20,b c u e v g,b c u e v g h k,p q o,p q o s f,seen alphabets,a b c u e v g h d k i l m j r p q o s t f n w x y z,10,extend_extend_succ,3,out-of,r q o,0
873,nocopy_20,w x y z,e x y z,q r s t u e,p r s t u e,unseen alphabets,a c b v d f g h i j k l m n o p q r s t u e w x y z,5,pred,6,in,p r s t u e,1
874,nocopy_20,h i a k k,h i a k,g g y u d m,g y u d m,seen alphabets,x l c v z t q h i a k b f e j o p r g y u d m n w s,20,remove_redundant,6,in,g y u d m,1
875,nocopy_20,o o i i w w v v u u b b m m,o o i i w w u u v v b b m m,r r g g l l q q,l l g g r r q q,seen alphabets,a e c h x l g r q y k t f n d j o i w u v b m p s z,20,sort_group,8,in,i i i w w w u u u v v v b b b m m m p p p,0
876,nocopy_20,e b g h i j k,l m n o p q r,o p q r s,t u v w x,unseen alphabets,a f c d e b g h i j k l m n o p q r s t u v w x y z,2,shift,5,out-of,n p q r s,0
877,nocopy_20,v e k l m,v e k l n,l m n o p,l m n o q,seen alphabets,a b c z j f g h v e k l m n o p q x s t u i y w d r,10,succ,5,in,l m n o q,1
878,nocopy_20,l m n o p q x,l m n o p q x l m n o p q x,e k l m n o p,e k l m n o p e k l m n o p,seen alphabets,a b c z j f g h v e k l m n o p q x s t u i y w d r,10,replicate,7,out-of,m m n n o o p p q q x x s s,0
879,nocopy_20,t u v w x y o,t u v w x y z,p i j k l b,h i j k l b,unseen alphabets,a m c d e f g h i j k l b n o p q r s t u v w x y z,2,fix_alphabetic_seq,6,in,p i j k l m,0
880,nocopy_20,q q z w t,q z w t,l l m n,l m n,seen alphabets,h s r d e f g b i j k l m n o p q z w t c v y x a u,10,remove_redundant,4,in,l m n,1
881,nocopy_20,p q z w,o q z w,j k l,i k l,seen alphabets,h s r d e f g b i j k l m n o p q z w t c v y x a u,10,pred,3,in,j k m,0
882,nocopy_20,f c d,f c d e,b b g g h h i i,b b g g h h i i j j,unseen alphabets,a f c d e b g h i j k l m n o p q r s t u v w x y z,2,extend_group,4,out-of,f g h i i j,0
883,nocopy_20,d i f a,d i f a h,f f a a h h e e j j k k l l,f f a a h h e e j j k k l l m m,unseen alphabets,o b c d i f a h e j k l m n g p q r s t u v w x y z,5,extend_group,7,out-of,f f e e h h i i j j k k l l,0
884,nocopy_20,p q r s t u,p q r s t u v x,l m n o p q r,l m n o p q r s u,seen alphabets,a b c d g f e h i j k l m n o p q r s t u v w x y z,2,extend_extend_succ,7,out-of,k m n o p q r,0
885,nocopy_20,z e w x y v,z e w x y v z e w x y v,g p i j k,g p i j k g p i j k,seen alphabets,a s r d u f g p i j k l m n o h q b c t z e w x y v,10,replicate,5,out-of,x f g p i j k l,0
886,nocopy_20,j p l n m o,j p l m n o,s t u v w k x,s t u v w x k,unseen alphabets,a r c d e f g h i j p l m n o b q y s t u v w x k z,5,sort,7,in,s t u v w y,0
887,nocopy_20,u u x w v,u v w x,s b u v x w p p,s b u v w x p,unseen alphabets,k n c e y a g h i j d l m f o t q r s b u v w x p z,10,rr_sort,8,out-of,s t u v w x p,0
888,nocopy_20,h b j,p b j k,u v w x g,n v w x g z,unseen alphabets,q t c d e i p h b j k l m y o a f r s n u v w x g z,10,extend_pred,5,out-of,u v w x y z,0
889,nocopy_20,t s u z a,s t u z a,p r q s t u z,p q r s t u z,unseen alphabets,x b c d e v g h i n k l m w f p q r s t u z a y j o,10,sort,7,in,p q r s t u j,0
890,nocopy_20,g f e h i,e f g h i,y z,z y,seen alphabets,a b c d e f g h i j k l m n o p q r s t u v w x z y,2,sort,2,in,x z,0
891,nocopy_20,i j k l m t o,i j k l m n o p,t c v y u,t c v y x a,seen alphabets,h s r d e f g b i j k l m n o p q z w t c v y x a u,10,fix_extend,5,in,t c v y x a,1
892,nocopy_20,d o p f x s,w o p f x l,u t r,y t j,seen alphabets,m r j k g f q n i b h a w d o p v x s l c e y u t z,20,fix_pred_succ,3,out-of,r u t,0
893,nocopy_20,g h i,g h j,f c d e b g h,f c d e b g i,unseen alphabets,a f c d e b g h i j k l m n o p q r s t u v w x y z,2,succ,7,in,b c d e f g h,0
894,nocopy_20,b c d g,f e h i,c d g f,e h i j,seen alphabets,a b c d g f e h i j k l m n o p q r s t u v w x y z,2,shift,4,out-of,c d g e,0
895,nocopy_20,j f g h v e,z f g h v e,x s t u i y,q s t u i y,seen alphabets,a b c z j f g h v e k l m n o p q x s t u i y w d r,10,pred,6,in,q s t u i y,1
896,nocopy_20,j k n m w f p,a c h u v d o,k n m w f p a,c h u v d o y,unseen alphabets,x r l b g t e s i j k n m w f p a c h u v d o y q z,20,shift,7,out-of,k t f n d j,0
897,nocopy_20,y x x c,c x y,e g d g,g d e,seen alphabets,a b g d e f s h i j w l m n o p q r k t u v c x y z,5,rr_sort,4,out-of,e g d,0
898,nocopy_20,t u v,s u v w,b m d e f g h,a m d e f g h i,seen alphabets,a b m d e f g h i j k l c n o p q r s t u v w x y z,2,extend_pred,7,out-of,b m d e f g h i,0
899,nocopy_20,l e t s s a q x,l e t s q a x,k x a k,a x k,unseen alphabets,r d v i o f g m y b w n h u j p c l e t s q a x k z,20,rr_sort,4,out-of,k x f,0
900,nocopy_20,r n o p q c j,r n o p q c s t,a b u r e,a b u d e f,seen alphabets,a b u d e f g h i m k l r n o p q c s t j v w x y z,5,fix_extend,5,in,a b u d e f,1
901,nocopy_20,c n o p q r d,l n o p q r e,p i j k l,o i j k c,seen alphabets,a b m d e f g h i j k l c n o p q r s t u v w x y z,2,fix_pred_succ,5,out-of,p i j k m,0
902,nocopy_20,j k n m w f p,j k n m w f a,c h u v d,c h u v o,unseen alphabets,x r l b g t e s i j k n m w f p a c h u v d o y q z,20,succ,5,in,t h v d,0
903,nocopy_20,h h r l g x,h x l g r,e e r h x l g c,e c h x l g r,seen alphabets,a e c h x l g r q y k t f n d j o i w u v b m p s z,20,rr_sort,8,out-of,e c h x l g r,1
904,nocopy_20,j m l k,j k l m,k l q n o h m,k l m n o h q,seen alphabets,a s r d u f g p i j k l m n o h q b c t z e w x y v,10,sort,7,in,k l m n o h q,1
905,nocopy_20,p m n o e h,p m n o e h p m n o e h,i j k p m n,i j k p m n i j k p m n,seen alphabets,a b c d q f g l i j k p m n o e h r s t u v w x y z,5,replicate,6,out-of,f e h i j k p m n o,0
906,nocopy_20,d e f f g,d e f h,m n o o p q,m n o p r,seen alphabets,a b c d e f g h i j k l m n o p q r s t u v w x y z,1,rr_succ,6,in,m n o p q,0
907,nocopy_20,b q c n,b x c n w,h a g e b,h a l e b x,seen alphabets,q k i d v f r h a l e b x c n w j p s t g z m o y u,20,fix_extend,5,in,h a l e b x,1
908,nocopy_20,b c i q f g,b c d q f g l,f g l e j k p,f g l i j k p m,seen alphabets,a b c d q f g l i j k p m n o e h r s t u v w x y z,5,fix_extend,7,in,f g l i j k p m,1
909,nocopy_20,d k n n o p i,d k n o p c,n o p p i,n o p c,unseen alphabets,a b m j e r g h q l f d k n o p i c s t u v w x y z,10,rr_succ,5,in,n o p q,0
910,nocopy_20,k l m y o,o y m l k,f r s n u v,v u n s r f,unseen alphabets,q t c d e i p h b j k l m y o a f r s n u v w x g z,10,reverse,6,out-of,f r s t u v,0
911,nocopy_20,c d a o g h,c d a o g h c d a o g h,r s t f,r s t f r s t f,seen alphabets,u n c d a o g h x j b l m k i p q r s t f v w e y z,10,replicate,4,out-of,o g h r s t f v,0
912,nocopy_20,n o p q,m o p q r,i j w l m n o,h j w l m n o p,seen alphabets,a b g d e f s h i j w l m n o p q r k t u v c x y z,5,extend_pred,7,out-of,i j w l m n o p,0
913,nocopy_20,n i b h,n i b a,v x s l c e y,v x s l c e u,seen alphabets,m r j k g f q n i b h a w d o p v x s l c e y u t z,20,succ,7,in,v x s l c e u,1
914,nocopy_20,l w e w b w h,l w e w b w x,e w b w x w c w o,e w b w x w c w n,seen alphabets,q k i d v f r h a l e b x c n w j p s t g z m o y u,20,fix_interleave,9,out-of,e w b w x w c w o,0
915,nocopy_20,f g h h i,f g h j,u u v w x,u v w y,unseen alphabets,a m c d e f g h i j k l b n o p q r s t u v w x y z,2,rr_succ,5,in,u v w y,1
916,nocopy_20,p i c s t,u v w x y,j e r g,h q l f,unseen alphabets,a b m j e r g h q l f d k n o p i c s t u v w x y z,10,shift,4,out-of,j f g,0
917,nocopy_20,h c d e,h c d e f b,l m n o p q r,l m n o p q r s u,seen alphabets,a h c d e f g b i y k l m n o p q r s t u j w x v z,5,extend_extend_succ,7,out-of,k m n o p q r,0
918,nocopy_20,f n w,x y z,h d k i l,m j r p q,seen alphabets,a b c u e v g h d k i l m j r p q o s t f n w x y z,10,shift,5,out-of,h d k i m,0
919,nocopy_20,i l k j m,i j k l m,c c c b b b e e e d d d,c c c d d d e e e b b b,unseen alphabets,a f c d e b g h i j k l m n o p q r s t u v w x y z,2,sort_group,4,in,b b b c c c d d d e e e,0
920,nocopy_20,f g h v e k,k e v h g f,l m n o p,p o n m l,seen alphabets,a b c z j f g h v e k l m n o p q x s t u i y w d r,10,reverse,5,out-of,l m n o q,0
921,nocopy_20,b b b e e e d d d c c c f f f g g g,b b b c c c d d d e e e f f f g g g,c c c e e e d d d,c c c d d d e e e,seen alphabets,a b c d e f g h i j k l m n o p q r s t u v w x z y,2,sort_group,9,in,b b b c c c d d d g g g f f f e e e h h h,0
922,nocopy_20,t u v w w x y,t u v w x z,c d g f e e h,c d g f e i,seen alphabets,a b c d g f e h i j k l m n o p q r s t u v w x y z,2,rr_succ,7,in,c d g f e i,1
923,nocopy_20,r s t u v w x,r s t u v w x y,n o p q r s,n o p q r s t,seen alphabets,a b m d e f g h i j k l c n o p q r s t u v w x y z,2,extend_sequence,6,in,n o p q r s t,1
924,nocopy_20,m n o o,m n o,j k l m n n,j k l m n,seen alphabets,a b c d e f g h i j k l m n o p q r s t u v w x z y,2,remove_redundant,6,in,j k l m o,0
925,nocopy_20,z a y j,z a y j z a y j,b c d e v,b c d e v b c d e v,unseen alphabets,x b c d e v g h i n k l m w f p q r s t u z a y j o,10,replicate,5,out-of,b c d e f g,0
926,nocopy_20,f p a c,f p a c h,b b b g g g t t t e e e s s s i i i,b b b g g g t t t e e e s s s i i i j j j,unseen alphabets,x r l b g t e s i j k n m w f p a c h u v d o y q z,20,extend_group,6,out-of,b b b g g g d d d e e e f f f s s s t t t,0
927,nocopy_20,e h r s t u,e h r s t u v x,d q f g l,d q f g l i k,seen alphabets,a b c d q f g l i j k p m n o e h r s t u v w x y z,5,extend_extend_succ,5,out-of,c q f g l,0
928,nocopy_20,l y z,e y z,f v w e u z,f v w e y z,seen alphabets,u n c d a o g h x j b l m k i p q r s t f v w e y z,10,fix_alphabetic_seq,6,in,f v w e y z,1
929,nocopy_20,g b c d e f,g b c d e s,e f s h i j y,e f s h i j l,unseen alphabets,g b c d e f s h i j y l m n o p q r k t u v w x a z,5,succ,7,in,e f s h i j k,0
930,nocopy_20,o e h r s t u,o e h r s t v,u v w,u v x,seen alphabets,a b c d q f g l i j k p m n o e h r s t u v w x y z,5,succ,3,in,u v x,1
931,nocopy_20,r g y,y g r,p r g y u d,d u y g r p,seen alphabets,x l c v z t q h i a k b f e j o p r g y u d m n w s,20,reverse,6,out-of,o r g y u d,0
932,nocopy_20,a g h i,i h g a,s b u v w,w v u b s,unseen alphabets,k n c e y a g h i j d l m f o t q r s b u v w x p z,10,reverse,5,out-of,s t u v w,0
933,nocopy_20,j k g f,j k g f q i,o p v x s l,o p v x s l c y,seen alphabets,m r j k g f q n i b h a w d o p v x s l c e y u t z,20,extend_extend_succ,6,out-of,d p v x s l,0
934,nocopy_20,m n n o p,m n o p,k y y l,y k l,seen alphabets,a h c d e f g b i y k l m n o p q r s t u j w x v z,5,rr_sort,4,out-of,k l,0
935,nocopy_20,a l e b x c,h l e b x c n,s t g z m o,p t g z m o y,seen alphabets,q k i d v f r h a l e b x c n w j p s t g z m o y u,20,extend_pred,6,out-of,s t g z m o y,0
936,nocopy_20,k l r n o,k l m n o,m g h i,f g h i,seen alphabets,a b c u e f g h i j k l m n o p q r s t d v w x y z,2,fix_alphabetic_seq,4,in,f g h i,1
937,nocopy_20,x a x z,x a z,l j y y i,i j y l,unseen alphabets,g b c d e f s h i j y l m n o p q r k t u v w x a z,5,rr_sort,5,out-of,l j y i,0
938,nocopy_20,m n o p q r s,m n o p q r s t v,a b c d,a b c d e g,seen alphabets,a b c d e f g h i j k l m n o p q r s t u v w x y z,1,extend_extend_succ,4,out-of,a b c d e,0
939,nocopy_20,g h i u p l,g h i j p l,d e f l h,d e f g h,unseen alphabets,a r c d e f g h i j p l m n o b q y s t u v w x k z,5,fix_alphabetic_seq,5,in,d e f g h,1
940,nocopy_20,g q z,y q z,p a n h u,p a c h u,unseen alphabets,x r l b g t e s i j k n m w f p a c h u v d o y q z,20,fix_alphabetic_seq,5,in,p m n o e,0
941,nocopy_20,l i j k p m,g i j k p m,c d q f,b d q f,seen alphabets,a b c d q f g l i j k p m n o e h r s t u v w x y z,5,pred,4,in,b d q f,1
942,nocopy_20,r r g y u d,r g y u d,a k k b f e j o,a k b f e j o,seen alphabets,x l c v z t q h i a k b f e j o p r g y u d m n w s,20,remove_redundant,8,in,a k b f e j o,1
943,nocopy_20,o m y u,m o y u,t j p s w g,w j p s t g,seen alphabets,q k i d v f r h a l e b x c n w j p s t g z m o y u,20,sort,6,in,w j p s t g,1
944,nocopy_20,w w w y y y x x x z z z,w w w x x x y y y z z z,g g d d f f e e h h i i j j,d d g g f f e e h h i i j j,seen alphabets,a b c d g f e h i j k l m n o p q r s t u v w x y z,2,sort_group,14,in,x x x y y y z z z j j j f f f g g g h h h,0
945,nocopy_20,u v y x w,u v w x y,f a j e h k,f a h e j k,unseen alphabets,o b c d i f a h e j k l m n g p q r s t u v w x y z,5,sort,6,in,f e h i j k,0
946,nocopy_20,h i j k l,h i j k c,j k l,j k c,seen alphabets,a b m d e f g h i j k l c n o p q r s t u v w x y z,2,succ,3,in,i k l,0
947,nocopy_20,l m n,l m o,h i j k l m n,h i j k l m o,seen alphabets,a z c d e f g h i j k l m n o p q r s t u v w x y b,2,succ,7,in,h i j k l m o,1
948,nocopy_20,m w f p a c c h,m w f p a c h,g t t t t t e t s t i,g t t t e t s t i,unseen alphabets,x r l b g t e s i j k n m w f p a c h u v d o y q z,20,rr_interleave,6,in,g t d t e t f t s t h t i,0
949,nocopy_20,c u e f g h i,b u e f g h i j,p q r s t,o q r s t d,seen alphabets,a b c u e f g h i j k l m n o p q r s t d v w x y z,2,extend_pred,5,out-of,p q r s t u,0
950,nocopy_20,p c l e t,p c l e s,i o f g m y b,i o f g m y w,unseen alphabets,r d v i o f g m y b w n h u j p c l e t s q a x k z,20,succ,7,in,i g z m o y b,0
951,nocopy_20,k l m n o h,k l m n o h q,l m n o h,l m n o h q,seen alphabets,a s r d u f g p i j k l m n o h q b c t z e w x y v,10,extend_sequence,5,in,l m n o h q,1
952,nocopy_20,g t n c v o w,q t n c v o w y,j u b q t n r,j u b q t n c v,unseen alphabets,d s p a x f g h m i k e r z j u b q t n c v o w y l,20,fix_extend,7,in,j r p q o s t f,0
953,nocopy_20,e e j j g g h h i i f f k k,e e f f g g h h i i j j k k,n n o o q q p p,n n o o p p q q,seen alphabets,a b c d e f g h i j k l m n o p q r s t u v w x y z,1,sort_group,8,in,e e f f g g h h i i j j k k,0
954,nocopy_20,c d e,e d c,o p q r s,s r q p o,seen alphabets,a z c d e f g h i j k l m n o p q r s t u v w x y b,2,reverse,5,out-of,n p q r s,0
955,nocopy_20,l l m m n n o o p p q q,l l m m n n o o p p q q r r,b b b g g g d d d,b b b g g g d d d e e e,seen alphabets,a b g d e f s h i j w l m n o p q r k t u v c x y z,5,extend_group,9,out-of,n n n o o o p p p q q q r r r g g g y y y,0
956,nocopy_20,v w x y,v w x y z,t d v w x y,t d v w x y z,seen alphabets,a b c u e f g h i j k l m n o p q r s t d v w x y z,2,extend_sequence,6,in,t d v w x y z,1
957,nocopy_20,b c d g f e,b c d e f g,r s t v u,r s t u v,seen alphabets,a b c d e f g h i j k l m n o p q r s t u v w x y z,1,sort,5,in,r s t u v,1
958,nocopy_20,b o x,d o x e,t d b o x e,s d b o x e z,unseen alphabets,u q h c p n r v g f k a m w i l j y s t d b o x e z,20,extend_pred,6,out-of,t h v x p m j,0
959,nocopy_20,c l e t s,c l e t q,y b w n h,y b w n u,unseen alphabets,r d v i o f g m y b w n h u j p c l e t s q a x k z,20,succ,5,in,w n y s h,0
960,nocopy_20,w u x u v u v u z,w u x u v u z,o f o f p f q f r f s,o f p f q f r f s,seen alphabets,a h c d e f g b i y k l m n o p q r s t u j w x v z,5,rr_interleave,11,in,o f p f q f r f s,1
961,nocopy_20,e f g g b i,e f g b y,c c d e f g b,c d e f g i,seen alphabets,a h c d e f g b i y k l m n o p q r s t u j w x v z,5,rr_succ,7,in,c d e f g b,0
962,nocopy_20,l s x c e y u,x s l c e y u,v x c l s e,v x s l c e,seen alphabets,m r j k g f q n i b h a w d o p v x s l c e y u t z,20,sort,6,in,v x s l c e,1
963,nocopy_20,f d k n,f d k n o,t u v w x y,t u v w x y z,unseen alphabets,a b m j e r g h q l f d k n o p i c s t u v w x y z,10,extend_sequence,6,in,t u v w x y z,1
964,nocopy_20,w j n j o j p j q j r j s,m j n j o j p j q j r j s,t w u w v w b w x,t w u w v w w w x,seen alphabets,a b c d g f e h i j k l m n o p q r s t u v w x y z,2,fix_interleave,9,out-of,n j o j p j q j r j s j t j u j u j v v j,0
965,nocopy_20,k w n y s o u u,k w n y s o i,q t h v x p p,q t h v x m,seen alphabets,l d c b e f a z g r k w n y s o u i q t h v x p m j,20,rr_succ,7,in,q t h v x p,0
966,nocopy_20,k t u,r t u,l m n o,y m n o,unseen alphabets,g b c d e f s h i j y l m n o p q r k t u v w x a z,5,pred,4,in,k m n o,0
967,nocopy_20,n i i b h a,n i b h w,e y u t t,e y u z,seen alphabets,m r j k g f q n i b h a w d o p v x s l c e y u t z,20,rr_succ,5,in,e y u t,0
968,nocopy_20,v d f g h i i,v d f g h j,j j k l m n o,j k l m n p,unseen alphabets,a c b v d f g h i j k l m n o p q r s t u e w x y z,5,rr_succ,7,in,j k l m n p,1
969,nocopy_20,q a x k k z,q a x k z,e t s q a a x k,e t s q a x k,unseen alphabets,r d v i o f g m y b w n h u j p c l e t s q a x k z,20,remove_redundant,8,in,e t q x a k,0
970,nocopy_20,b b g t,b g e,e s i i j k,e s i j n,unseen alphabets,x r l b g t e s i j k n m w f p a c h u v d o y q z,20,rr_succ,6,in,e s h i j l,0
971,nocopy_20,n l e y,k l e a,l m f o t q a,d m f o t q g,unseen alphabets,k n c e y a g h i j d l m f o t q r s b u v w x p z,10,fix_pred_succ,7,out-of,l m n o p q r,0
972,nocopy_20,e d c,c d e,m i y k l b n,b i y k l m n,seen alphabets,a h c d e f g b i y k l m n o p q r s t u j w x v z,5,sort,7,in,b i y k l m n,1
973,nocopy_20,u s t r v w,r s t u v w,i c d e f h g,i c d e f g h,unseen alphabets,a i c d e f g h b j k l m n o p q r s t u v w x y z,2,sort,7,in,b c d e f g h,0
974,nocopy_20,u d m n w s,y d m n w s,t q h i a,z q h i a,seen alphabets,x l c v z t q h i a k b f e j o p r g y u d m n w s,20,pred,5,in,z q h i a,1
975,nocopy_20,t u v w p,t u v w e y,w u v,t u v w,seen alphabets,a b c d x f g i r j k l m n o p q h s t u v w e y z,5,fix_extend,3,in,t u v w,1
976,nocopy_20,p i r s t,p q r s t,z h l h m h w h f h p,k h l h m h w h f h p,unseen alphabets,x b c d e v g h i n k l m w f p q r s t u z a y j o,10,fix_interleave,6,out-of,f h g h z h m h n h w,0
977,nocopy_20,e f g h i,e f g h i j l,g h i,g h i j l,seen alphabets,a b c u e f g h i j k l m n o p q r s t d v w x y z,2,extend_extend_succ,3,out-of,g h j,0
978,nocopy_20,v r w r e r e r y,v r w r e r y,p x q x r x r x s,p x q x r x s,seen alphabets,u n c d a o g h x j b l m k i p q r s t f v w e y z,10,rr_interleave,9,in,p x q x r x s,1
979,nocopy_20,t g z m,t g z m t g z m,h a l e,h a l e h a l e,seen alphabets,q k i d v f r h a l e b x c n w j p s t g z m o y u,20,replicate,4,out-of,h a l e b,0
980,nocopy_20,k l b n,j l b n,b n o p,l n o p,unseen alphabets,a m c d e f g h i j k l b n o p q r s t u v w x y z,2,pred,4,in,m n o p,0
981,nocopy_20,s t u v w e,s t u v w e s t u v w e,d x f g i r,d x f g i r d x f g i r,seen alphabets,a b c d x f g i r j k l m n o p q h s t u v w e y z,5,replicate,6,out-of,v w d x f g i r j,0
982,nocopy_20,j w w p,w j p,d d v f h r a,d v f r h a,seen alphabets,q k i d v f r h a l e b x c n w j p s t g z m o y u,20,rr_sort,7,out-of,d v f r h a,1
983,nocopy_20,q h i a,q h i a k,j o p r g,j o p r g y,seen alphabets,x l c v z t q h i a k b f e j o p r g y u d m n w s,20,extend_sequence,5,in,j o p r g y,1
984,nocopy_20,w u v b v,w u v b,c h x h l,c h x l,seen alphabets,a e c h x l g r q y k t f n d j o i w u v b m p s z,20,rr_sort,5,out-of,c h x g,0
985,nocopy_20,i i i j j j l l l k k k,i i i j j j k k k l l l,n n n l l l m m m k k k o o o,k k k l l l m m m n n n o o o,seen alphabets,a s r d u f g p i j k l m n o h q b c t z e w x y v,10,sort_group,15,in,j j j k k k l l l m m m n n n o o o,0
986,nocopy_20,e c h x,e c h x e c h x,m p s z,m p s z m p s z,seen alphabets,a e c h x l g r q y k t f n d j o i w u v b m p s z,20,replicate,4,out-of,m p s z j,0
987,nocopy_20,z m a,z m a f j,i j h y w l,i j h y w l o v,unseen alphabets,e d r c z m a f i j h y w l o g v p s b u q n x k t,20,extend_extend_succ,6,out-of,h i j w l,0
988,nocopy_20,k t u v c c x y,k t u v c x z,g d e f s s,g d e f h,seen alphabets,a b g d e f s h i j w l m n o p q r k t u v c x y z,5,rr_succ,6,in,g d e f h,1
989,nocopy_20,a c b v d f g,a c b v d f g h,h i j,h i j k,unseen alphabets,a c b v d f g h i j k l m n o p q r s t u e w x y z,5,extend_sequence,3,in,h i j k,1
990,nocopy_20,k i j j h,h i j k,j k l p m n o m,j k l m n o p,seen alphabets,a b c d e f g h i j k l m n o p q r s t u v w x z y,2,rr_sort,8,out-of,j k l m n o p,1
991,nocopy_20,w j p s t a,n j p s t l,i d f,k d r,seen alphabets,q k i d v f r h a l e b x c n w j p s t g z m o y u,20,fix_pred_succ,3,out-of,i d v,0
992,nocopy_20,q r k t,p r k t,v w x a,u w x a,unseen alphabets,g b c d e f s h i j y l m n o p q r k t u v w x a z,5,pred,4,in,v w x y,0
993,nocopy_20,g k l k r k j,g k i k r k j,c i u i x i f i g,c i d i x i f i g,seen alphabets,a b c d x f g i r j k l m n o p q h s t u v w e y z,5,fix_interleave,9,out-of,c i u i e i f i g,0
994,nocopy_20,e e e c c c h h h x x x l l l,e e e c c c h h h x x x l l l g g g,n n d d j j o o i i w w,n n d d j j o o i i w w u u,seen alphabets,a e c h x l g r q y k t f n d j o i w u v b m p s z,20,extend_group,12,out-of,e e e c c c h h h x x x l l l g g g r r r,0
995,nocopy_20,a e r z j,k e r z j,h c v o w,n c v o w,unseen alphabets,d s p a x f g h m i k e r z j u b q t n c v o w y l,20,fix_alphabetic_seq,5,in,h c n o p,0
996,nocopy_20,n h u,n h u j,c l e t s,c l e t s q,unseen alphabets,r d v i o f g m y b w n h u j p c l e t s q a x k z,20,extend_sequence,5,in,c l e y u t,0
997,nocopy_20,b u d e,f g h i,g h i m k,l r n o p,seen alphabets,a b u d e f g h i m k l r n o p q c s t j v w x y z,5,shift,5,out-of,f h i m k,0
998,nocopy_20,q h x l g r,c h x l g r q,c v x,c h x l,seen alphabets,a e c h x l g r q y k t f n d j o i w u v b m p s z,20,fix_extend,3,in,c v y x,0
999,nocopy_20,m j u b,z j u b q,t s p a,d s p a x,unseen alphabets,d s p a x f g h m i k e r z j u b q t n c v o w y l,20,fix_extend,4,in,t c v y,0
1000,nocopy_20,t u v w x,s u v w x y,q l f d k n o,h l f d k n o p,unseen alphabets,a b m j e r g h q l f d k n o p i c s t u v w x y z,10,extend_pred,7,out-of,q k t f n d j o,0
1001,nocopy_20,z a y,z a j,z a y j,z a y o,unseen alphabets,x b c d e v g h i n k l m w f p q r s t u z a y j o,10,succ,4,in,y x a z,0
1002,nocopy_20,p q r,r q p,n o p q,q p o n,unseen alphabets,f b c d e a g h i j k l m n o p q r s t u v w x y z,2,reverse,4,out-of,m o p q,0
1003,nocopy_20,l r n o p,p o n r l,k l r n o p,p o n r l k,seen alphabets,a b u d e f g h i m k l r n o p q c s t j v w x y z,5,reverse,6,out-of,m l r n o p,0
1004,nocopy_20,i m k l r,i m k l r i m k l r,j v w x y z,j v w x y z j v w x y z,seen alphabets,a b u d e f g h i m k l r n o p q c s t j v w x y z,5,replicate,6,out-of,j v w x y z t,0
1005,nocopy_20,b w n h u j,b w n h u j p,v i o f g m y,v i o f g m y b,unseen alphabets,r d v i o f g m y b w n h u j p c l e t s q a x k z,20,extend_sequence,7,in,v z t q h i,0
1006,nocopy_20,b c d e e,b c d e,n o p q r s s t,n o p q r s t,seen alphabets,a b c d e f g h i j k l m n o p q r s t u v w x z y,2,remove_redundant,8,in,n o p q r s u,0
1007,nocopy_20,m i k k,m i k,w o w y l,o w y l,unseen alphabets,d s p a x f g h m i k e r z j u b q t n c v o w y l,20,rr_sort,5,out-of,w x y z,0
1008,nocopy_20,m m w f,m w f,k n m w f f,k n m w f,unseen alphabets,x r l b g t e s i j k n m w f p a c h u v d o y q z,20,remove_redundant,6,in,k n w f,0
1009,nocopy_20,f g h,f g i,b v d f g,b v d f h,unseen alphabets,a c b v d f g h i j k l m n o p q r s t u e w x y z,5,succ,5,in,b c d g f,0
1010,nocopy_20,o w d w p v x,w d o p v x,b h o w w d a,b h a w d o,seen alphabets,m r j k g f q n i b h a w d o p v x s l c e y u t z,20,rr_sort,7,out-of,b h a w d o,1
1011,nocopy_20,e a g h q l,e r g h q l,t u r w x,t u v w x,unseen alphabets,a b m j e r g h q l f d k n o p i c s t u v w x y z,10,fix_alphabetic_seq,5,in,t u j w x,0
1012,nocopy_20,b m d e f g h,i j k l c n o,j k l c n o p,q r s t u v w,seen alphabets,a b m d e f g h i j k l c n o p q r s t u v w x y z,2,shift,7,out-of,j k l m n o p,0
1013,nocopy_20,m y b n w b,m y b w n,k x a k,a x k,unseen alphabets,r d v i o f g m y b w n h u j p c l e t s q a x k z,20,rr_sort,4,out-of,k x n,0
1014,nocopy_20,f p q q,f p q,q q r s t u z a,q r s t u z a,unseen alphabets,x b c d e v g h i n k l m w f p q r s t u z a y j o,10,remove_redundant,8,in,q r s t u j,0
1015,nocopy_20,k a m,k a m w,v v g g f f k k a a m m w w,v v g g f f k k a a m m w w i i,unseen alphabets,u q h c p n r v g f k a m w i l j y s t d b o x e z,20,extend_group,7,out-of,v v g g h h d d k k i i m m,0
1016,nocopy_20,u o o i q,o u i q,h t h q v x p,q t h v x p,seen alphabets,l d c b e f a z g r k w n y s o u i q t h v x p m j,20,rr_sort,7,out-of,h q b c,0
1017,nocopy_20,n w k,k w n,s n y w,w n y s,seen alphabets,l d c b e f a z g r k w n y s o u i q t h v x p m j,20,sort,4,in,w n y s,1
1018,nocopy_20,t f v,w e y,q r s t,f v w e,seen alphabets,u n c d a o g h x j b l m k i p q r s t f v w e y z,10,shift,4,out-of,q r s f,0
1019,nocopy_20,d e f g,h i j k,l m n o p q,r s t u v w,seen alphabets,a b c d e f g h i j k l m n o p q r s t u v w x y z,1,shift,6,out-of,l m n o p r,0
1020,nocopy_20,k l m m n g p q,k l m n g p r,u u v w x,u v w y,unseen alphabets,o b c d i f a h e j k l m n g p q r s t u v w x y z,5,rr_succ,5,in,u v w y,1
1021,nocopy_20,f h j i,f i j h,m a f h j i,m a f i j h,unseen alphabets,e d r c z m a f i j h y w l o g v p s b u q n x k t,20,sort,6,in,f r h a l i,0
1022,nocopy_20,a b c d e,a b c d e a b c d e,e f g h i j,e f g h i j e f g h i j,seen alphabets,a b c d e f g h i j k l m n o p q r s t u v w x z y,2,replicate,6,out-of,e f g h i j k,0
1023,nocopy_20,d e f,d e f d e f,k l m n o i q,k l m n o i q k l m n o i q,unseen alphabets,a y c d e f g h p b k l m n o i q r s t u v w x j z,5,replicate,7,out-of,k l m n o p q r,0
1024,nocopy_20,l m w f,l m w p,c d e v g h,c d e v g i,unseen alphabets,x b c d e v g h i n k l m w f p q r s t u z a y j o,10,succ,6,in,h c d e v g h,0
1025,nocopy_20,g g h k j b l,g h b j k l,b l k l j,b j k l,unseen alphabets,a i c d e f g h b j k l m n o p q r s t u v w x y z,2,rr_sort,5,out-of,b l i,0
1026,nocopy_20,u d e f,u d e g,h i m,h i k,seen alphabets,a b u d e f g h i m k l r n o p q c s t j v w x y z,5,succ,3,in,g i m,0
1027,nocopy_20,a b u d e f g,a b u d e f g h m,o p q c s t,o p q c s t j w,seen alphabets,a b u d e f g h i m k l r n o p q c s t j v w x y z,5,extend_extend_succ,6,out-of,o p q c s t j,0
1028,nocopy_20,k l m,k l m n,r s t u v w,r s t u v w x,unseen alphabets,o b c d i f a h e j k l m n g p q r s t u v w x y z,5,extend_sequence,6,in,r s t u v w x,1
1029,nocopy_20,o p q w,o p q r,q u r u k u t u i u v,q u r u k u t u u u v,unseen alphabets,g b c d e f s h i j y l m n o p q r k t u v w x a z,5,fix_interleave,6,out-of,q u r u k u t u u u v,1
1030,nocopy_20,q r s m u v w,q r s m u v w x,l t n o,l t n o p,unseen alphabets,a b c d e f g h i j k l t n o p q r s m u v w x y z,2,extend_sequence,4,in,l m n o p,0
1031,nocopy_20,n o j q,m o j x,g s t u i,f s t u y,seen alphabets,a b c z j f g h v e k l m n o p q x s t u i y w d r,10,fix_pred_succ,5,out-of,r s t u i,0
1032,nocopy_20,e a g h i j,d a g h i j k,e a g h i,d a g h i j,unseen alphabets,f b c d e a g h i j k l m n o p q r s t u v w x y z,2,extend_pred,5,out-of,e f g h i j,0
1033,nocopy_20,p t j k l m n,g t j k l m o,z v w x,t v w y,seen alphabets,a s r d u f g p i j k l m n o h q b c t z e w x y v,10,fix_pred_succ,4,out-of,u v w x,0
1034,nocopy_20,i h n,h i n,f f w w m m p p q q,m m w w f f p p q q,unseen alphabets,x b c d e v g h i n k l m w f p q r s t u z a y j o,10,sort_group,5,in,f f q q z p w w,0
1035,nocopy_20,v z t q h i,i h q t z v,m n w s,s w n m,seen alphabets,x l c v z t q h i a k b f e j o p r g y u d m n w s,20,reverse,4,out-of,m n w s,0
1036,nocopy_20,q l f d,q l f d k o,r g h q,r g h q l d,unseen alphabets,a b m j e r g h q l f d k n o p i c s t u v w x y z,10,extend_extend_succ,4,out-of,g h i q,0
1037,nocopy_20,x s l c e y,v s l c e y u,x s l c e,v s l c e y,seen alphabets,m r j k g f q n i b h a w d o p v x s l c e y u t z,20,extend_pred,5,out-of,x s l c e y,0
1038,nocopy_20,b f d,a f e,v r x y,u r x z,seen alphabets,a b g d e f s h i j w l m n o p q r k t u v c x y z,5,fix_pred_succ,4,out-of,v c x y,0
1039,nocopy_20,e w m,u w n,l m n g,k m n h,unseen alphabets,a c b v d f g h i j k l m n o p q r s t u e w x y z,5,fix_pred_succ,4,out-of,l m n o,0
1040,nocopy_20,g u d e f b,b u d e f g,m l k r n o p,m k l r n o p,seen alphabets,a b u d e f g h i m k l r n o p q c s t j v w x y z,5,sort,7,in,m k l r n o p,1
1041,nocopy_20,m m n n o o,m m n n o o p p,n n o o p p q q z z w w,n n o o p p q q z z w w t t,seen alphabets,h s r d e f g b i j k l m n o p q z w t c v y x a u,10,extend_group,12,out-of,n n o o p p q q z z w w,0
1042,nocopy_20,f r h a l e b,f r h a l e b f r h a l e b,m o y,m o y m o y,seen alphabets,q k i d v f r h a l e b x c n w j p s t g z m o y u,20,replicate,3,out-of,r h a l e b x c,0
1043,nocopy_20,h e j k l,h i j k l,p i j k l b,h i j k l b,unseen alphabets,a m c d e f g h i j k l b n o p q r s t u v w x y z,2,fix_alphabetic_seq,6,in,p i j k l m,0
1044,nocopy_20,l m j r,p q o s,v g h d k i,l m j r p q,seen alphabets,a b c u e v g h d k i l m j r p q o s t f n w x y z,10,shift,6,out-of,v g h d k l,0
1045,nocopy_20,h v x,h v x p,l d c b e f a,l d c b e f a z,seen alphabets,l d c b e f a z g r k w n y s o u i q t h v x p m j,20,extend_sequence,7,in,l d c b e f a z,1
1046,nocopy_20,d e v g h,d e v g h d e v g h,e v g h i,e v g h i e v g h i,unseen alphabets,x b c d e v g h i n k l m w f p q r s t u z a y j o,10,replicate,5,out-of,e v g h d k,0
1047,nocopy_20,u b q t n,u b q t n u b q t n,b q t n c v o,b q t n c v o b q t n c v o,unseen alphabets,d s p a x f g h m i k e r z j u b q t n c v o w y l,20,replicate,7,out-of,b c t z e w x,0
1048,nocopy_20,e f g b i j,k l m n o p,n o p,q z w,seen alphabets,h s r d e f g b i j k l m n o p q z w t c v y x a u,10,shift,3,out-of,m o p,0
1049,nocopy_20,f f g i,f g r,r j j k l,r j k m,seen alphabets,a b c d x f g i r j k l m n o p q h s t u v w e y z,5,rr_succ,5,in,r j k m,1
1050,nocopy_20,i t k l j n o,i j k l t n o,y v w x u,u v w x y,unseen alphabets,a b c d e f g h i j k l t n o p q r s m u v w x y z,2,sort,5,in,u v w x y,1
1051,nocopy_20,n x o x p x r,n x o x p x q,a a n,a a u,seen alphabets,h s r d e f g b i j k l m n o p q z w t c v y x a u,10,fix_interleave,3,out-of,a k g,0
1052,nocopy_20,f i d h y,a i d h w,p s m,v s a,unseen alphabets,e d r c z m a f i j h y w l o g v p s b u q n x k t,20,fix_pred_succ,3,out-of,m p s,0
1053,nocopy_20,j k l m n,n m l k j,f g b i j k l,l k j i b g f,seen alphabets,h s r d e f g b i j k l m n o p q z w t c v y x a u,10,reverse,7,out-of,e g b i j k l,0
1054,nocopy_20,j o p r,e o p r g,e j o p r g y,f j o p r g y u,seen alphabets,x l c v z t q h i a k b f e j o p r g y u d m n w s,20,extend_pred,7,out-of,e j o p r g y u,0
1055,nocopy_20,j k l m y o a a,j k l m y o f,h h b j,h b k,unseen alphabets,q t c d e i p h b j k l m y o a f r s n u v w x g z,10,rr_succ,4,in,h x j,0
1056,nocopy_20,z t q h,z t q i,a k b f e j o,a k b f e j p,seen alphabets,x l c v z t q h i a k b f e j o p r g y u d m n w s,20,succ,7,in,i k b f e j o,0
1057,nocopy_20,o s t,f n w,g h d,k i l,seen alphabets,a b c u e v g h d k i l m j r p q o s t f n w x y z,10,shift,3,out-of,v h d,0
1058,nocopy_20,a b m,m b a,y z,z y,seen alphabets,a b m d e f g h i j k l c n o p q r s t u v w x y z,2,reverse,2,out-of,x z,0
1059,nocopy_20,j k l t n o,j k l t n o p,i j k,i j k l,unseen alphabets,a b c d e f g h i j k l t n o p q r s m u v w x y z,2,extend_sequence,3,in,i j k p,0
1060,nocopy_20,m k l r n d p,i k l r n d q,t m v,s m w,seen alphabets,a b u d e f g h i m k l r n o p q c s t j v w x y z,5,fix_pred_succ,3,out-of,t u v,0
1061,nocopy_20,v z t t q h i a,v z t q h i k,q q h i a k,q h i a b,seen alphabets,x l c v z t q h i a k b f e j o p r g y u d m n w s,20,rr_succ,6,in,q h i a k,0
1062,nocopy_20,d d k i l m,d k i l m,v g h d k k,v g h d k,seen alphabets,a b c u e v g h d k i l m j r p q o s t f n w x y z,10,remove_redundant,6,in,v g h d k,1
1063,nocopy_20,w l o g,y l o g,y w l,h w l,unseen alphabets,e d r c z m a f i j h y w l o g v p s b u q n x k t,20,pred,3,in,i w l,0
1064,nocopy_20,l m n o p q r,r q p o n m l,n o p q,q p o n,unseen alphabets,g b c d e f s h i j y l m n o p q r k t u v w x a z,5,reverse,4,out-of,m o p q,0
1065,nocopy_20,j k l m,m l k j,c v y x,x y v c,seen alphabets,h s r d e f g b i j k l m n o p q z w t c v y x a u,10,reverse,4,out-of,t v y x,0
1066,nocopy_20,p c l e t s,p c l e t s q,v i o f g m y,v i o f g m y b,unseen alphabets,r d v i o f g m y b w n h u j p c l e t s q a x k z,20,extend_sequence,7,in,v z t q h i,0
1067,nocopy_20,a g d o p v x,a w d o p v x,n i b h s w d,n i b h a w d,seen alphabets,m r j k g f q n i b h a w d o p v x s l c e y u t z,20,fix_alphabetic_seq,7,in,q i b h a w d,0
1068,nocopy_20,c h x x l,c h x l,f n n d j o i w,f n d j o i w,seen alphabets,a e c h x l g r q y k t f n d j o i w u v b m p s z,20,remove_redundant,8,in,f n d j o i w,1
1069,nocopy_20,t q r s b,t q r s b t q r s b,o t q r,o t q r o t q r,unseen alphabets,k n c e y a g h i j d l m f o t q r s b u v w x p z,10,replicate,4,out-of,o p q r s,0
1070,nocopy_20,i o f g,i o f g m,l e t s q,l e t s q a,unseen alphabets,r d v i o f g m y b w n h u j p c l e t s q a x k z,20,extend_sequence,5,in,l c e y u t,0
1071,nocopy_20,v w x j z,u w x j z,v w x j,u w x j,unseen alphabets,a y c d e f g h p b k l m n o i q r s t u v w x j z,5,pred,4,in,j w x v,0
1072,nocopy_20,r s t,r s u,j k l m n o,j k l m n p,seen alphabets,a z c d e f g h i j k l m n o p q r s t u v w x y b,2,succ,6,in,i k l m n o,0
1073,nocopy_20,h i j k l,e i j k l,j k l,i k l,seen alphabets,a b c d g f e h i j k l m n o p q r s t u v w x y z,2,pred,3,in,i k l,1
1074,nocopy_20,s b u v w,s b u v w s b u v w,d l m f o t q,d l m f o t q d l m f o t q,unseen alphabets,k n c e y a g h i j d l m f o t q r s b u v w x p z,10,replicate,7,out-of,k l m n o p q r,0
1075,nocopy_20,j k l m n o p,j k l m n o p q s,n o p q r s,n o p q r s t v,unseen alphabets,a i c d e f g h b j k l m n o p q r s t u v w x y z,2,extend_extend_succ,6,out-of,n o p q r s t,0
1076,nocopy_20,p q r,s t u,d e f g,h i j k,unseen alphabets,a m c d e f g h i j k l b n o p q r s t u v w x y z,2,shift,4,out-of,d e f h,0
1077,nocopy_20,j o i g u v b,d o i g u v m,o i c u v b m,j i c u v b p,seen alphabets,a e c h x l g r q y k t f n d j o i w u v b m p s z,20,fix_pred_succ,7,out-of,o i w u v b m,0
1078,nocopy_20,v d i o f g,d v i o f g,l c p,p c l,unseen alphabets,r d v i o f g m y b w n h u j p c l e t s q a x k z,20,sort,3,in,l c q,0
1079,nocopy_20,n q t b c v,b q t n c v,r r j j z z,r r z z j j,unseen alphabets,d s p a x f g h m i k e r z j u b q t n c v o w y l,20,sort_group,3,in,r r j j k k,0
1080,nocopy_20,i j k,b j k,t u z v x y l,s u z v x y l,unseen alphabets,a e q d w f g b i j k m c n o p h r s t u z v x y l,10,pred,7,in,t u v w x y z,0
1081,nocopy_20,t u v w,s u v w x,i j k l m n,h j k l m n o,unseen alphabets,a f c d e b g h i j k l m n o p q r s t u v w x y z,2,extend_pred,6,out-of,i j k l m n o,0
1082,nocopy_20,d w f g b i j,d w f g b i k,p h r s t u z,p h r s t u v,unseen alphabets,a e q d w f g b i j k m c n o p h r s t u z v x y l,10,succ,7,in,p q r s t u v,0
1083,nocopy_20,b w f g d b,d w f g b,n n o p h r,n o p h r,unseen alphabets,a e q d w f g b i j k m c n o p h r s t u z v x y l,10,rr_sort,6,out-of,n o p q r,0
1084,nocopy_20,m j e r g,m j e r g m j e r g,d k n o p,d k n o p d k n o p,unseen alphabets,a b m j e r g h q l f d k n o p i c s t u v w x y z,10,replicate,5,out-of,j k p m n o,0
1085,nocopy_20,x b c,d e v,r s t,u z a,unseen alphabets,x b c d e v g h i n k l m w f p q r s t u z a y j o,10,shift,3,out-of,q s t,0
1086,nocopy_20,t u v v,t u w,b c d e a g g,b c d e a h,unseen alphabets,f b c d e a g h i j k l m n o p q r s t u v w x y z,2,rr_succ,7,in,b c d e f g,0
1087,nocopy_20,k l m n o p q,j l m n o p q,b c d e f g,a c d e f g,seen alphabets,a b c d e f g h i j k l m n o p q r s t u v w x y z,1,pred,6,in,a c d e f g,1
1088,nocopy_20,u z t x,u z v x y,r c t u z v,r s t u z v x,unseen alphabets,a e q d w f g b i j k m c n o p h r s t u z v x y l,10,fix_extend,6,in,r k t u v c,0
1089,nocopy_20,r o n u,r s n u,h b j k c m,h b j k l m,unseen alphabets,q t c d e i p h b j k l m y o a f r s n u v w x g z,10,fix_alphabetic_seq,6,in,h i j k l m,0
1090,nocopy_20,i j j k,i j l,e f g b i i,e f g b j,seen alphabets,h s r d e f g b i j k l m n o p q z w t c v y x a u,10,rr_succ,6,in,e f g b j,1
1091,nocopy_20,t w u v u x y,t u v w x y,k i j i,i j k,unseen alphabets,f b c d e a g h i j k l m n o p q r s t u v w x y z,2,rr_sort,4,out-of,k i l,0
1092,nocopy_20,q r z t f,p r z t v,i p q r s t j,k p q r s t b,seen alphabets,u n c d a o g h x j b l m k i p q r s t f v w e y z,10,fix_pred_succ,7,out-of,i p q r s t v,0
1093,nocopy_20,n g p q r s,n g p q r s t v,o b c d,o b c d i a,unseen alphabets,o b c d i f a h e j k l m n g p q r s t u v w x y z,5,extend_extend_succ,4,out-of,a b c d,0
1094,nocopy_20,p v x s l c e,e c l s x v p,i b h,h b i,seen alphabets,m r j k g f q n i b h a w d o p v x s l c e y u t z,20,reverse,3,out-of,n b h,0
1095,nocopy_20,q u s t r v,q r s t u v,h p k b,h p b k,unseen alphabets,a y c d e f g h p b k l m n o i q r s t u v w x j z,5,sort,4,in,h d k i,0
1096,nocopy_20,a y b y z,a y b y c,k s l s m s n s w s p,k s l s m s n s o s p,seen alphabets,a b c z j f g h v e k l m n o p q x s t u i y w d r,10,fix_interleave,11,out-of,k s l s m s n s w s s,0
1097,nocopy_20,u a v a b a m a c a s a z,u a v a b a m a p a s a z,n l a l j,n l d l j,seen alphabets,a e c h x l g r q y k t f n d j o i w u v b m p s z,20,fix_interleave,5,out-of,v a b a m a p a s a l a s,0
1098,nocopy_20,k g f q n i,k g f q n i k g f q n i,m r j k,m r j k m r j k,seen alphabets,m r j k g f q n i b h a w d o p v x s l c e y u t z,20,replicate,4,out-of,q n i r j k l,0
1099,nocopy_20,f k a m,g k a m,w i l j y s t,m i l j y s t,unseen alphabets,u q h c p n r v g f k a m w i l j y s t d b o x e z,20,pred,7,in,w i y k l m,0
1100,nocopy_20,u v w,u v w u v w,j k l m,j k l m j k l m,seen alphabets,a b c d g f e h i j k l m n o p q r s t u v w x y z,2,replicate,4,out-of,j k l m n,0
1101,nocopy_20,s b o x e z,d b o x e z,m u d u i u l,m u w u i u l,unseen alphabets,u q h c p n r v g f k a m w i l j y s t d b o x e z,20,fix_interleave,4,out-of,m u k u i u l,0
1102,nocopy_20,i w u v b m,i w u v b m p,g r q,g r q y,seen alphabets,a e c h x l g r q y k t f n d j o i w u v b m p s z,20,extend_sequence,3,in,g r q y,1
1103,nocopy_20,q r s t u v,v u t s r q,l m n o p q,q p o n m l,unseen alphabets,a f c d e b g h i j k l m n o p q r s t u v w x y z,2,reverse,6,out-of,l m n o p r,0
1104,nocopy_20,o i q r s t u,u t s r q i o,s t u v w x j,j x w v u t s,unseen alphabets,a y c d e f g h p b k l m n o i q r s t u v w x j z,5,reverse,7,out-of,s t u j w x v,0
1105,nocopy_20,l o g v p s,l o g v p s l o g v p s,w l o g,w l o g w l o g,unseen alphabets,e d r c z m a f i j h y w l o g v p s b u q n x k t,20,replicate,4,out-of,v x s l c e y,0
1106,nocopy_20,a z c d,e f g h,i j k l,m n o p,seen alphabets,a z c d e f g h i j k l m n o p q r s t u v w x y b,2,shift,4,out-of,h j k l,0
1107,nocopy_20,g f e h i j k,g f e h i j k l n,c d g,c d g f h,seen alphabets,a b c d g f e h i j k l m n o p q r s t u v w x y z,2,extend_extend_succ,3,out-of,c d g f,0
1108,nocopy_20,i j k l l,i j k m,l m n o p q r r,l m n o p q s,seen alphabets,a z c d e f g h i j k l m n o p q r s t u v w x y b,2,rr_succ,8,in,l m n o p q r,0
1109,nocopy_20,b i j k l m,b i j k l m n p,z w t c v,z w t c v y a,seen alphabets,h s r d e f g b i j k l m n o p q z w t c v y x a u,10,extend_extend_succ,5,out-of,q w t c v,0
1110,nocopy_20,j h i w l,i h i w o,d a f i,e a f j,unseen alphabets,e d r c z m a f i j h y w l o g v p s b u q n x k t,20,fix_pred_succ,4,out-of,d e f a,0
1111,nocopy_20,b b n o p,b n o q,f f g h i j k,f g h i j l,unseen alphabets,a m c d e f g h i j k l b n o p q r s t u v w x y z,2,rr_succ,7,in,f g h i j k,0
1112,nocopy_20,t t q r s b u,t q r s b u,g g h i,g h i,unseen alphabets,k n c e y a g h i j d l m f o t q r s b u v w x p z,10,remove_redundant,4,in,g h m,0
1113,nocopy_20,f n u,t n e,m j d,l j k,seen alphabets,a b c u e v g h d k i l m j r p q o s t f n w x y z,10,fix_pred_succ,3,out-of,d j,0
1114,nocopy_20,q m s t,p m s u,p q r s d u v,o q r s d u w,seen alphabets,a z c d e f g h i j k l m n o p q r s t u v w x y b,2,fix_pred_succ,7,out-of,o q r s t u v,0
1115,nocopy_20,e f f g,e f h,i i q r s t u,i q r s t v,unseen alphabets,a y c d e f g h p b k l m n o i q r s t u v w x j z,5,rr_succ,7,in,i q r s t v,1
1116,nocopy_20,k l t n o m,j l t n o u,s q u v w x,r q u v w y,unseen alphabets,a b c d e f g h i j k l t n o p q r s m u v w x y z,2,fix_pred_succ,6,out-of,s t u v w x,0
1117,nocopy_20,y s t,y s t d o,c p n r v g,c p n r v g f a,unseen alphabets,u q h c p n r v g f k a m w i l j y s t d b o x e z,20,extend_extend_succ,6,out-of,c p v x s,0
1118,nocopy_20,q r k,k r q,f s h,h s f,unseen alphabets,g b c d e f s h i j y l m n o p q r k t u v w x a z,5,reverse,3,out-of,f s i,0
1119,nocopy_20,y f g h,x f g i,f v w x y,e v w x z,unseen alphabets,a b c d e f g h i j k l t n o p q r s m u v w x y z,2,fix_pred_succ,5,out-of,t v w x y,0
1120,nocopy_20,f n d j,f n d j o w,k t f n d,k t f n d j i,seen alphabets,a e c h x l g r q y k t f n d j o i w u v b m p s z,20,extend_extend_succ,5,out-of,y t f n d,0
1121,nocopy_20,q s s o t f,q o s t f,s t f n n,s t f n,seen alphabets,a b c u e v g h d k i l m j r p q o s t f n w x y z,10,rr_sort,5,out-of,s t f n,1
1122,nocopy_20,a a b b c c d d x x,a a b b c c d d x x f f,a a a b b b c c c d d d x x x f f f g g g,a a a b b b c c c d d d x x x f f f g g g i i i,seen alphabets,a b c d x f g i r j k l m n o p q h s t u v w e y z,5,extend_group,21,out-of,d d d a a a b b b x x x f f f g g g i i i,0
1123,nocopy_20,x l c,v z t,b f e j o,p r g y u,seen alphabets,x l c v z t q h i a k b f e j o p r g y u d m n w s,20,shift,5,out-of,k f e j o,0
1124,nocopy_20,k l n n m,k l m n,c b b t,b c t,seen alphabets,a s r d u f g p i j k l m n o h q b c t z e w x y v,10,rr_sort,4,out-of,c b z,0
1125,nocopy_20,s t u,r t u v,t u v w x,s u v w x y,seen alphabets,a z c d e f g h i j k l m n o p q r s t u v w x y b,2,extend_pred,5,out-of,t u v w x y,0
1126,nocopy_20,l c v z t,q h i a k,k b f e j o,p r g y u d,seen alphabets,x l c v z t q h i a k b f e j o p r g y u d m n w s,20,shift,6,out-of,a b f e j o,0
1127,nocopy_20,h c d e f g,g c d e f h,s h u v w,r h u v x,unseen alphabets,a m c d e f g h i j k l b n o p q r s t u v w x y z,2,fix_pred_succ,5,out-of,s t u v w,0
1128,nocopy_20,u v w x y z,u v w x y z u v w x y z,u v w x,u v w x u v w x,seen alphabets,a b m d e f g h i j k l c n o p q r s t u v w x y z,2,replicate,4,out-of,x y z y v w x y,0
1129,nocopy_20,l t n o p,l t n o q,g h i j k l t,g h i j k l n,unseen alphabets,a b c d e f g h i j k l t n o p q r s m u v w x y z,2,succ,7,in,g h i j k l m,0
1130,nocopy_20,m n o e h r s,s r h e o n m,u v w x,x w v u,seen alphabets,a b c d q f g l i j k p m n o e h r s t u v w x y z,5,reverse,4,out-of,t v w x,0
1131,nocopy_20,u s v s v s w s x s y,u s v s w s x s y,w o x o y o y,w o x o y,seen alphabets,a b c d g f e h i j k l m n o p q r s t u v w x y z,2,rr_interleave,7,in,w w x x y y z z,0
1132,nocopy_20,c c d g f,c d g e,n o p p q,n o p r,seen alphabets,a b c d g f e h i j k l m n o p q r s t u v w x y z,2,rr_succ,5,in,n o p q,0
1133,nocopy_20,i j s t,p j s u,n o w i,k o w c,unseen alphabets,a b m j e r g h q l f d k n o p i c s t u v w x y z,10,fix_pred_succ,4,out-of,n o i w,0
1134,nocopy_20,e e e d d d f f f g g g h h h i i i,d d d e e e f f f g g g h h h i i i,g g f f e e h h,e e f f g g h h,seen alphabets,a b c d e f g h i j k l m n o p q r s t u v w x y z,1,sort_group,8,in,d d d e e e f f f g g g h h h i i i j j j,0
1135,nocopy_20,f g h i j k l,f g h i j k l c,b m d,b m d e,seen alphabets,a b m d e f g h i j k l c n o p q r s t u v w x y z,2,extend_sequence,3,in,b m d e,1
1136,nocopy_20,b h a,i h a w,q n i b h a w,f n i b h a w d,seen alphabets,m r j k g f q n i b h a w d o p v x s l c e y u t z,20,extend_pred,7,out-of,q n i b h a w d,0
1137,nocopy_20,a z c c b j f g,a b c z j f g,u i y i,u i y,seen alphabets,a b c z j f g h v e k l m n o p q x s t u i y w d r,10,rr_sort,4,out-of,u i y,1
1138,nocopy_20,l m y o a f r,l m y o a f r s,q t c d e i,q t c d e i p,unseen alphabets,q t c d e i p h b j k l m y o a f r s n u v w x g z,10,extend_sequence,6,in,q t c d e f g,0
1139,nocopy_20,o p q,n p q,w x a z,v x a z,unseen alphabets,g b c d e f s h i j y l m n o p q r k t u v w x a z,5,pred,4,in,w x y z,0
1140,nocopy_20,b q y s t u v,b q y s t u v b q y s t u v,e f g,e f g e f g,unseen alphabets,a r c d e f g h i j p l m n o b q y s t u v w x k z,5,replicate,3,out-of,q r s t u v w e,0
1141,nocopy_20,z q p,p q z,f g b l j k i,f g b i j k l,seen alphabets,h s r d e f g b i j k l m n o p q z w t c v y x a u,10,sort,7,in,f g b i j k l,1
1142,nocopy_20,l n o,k n i,n o t,m o u,unseen alphabets,a y c d e f g h p b k l m n o i q r s t u v w x j z,5,fix_pred_succ,3,out-of,n o p,0
1143,nocopy_20,w n b s o,w n y s o u,s h v,t h v x,seen alphabets,l d c b e f a z g r k w n y s o u i q t h v x p m j,20,fix_extend,3,in,s h i j,0
1144,nocopy_20,e f g z i,e f g h i j,b m d e x,b m d e f g,seen alphabets,a b m d e f g h i j k l c n o p q r s t u v w x y z,2,fix_extend,5,in,b m d e f g,1
1145,nocopy_20,o p q r,o p q s,o p q r s t u,o p q r s t v,unseen alphabets,a f c d e b g h i j k l m n o p q r s t u v w x y z,2,succ,7,in,n p q r s t u,0
1146,nocopy_20,e v g h i n o,e v g h i n k l,g h s n k l,g h i n k l m,unseen alphabets,x b c d e v g h i n k l m w f p q r s t u z a y j o,10,fix_extend,6,in,g h i m k l r,0
1147,nocopy_20,b j z,b c z,h x e k l,h v e k l,seen alphabets,a b c z j f g h v e k l m n o p q x s t u i y w d r,10,fix_alphabetic_seq,5,in,h x j k l,0
1148,nocopy_20,b k l l m n,b k l m o,s s t u v w x,s t u v w j,unseen alphabets,a y c d e f g h p b k l m n o i q r s t u v w x j z,5,rr_succ,7,in,s t u v w y,0
1149,nocopy_20,u y w x,u v w x j,s t k v,s t u v w,unseen alphabets,a y c d e f g h p b k l m n o i q r s t u v w x j z,5,fix_extend,4,in,s t j v w,0
1150,nocopy_20,v q t,i q t,p h j,p m j,seen alphabets,l d c b e f a z g r k w n y s o u i q t h v x p m j,20,fix_alphabetic_seq,3,in,p m j,1
1151,nocopy_20,u y x y v y g y h y d,u y e y v y g y h y d,n k a k x k y k z,n k w k x k y k z,seen alphabets,a b c u e v g h d k i l m j r p q o s t f n w x y z,10,fix_interleave,9,out-of,v v y y x x a a z z g g r r,0
1152,nocopy_20,y v v w x u,u v w x y,h q d f l k n n,h q l f d k n,unseen alphabets,a b m j e r g h q l f d k n o p i c s t u v w x y z,10,rr_sort,8,out-of,h d k i l m n,0
1153,nocopy_20,n o p p,n o p,e p e p q p d p w p f p g p b,e p q p d p w p f p g p b,unseen alphabets,a e q d w f g b i j k m c n o p h r s t u z v x y l,10,rr_interleave,8,in,e p f p g p b,0
1154,nocopy_20,o p q r s t,o p q r s t u w,i j k l m n,i j k l m n o q,unseen alphabets,f b c d e a g h i j k l m n o p q r s t u v w x y z,2,extend_extend_succ,6,out-of,h j k l m n,0
1155,nocopy_20,v v x y,v x y,g q g q b q i q j,g q b q i q j,unseen alphabets,a e q d w f g b i j k m c n o p h r s t u z v x y l,10,rr_interleave,5,in,g q b q i q j,1
1156,nocopy_20,g g h i j k l m,g h i j k l m,h i j k k l,h i j k l,unseen alphabets,a f c d e b g h i j k l m n o p q r s t u v w x y z,2,remove_redundant,6,in,h i j k l,1
1157,nocopy_20,r s t u v w x,r s t u v w x y,m n g p q r,m n g p q r s,unseen alphabets,o b c d i f a h e j k l m n g p q r s t u v w x y z,5,extend_sequence,6,in,m n o p q r s,0
1158,nocopy_20,k i a m w k,k a m w i,f k m a m,f k a m,unseen alphabets,u q h c p n r v g f k a m w i l j y s t d b o x e z,20,rr_sort,5,out-of,f k l m,0
1159,nocopy_20,l m n o p,l m n o p q,c c d d e e f f g g,c c d d e e f f g g h h,unseen alphabets,a i c d e f g h b j k l m n o p q r s t u v w x y z,2,extend_group,5,out-of,c c d d e e f f g g h h,1
1160,nocopy_20,c d e f,c d e f g p,i q r,i q r s u,unseen alphabets,a y c d e f g h p b k l m n o i q r s t u v w x j z,5,extend_extend_succ,3,out-of,p q r,0
1161,nocopy_20,g h i j k,l t n o p,a b c d e,f g h i j,unseen alphabets,a b c d e f g h i j k l t n o p q r s m u v w x y z,2,shift,5,out-of,a b c d f,0
1162,nocopy_20,i j k l,i j k l m,k l m n o,k l m n o h,seen alphabets,a s r d u f g p i j k l m n o h q b c t z e w x y v,10,extend_sequence,5,in,k l m n o h,1
1163,nocopy_20,v y,y v,b q c t z e w,q b c t z e w,seen alphabets,a s r d u f g p i j k l m n o h q b c t z e w x y v,10,sort,7,in,q b c t z e w,1
1164,nocopy_20,n o p i c s,n o p i c s t v,h q l f d,h q l f d k o,unseen alphabets,a b m j e r g h q l f d k n o p i c s t u v w x y z,10,extend_extend_succ,5,out-of,h d q f g,0
1165,nocopy_20,v p s s b,v p s b,p z s z b z b z u,p z s z b z u,unseen alphabets,e d r c z m a f i j h y w l o g v p s b u q n x k t,20,rr_interleave,5,in,p z s z t z u,0
1166,nocopy_20,u r w x,u v w x y,n o p q x,n o p q r s,unseen alphabets,a f c d e b g h i j k l m n o p q r s t u v w x y z,2,fix_extend,5,in,n o p q r s,1
1167,nocopy_20,y k a,f k a,r w o w x w e w z,b w o w x w e w z,unseen alphabets,u q h c p n r v g f k a m w i l j y s t d b o x e z,20,fix_interleave,5,out-of,r w h w a w l w e,0
1168,nocopy_20,o p r g,j p r g y,e j o p r g y,f j o p r g y u,seen alphabets,x l c v z t q h i a k b f e j o p r g y u d m n w s,20,extend_pred,7,out-of,e j o p r g y u,0
1169,nocopy_20,x y z,x y z x y z,p q r k t u,p q r k t u p q r k t u,seen alphabets,a b g d e f s h i j w l m n o p q r k t u v c x y z,5,replicate,6,out-of,p q r k t u v,0
1170,nocopy_20,g b i b j,g b i j,w g f w,w f g,unseen alphabets,a e q d w f g b i j k m c n o p h r s t u z v x y l,10,rr_sort,4,out-of,w g q,0
1171,nocopy_20,q k i d,q k i d v,x c n w j p,x c n w j p s,seen alphabets,q k i d v f r h a l e b x c n w j p s t g z m o y u,20,extend_sequence,6,in,x c n w j p s,1
1172,nocopy_20,g p p i j,g p i k,u u f g p i,u f g p j,seen alphabets,a s r d u f g p i j k l m n o h q b c t z e w x y v,10,rr_succ,6,in,u f g p i,0
1173,nocopy_20,c d e f,c d e f g,c d e f g,c d e f g h,unseen alphabets,a y c d e f g h p b k l m n o i q r s t u v w x j z,5,extend_sequence,5,in,c d e f g b,0
1174,nocopy_20,t o z o e o e o w o x,t o z o e o w o x,s o r o r o d o u o f,s o r o d o u o f,seen alphabets,a s r d u f g p i j k l m n o h q b c t z e w x y v,10,rr_interleave,11,in,r o s o t o u o v o w o x,0
1175,nocopy_20,h v n k,h v e k,y w d z,y w d r,seen alphabets,a b c z j f g h v e k l m n o p q x s t u i y w d r,10,fix_alphabetic_seq,4,in,i w d z,0
1176,nocopy_20,d e v g h i,n k l m w f,v g h i n,k l m w f,unseen alphabets,x b c d e v g h i n k l m w f p q r s t u z a y j o,10,shift,5,out-of,v g h d,0
1177,nocopy_20,w x z k,w x k z,j i p l,i j p l,unseen alphabets,a r c d e f g h i j p l m n o b q y s t u v w x k z,5,sort,4,in,l i j p,0
1178,nocopy_20,d e f g h,i j k l c,m d e f g,h i j k l,seen alphabets,a b m d e f g h i j k l c n o p q r s t u v w x y z,2,shift,5,out-of,b d e f g,0
1179,nocopy_20,r s t u e w x,q s t u e w x,s t u e w,r t u e w,unseen alphabets,a c b v d f g h i j k l m n o p q r s t u e w x y z,5,pred,5,in,s t u v w,0
1180,nocopy_20,e f s h i,d f s h i j,i j y l m n o,h j y l m n o p,unseen alphabets,g b c d e f s h i j y l m n o p q r k t u v w x a z,5,extend_pred,7,out-of,i j k l m n o p,0
1181,nocopy_20,f g h,f g h i,h i j k l m n,h i j k l m n o,seen alphabets,a b c d e f g h i j k l m n o p q r s t u v w x z y,2,extend_sequence,7,in,h i j k l m n o,1
1182,nocopy_20,p p p r r r q q q s s s,p p p q q q r r r s s s,v v f f t t w w,t t f f v v w w,seen alphabets,u n c d a o g h x j b l m k i p q r s t f v w e y z,10,sort_group,8,in,q q r r s s t t f f v v w w,0
1183,nocopy_20,h i j p l m n,h i j p l m o,a r c d e,a r c d f,unseen alphabets,a r c d e f g h i j p l m n o b q y s t u v w x k z,5,succ,5,in,a s r d e,0
1184,nocopy_20,s r d u f g,a r d u f g,b c t z e w x,q c t z e w x,seen alphabets,a s r d u f g p i j k l m n o h q b c t z e w x y v,10,pred,7,in,q c t z e w x,1
1185,nocopy_20,t t h v,t h v,d d c b,d c b,seen alphabets,l d c b e f a z g r k w n y s o u i q t h v x p m j,20,remove_redundant,4,in,d c b,1
1186,nocopy_20,d m n,u m n w,p r g y u d,o r g y u d m,seen alphabets,x l c v z t q h i a k b f e j o p r g y u d m n w s,20,extend_pred,6,out-of,p r g y u d m,0
1187,nocopy_20,p q r s t u e,o q r s t u e,e w x y z,u w x y z,unseen alphabets,a c b v d f g h i j k l m n o p q r s t u e w x y z,5,pred,5,in,z w x y z,0
1188,nocopy_20,v w x y z,d w x y z,v w x,d w x,seen alphabets,a b c u e f g h i j k l m n o p q r s t d v w x y z,2,pred,3,in,u w x,0
1189,nocopy_20,k l m n s i,k l m n o i,e k f k g k h k q k b k k,e k f k g k h k p k b k k,unseen alphabets,a y c d e f g h p b k l m n o i q r s t u v w x j z,5,fix_interleave,7,out-of,e k f k g k h k q k b,0
1190,nocopy_20,h i t,h i j p,p t m n o b,p l m n o b q,unseen alphabets,a r c d e f g h i j p l m n o b q y s t u v w x k z,5,fix_extend,6,in,p m n o e h,0
1191,nocopy_20,f d k n o p,p o n k d f,e r g h q l,l q h g r e,unseen alphabets,a b m j e r g h q l f d k n o p i c s t u v w x y z,10,reverse,6,out-of,e f g h x l,0
1192,nocopy_20,b q y,b q y s u,f g h,f g h i p,unseen alphabets,a r c d e f g h i j p l m n o b q y s t u v w x k z,5,extend_extend_succ,3,out-of,f g i,0
1193,nocopy_20,k l m a,k l m n o,k f c d e b g,a f c d e b g h,unseen alphabets,a f c d e b g h i j k l m n o p q r s t u v w x y z,2,fix_extend,7,in,k b c d e f g h,0
1194,nocopy_20,k l m n o,p q x s t,h v e k l,m n o p q,seen alphabets,a b c z j f g h v e k l m n o p q x s t u i y w d r,10,shift,5,out-of,g v e k l,0
1195,nocopy_20,b c d e,e d c b,e f g h,h g f e,unseen alphabets,a b c d e f g h i j k l t n o p q r s m u v w x y z,2,reverse,4,out-of,e f g i,0
1196,nocopy_20,q h i a,q h i a k,f e j o p r g,f e j o p r g y,seen alphabets,x l c v z t q h i a k b f e j o p r g y u d m n w s,20,extend_sequence,7,in,f e j o p r g y,1
1197,nocopy_20,r s t u g,q s t u f,j a l,i a m,seen alphabets,a b c d g f e h i j k l m n o p q r s t u v w x y z,2,fix_pred_succ,3,out-of,j k l,0
1198,nocopy_20,j k g f f q,j k g f n,n n i b h,n i b a,seen alphabets,m r j k g f q n i b h a w d o p v x s l c e y u t z,20,rr_succ,5,in,n i b h,0
1199,nocopy_20,f f f k k k g g g j j j,j j j k k k g g g f f f,q q i i n n,q q n n i i,seen alphabets,m r j k g f q n i b h a w d o p v x s l c e y u t z,20,sort_group,6,in,k k k g g g f f f q q q n n n i i i,0
1200,nocopy_20,v c x y z,u c x y z,o p q r k t u,n p q r k t u,seen alphabets,a b g d e f s h i j w l m n o p q r k t u v c x y z,5,pred,7,in,n p q r k t u,1
1201,nocopy_20,v g f k a m w,v g f k a m w v g f k a m w,p n r v g f,p n r v g f p n r v g f,unseen alphabets,u q h c p n r v g f k a m w i l j y s t d b o x e z,20,replicate,6,out-of,g g r r k k w w n n y y,0
1202,nocopy_20,v o o w y,v o w l,g g h m i,g h m k,unseen alphabets,d s p a x f g h m i k e r z j u b q t n c v o w y l,20,rr_succ,5,in,g h i m,0
1203,nocopy_20,q f l,q l f,r r g g q q h h,r r g g h h q q,unseen alphabets,a b m j e r g h q l f d k n o p i c s t u v w x y z,10,sort_group,4,in,g g r r q q o o,0
1204,nocopy_20,z g l g r g k g w g n g y,z g g g r g k g w g n g y,t y h y v y c y p y m y j,t y h y v y x y p y m y j,seen alphabets,l d c b e f a z g r k w n y s o u i q t h v x p m j,20,fix_interleave,13,out-of,g g g r r r k k k w w w n n n y y y s s g,0
1205,nocopy_20,h i a k b f,e j o p r g,b f e j o,p r g y u,seen alphabets,x l c v z t q h i a k b f e j o p r g y u d m n w s,20,shift,5,out-of,k f e j o,0
1206,nocopy_20,j k l m y o a,b k l m y o a f,f r s,a r s n,unseen alphabets,q t c d e i p h b j k l m y o a f r s n u v w x g z,10,extend_pred,3,out-of,q r s t,0
1207,nocopy_20,c e y y,c e u,a a w d o,a w d p,seen alphabets,m r j k g f q n i b h a w d o p v x s l c e y u t z,20,rr_succ,5,in,a w d o,0
1208,nocopy_20,s d t d g d z d m d o d o d y,s d t d g d z d m d o d y,f a f a r a h a a a l a e,f a r a h a a a l a e,seen alphabets,q k i d v f r h a l e b x c n w j p s t g z m o y u,20,rr_interleave,13,in,d d d a a a o o o g g g h h h i i i a m m,0
1209,nocopy_20,b w n h e j,y w n h e p,p c l n,j c l h,unseen alphabets,r d v i o f g m y b w n h u j p c l e t s q a x k z,20,fix_pred_succ,4,out-of,l c n,0
1210,nocopy_20,v g h d x i,e g h d x l,i t f n w x y,k t f n w x z,seen alphabets,a b c u e v g h d k i l m j r p q o s t f n w x y z,10,fix_pred_succ,7,out-of,s t f n w x y,0
1211,nocopy_20,x c a,x c n w,b q c n,b x c n w,seen alphabets,q k i d v f r h a l e b x c n w j p s t g z m o y u,20,fix_extend,4,in,b x c n w,1
1212,nocopy_20,t z i z w z u z v z b,o z i z w z u z v z b,q h v h k h t,q h y h k h t,seen alphabets,a e c h x l g r q y k t f n d j o i w u v b m p s z,20,fix_interleave,7,out-of,u u v v b z m m k k i i b b,0
1213,nocopy_20,b n o p r q,b n o p q r,k j l b n o p,j k l b n o p,unseen alphabets,a m c d e f g h i j k l b n o p q r s t u v w x y z,2,sort,7,in,j k l m n o p,0
1214,nocopy_20,o b c d g f a,o b c d i f a,n t u v,s t u v,unseen alphabets,o b c d i f a h e j k l m n g p q r s t u v w x y z,5,fix_alphabetic_seq,4,in,s t u v,1
1215,nocopy_20,k i l,d i l,l m j r p,i m j r p,seen alphabets,a b c u e v g h d k i l m j r p q o s t f n w x y z,10,pred,5,in,i m j r p,1
1216,nocopy_20,x x x w w w y y y,w w w x x x y y y,c c d d l l f f g g q q i i,c c d d q q f f g g l l i i,seen alphabets,a b c d q f g l i j k p m n o e h r s t u v w x y z,5,sort_group,14,in,y y w w d d c c f f g g l l i i i i,0
1217,nocopy_20,u v w,u v w u v w,f g h p b k l,f g h p b k l f g h p b k l,unseen alphabets,a y c d e f g h p b k l m n o i q r s t u v w x j z,5,replicate,7,out-of,f g h i m k l r,0
1218,nocopy_20,o p q r s,t u v w x,j k l m n,o p q r s,unseen alphabets,a f c d e b g h i j k l m n o p q r s t u v w x y z,2,shift,5,out-of,i k l m n,0
1219,nocopy_20,v w x y z,u w x y z,j k l,i k l,seen alphabets,a b m d e f g h i j k l c n o p q r s t u v w x y z,2,pred,3,in,i k l,1
1220,nocopy_20,r r g h,r g h,q l l f,q l f,unseen alphabets,a b m j e r g h q l f d k n o p i c s t u v w x y z,10,remove_redundant,4,in,q l l,0
1221,nocopy_20,k l l m n o i q,k l m n o i q,n n o i q,n o i q,unseen alphabets,a y c d e f g h p b k l m n o i q r s t u v w x j z,5,remove_redundant,5,in,n o p q,0
1222,nocopy_20,r s t f q,r s t f v w,k i p o r s t,k i p q r s t f,seen alphabets,u n c d a o g h x j b l m k i p q r s t f v w e y z,10,fix_extend,7,in,k i p q r s t f,1
1223,nocopy_20,e f s h v,e f s h i j,t u v b x a,t u v w x a z,unseen alphabets,g b c d e f s h i j y l m n o p q r k t u v w x a z,5,fix_extend,6,in,t u v w x y z,0
1224,nocopy_20,y b w n h i j,m b w n h i p,d n h,r n u,unseen alphabets,r d v i o f g m y b w n h u j p c l e t s q a x k z,20,fix_pred_succ,3,out-of,d m n,0
1225,nocopy_20,k l m n,j l m n,c d e,z d e,seen alphabets,a z c d e f g h i j k l m n o p q r s t u v w x y b,2,pred,3,in,c d f,0
1226,nocopy_20,r s t u j,r s t u j w v,h c d e f,h c d e f g i,seen alphabets,a h c d e f g b i y k l m n o p q r s t u j w x v z,5,extend_extend_succ,5,out-of,h c d e g,0
1227,nocopy_20,m h i j d l,g h i j d l,l o t,f o t,unseen alphabets,k n c e y a g h i j d l m f o t q r s b u v w x p z,10,fix_alphabetic_seq,3,in,l m n,0
1228,nocopy_20,y t g h,y a g h i,n o t,f o t q,unseen alphabets,k n c e y a g h i j d l m f o t q r s b u v w x p z,10,fix_extend,3,in,n o p q,0
1229,nocopy_20,t u v w w x y z,t u v w x y z,e u e u a u g u h u i u j u k,e u a u g u h u i u j u k,unseen alphabets,f b c d e a g h i j k l m n o p q r s t u v w x y z,2,rr_interleave,8,in,e u f u g u h u i u j u k,0
1230,nocopy_20,q r u s t r,q r s t u,a e m c d a,a m c d e,unseen alphabets,a m c d e f g h i j k l b n o p q r s t u v w x y z,2,rr_sort,6,out-of,a e c d a,0
1231,nocopy_20,e z e z f z g z b z i,e z f z g z b z i,t o c o v o y o y o x o a o u,t o c o v o y o x o a o u,seen alphabets,h s r d e f g b i j k l m n o p q z w t c v y x a u,10,rr_interleave,15,in,o o e o b o x o y o u o t o,0
1232,nocopy_20,e y q,o y q,v h o y q,v d o y q,unseen alphabets,x r l b g t e s i j k n m w f p a c h u v d o y q z,20,fix_alphabetic_seq,5,in,v y s o q,0
1233,nocopy_20,f b c z e,f b c d e a,h i v k l m n,h i j k l m n o,unseen alphabets,f b c d e a g h i j k l m n o p q r s t u v w x y z,2,fix_extend,7,in,h i j k l m n o,1
1234,nocopy_20,p q r s t,p q r s t u,i i i j j j k k k l l l m m m n n n o o o,i i i j j j k k k l l l m m m n n n o o o p p p,unseen alphabets,f b c d e a g h i j k l m n o p q r s t u v w x y z,2,extend_group,7,out-of,i i i j j j k k k l l l m m m n n n o o o,0
1235,nocopy_20,b b b i i i n n n h h h,n n n i i i b b b h h h,q q g g f f k k n n,k k g g f f q q n n,seen alphabets,m r j k g f q n i b h a w d o p v x s l c e y u t z,20,sort_group,10,in,g g g f f f q q q n n n i i i b b b h h h,0
1236,nocopy_20,j h y,w l o,o g v p s b,u q n x k t,unseen alphabets,e d r c z m a f i j h y w l o g v p s b u q n x k t,20,shift,6,out-of,o p v x s b,0
1237,nocopy_20,g h i j,g h i j g h i j,f g h i,f g h i f g h i,unseen alphabets,a b c d e f g h i j k l t n o p q r s m u v w x y z,2,replicate,4,out-of,f g h i m,0
1238,nocopy_20,h i j,k l m,a b c d e f,g h i j k l,seen alphabets,a b c d e f g h i j k l m n o p q r s t u v w x z y,2,shift,6,out-of,a b c d e g,0
1239,nocopy_20,o y y y y y u,o y y y u,t y g y z y m y m y o,t y g y z y m y o,seen alphabets,q k i d v f r h a l e b x c n w j p s t g z m o y u,20,rr_interleave,11,in,t y g y z y m y o,1
1240,nocopy_20,v y x,v y x v y x,w t c v y,w t c v y w t c v y,seen alphabets,h s r d e f g b i j k l m n o p q z w t c v y x a u,10,replicate,5,out-of,w t c v y x,0
1241,nocopy_20,s u t t v w,s t u v w,s r t t,r s t,unseen alphabets,o b c d i f a h e j k l m n g p q r s t u v w x y z,5,rr_sort,4,out-of,s t,0
1242,nocopy_20,r r z z g g a a,a a z z g g r r,p p x x m m j j,x x p p m m j j,seen alphabets,l d c b e f a z g r k w n y s o u i q t h v x p m j,20,sort_group,8,in,p p m x j,0
1243,nocopy_20,b i j k,b i j k l,g b i j k l m,g b i j k l m n,seen alphabets,h s r d e f g b i j k l m n o p q z w t c v y x a u,10,extend_sequence,7,in,g b i j k l m n,1
1244,nocopy_20,n k l,n k l m f,h i n k l,h i n k l m f,unseen alphabets,x b c d e v g h i n k l m w f p q r s t u z a y j o,10,extend_extend_succ,5,out-of,h i m k l,0
1245,nocopy_20,w x x y z,w x y z,h i j j k l m,h i j k l m,unseen alphabets,a f c d e b g h i j k l m n o p q r s t u v w x y z,2,remove_redundant,7,in,h i j k l m,1
1246,nocopy_20,r r t t k k,r r k k t t,a a a b b b d d d g g g e e e,a a a b b b g g g d d d e e e,seen alphabets,a b g d e f s h i j w l m n o p q r k t u v c x y z,5,sort_group,15,in,a a a b b b g g g d d d e e e,1
1247,nocopy_20,l e b x c n w,a e b x c n w,n w j,c w j,seen alphabets,q k i d v f r h a l e b x c n w j p s t g z m o y u,20,pred,3,in,c w j,1
1248,nocopy_20,r r s t u z a y,r s t u z a j,f p p q r s,f p q r t,unseen alphabets,x b c d e v g h i n k l m w f p q r s t u z a y j o,10,rr_succ,6,in,f p q r t,1
1249,nocopy_20,b b i i y y k k,b b i i y y k k l l,s s s t t t u u u j j j w w w,s s s t t t u u u j j j w w w x x x,seen alphabets,a h c d e f g b i y k l m n o p q r s t u j w x v z,5,extend_group,15,out-of,s s t t u u j j u w j j w w,0
1250,nocopy_20,t k r u v w x,r k t u v w x,y y l l m m n n p p o o q q,y y l l m m n n o o p p q q,unseen alphabets,g b c d e f s h i j y l m n o p q r k t u v w x a z,5,sort_group,7,in,l l m m n n o o p p q q,0
1251,nocopy_20,r r l b g,r l b g,v i v i d i o i y i q,v i d i o i y i q,unseen alphabets,x r l b g t e s i j k n m w f p a c h u v d o y q z,20,rr_interleave,6,in,v i d i k i i i y i q,0
1252,nocopy_20,g f p f q f j f k f l f m,g f p f i f j f k f l f m,j c k c l c m c q c o,j c k c l c m c n c o,seen alphabets,a s r d u f g p i j k l m n o h q b c t z e w x y v,10,fix_interleave,11,out-of,p f i f j f k f l f m f n n n o o o p p p,0
1253,nocopy_20,v w c,v w x,c d e o,c d e f,unseen alphabets,a b c d e f g h i j k l t n o p q r s m u v w x y z,2,fix_alphabetic_seq,4,in,c d e g,0
1254,nocopy_20,r q y k t,g q y k t f,f n d j o i w,t n d j o i w u,seen alphabets,a e c h x l g r q y k t f n d j o i w u v b m p s z,20,extend_pred,7,out-of,f n d j o i w u,0
1255,nocopy_20,d e i p p h b j,d e i p h b k,h h b j,h b k,unseen alphabets,q t c d e i p h b j k l m y o a f r s n u v w x g z,10,rr_succ,4,in,h x j,0
1256,nocopy_20,s i k j n n,s i j k n,s w j k n n m i,s i j k n m w,unseen alphabets,x r l b g t e s i j k n m w f p a c h u v d o y q z,20,rr_sort,8,out-of,s w l m n i,0
1257,nocopy_20,j k l m n,j k l m o,u f g p i j k,u f g p i j l,seen alphabets,a s r d u f g p i j k l m n o h q b c t z e w x y v,10,succ,7,in,d f g p i j k,0
1258,nocopy_20,a j w l m,i j w l m,i u v c x,t u v c x,seen alphabets,a b g d e f s h i j w l m n o p q r k t u v c x y z,5,fix_alphabetic_seq,5,in,i w u v c x,0
1259,nocopy_20,b u d e f,b u d e g,s t j v w x,s t j v w y,seen alphabets,a b u d e f g h i m k l r n o p q c s t j v w x y z,5,succ,6,in,c t j v w x,0
1260,nocopy_20,z w t c v,z w t c v y a,g b i j k l,g b i j k l m o,seen alphabets,h s r d e f g b i j k l m n o p q z w t c v y x a u,10,extend_extend_succ,6,out-of,g b i j k m,0
1261,nocopy_20,k c v c w,u c v c w,m g n g o g i g h,m g n g o g e g h,seen alphabets,a b c d q f g l i j k p m n o e h r s t u v w x y z,5,fix_interleave,9,out-of,m g n g o g g g h,0
1262,nocopy_20,y b w n,m b w n h,t s q,e s q a,unseen alphabets,r d v i o f g m y b w n h u j p c l e t s q a x k z,20,extend_pred,3,out-of,t q h i,0
1263,nocopy_20,q t n c v,b t n c v o,f g h m i,x g h m i k,unseen alphabets,d s p a x f g h m i k e r z j u b q t n c v o w y l,20,extend_pred,5,out-of,f g h i m,0
1264,nocopy_20,g a h,a g h,m f o q t r s,m f o t q r s,unseen alphabets,k n c e y a g h i j d l m f o t q r s b u v w x p z,10,sort,7,in,m n o p q r s,0
1265,nocopy_20,e r g g h q l,e r g h q l,k n o p p i c,k n o p i c,unseen alphabets,a b m j e r g h q l f d k n o p i c s t u v w x y z,10,remove_redundant,7,in,k n o p q c,0
1266,nocopy_20,n n c v o w,n c v o y,s p a x f g g,s p a x f h,unseen alphabets,d s p a x f g h m i k e r z j u b q t n c v o w y l,20,rr_succ,7,in,s p i j f g,0
1267,nocopy_20,f c d e b g g,f c d e b h,s t u v w w x y,s t u v w x z,unseen alphabets,a f c d e b g h i j k l m n o p q r s t u v w x y z,2,rr_succ,8,in,s t u v w x z,1
1268,nocopy_20,f r h a,v r h a,r h a l,f h a l,seen alphabets,q k i d v f r h a l e b x c n w j p s t g z m o y u,20,pred,4,in,r h a e,0
1269,nocopy_20,u e w x y,u e w x y z,t t u u e e w w x x,t t u u e e w w x x y y,unseen alphabets,a c b v d f g h i j k l m n o p q r s t u e w x y z,5,extend_group,5,out-of,t t u u v v w w x x y y,0
1270,nocopy_20,f g b i j k,k j i b g f,f g b,b g f,seen alphabets,h s r d e f g b i j k l m n o p q z w t c v y x a u,10,reverse,3,out-of,e g b,0
1271,nocopy_20,w k e,o k r,g s p a x,f s p a f,unseen alphabets,d s p a x f g h m i k e r z j u b q t n c v o w y l,20,fix_pred_succ,5,out-of,x a z g,0
1272,nocopy_20,t t q q h h b b a a k k i i,t t q q h h i i a a k k b b,y y d d u u m m n n,y y u u d d m m n n,seen alphabets,x l c v z t q h i a k b f e j o p r g y u d m n w s,20,sort_group,10,in,q q q h h h i i i a a a k k k b b b f f f,0
1273,nocopy_20,s n u,r n u v,n u v,s u v w,unseen alphabets,q t c d e i p h b j k l m y o a f r s n u v w x g z,10,extend_pred,3,out-of,t u v w,0
1274,nocopy_20,v w x g z,u w x g z,e i p h b,d i p h b,unseen alphabets,q t c d e i p h b j k l m y o a f r s n u v w x g z,10,pred,5,in,e h i j b,0
1275,nocopy_20,e c c h,e c h,p p s z,p s z,seen alphabets,a e c h x l g r q y k t f n d j o i w u v b m p s z,20,remove_redundant,4,in,p s z,1
1276,nocopy_20,w i l j y s,m i l j y s t,r v g f k a m,n v g f k a m w,unseen alphabets,u q h c p n r v g f k a m w i l j y s t d b o x e z,20,extend_pred,7,out-of,r j k g f q n,0
1277,nocopy_20,h x l l g r q,h x l g r q,e c h x l g g,e c h x l g,seen alphabets,a e c h x l g r q y k t f n d j o i w u v b m p s z,20,remove_redundant,7,in,e c h x l r,0
1278,nocopy_20,c c t t z z e e w w x x,c c t t z z e e w w x x y y,o o h h q q b b c c t t,o o h h q q b b c c t t z z,seen alphabets,a s r d u f g p i j k l m n o h q b c t z e w x y v,10,extend_group,12,out-of,t t z z e e w w w x x x y y y v v v z b b,0
1279,nocopy_20,c g e f d h h,c d e f g h,a z c d e f e,a z c d e f,seen alphabets,a z c d e f g h i j k l m n o p q r s t u v w x y b,2,rr_sort,7,out-of,a z c d e f,1
1280,nocopy_20,u v w x a y,u v w x a z,o n r n k n t n u,q n r n k n t n u,unseen alphabets,g b c d e f s h i j y l m n o p q r k t u v w x a z,5,fix_interleave,5,out-of,k n t n u n n n,0
1281,nocopy_20,e k f k f k g,e k f k g,l b c b n b o b p b p b q b r,l b c b n b o b p b q b r,seen alphabets,a b m d e f g h i j k l c n o p q r s t u v w x y z,2,rr_interleave,15,in,l b c b n b o b p b q b r,1
1282,nocopy_20,h d k i l m,g d k i l m j,d k i l m j,h k i l m j r,seen alphabets,a b c u e v g h d k i l m j r p q o s t f n w x y z,10,extend_pred,6,out-of,d k i l m j r,0
1283,nocopy_20,m m f o,m f t,q r s b u u v,q r s b u w,unseen alphabets,k n c e y a g h i j d l m f o t q r s b u v w x p z,10,rr_succ,7,in,q r s t u v,0
1284,nocopy_20,j k l t n o p,i k l t n o p,b c d e f g,a c d e f g,unseen alphabets,a b c d e f g h i j k l t n o p q r s m u v w x y z,2,pred,6,in,a c d e f g,1
1285,nocopy_20,f j g,j f g,t y i u w,t u i y w,seen alphabets,a b c z j f g h v e k l m n o p q x s t u i y w d r,10,sort,5,in,t u i y w,1
1286,nocopy_20,u v w x r,u v w x y z,b j d,b c d e,seen alphabets,a b c d e f g h i j k l m n o p q r s t u v w x y z,1,fix_extend,3,in,b c d e,1
1287,nocopy_20,w v u,u v w,l j i,l i j,seen alphabets,a b c d q f g l i j k p m n o e h r s t u v w x y z,5,sort,3,in,l i j,1
1288,nocopy_20,t u v w x,t u v w x t u v w x,t u v w,t u v w t u v w,unseen alphabets,a m c d e f g h i j k l b n o p q r s t u v w x y z,2,replicate,4,out-of,t u v w x,0
1289,nocopy_20,u f g p p i,u f g p i,c t t z e w,c t z e w,seen alphabets,a s r d u f g p i j k l m n o h q b c t z e w x y v,10,remove_redundant,6,in,c t z e x,0
1290,nocopy_20,m d e f g h h,m d e f g i,c n o p p,c n o q,seen alphabets,a b m d e f g h i j k l c n o p q r s t u v w x y z,2,rr_succ,5,in,c n o q,1
1291,nocopy_20,c n w w j p s t,c n w j p s g,d d v f r h a l,d v f r h a e,seen alphabets,q k i d v f r h a l e b x c n w j p s t g z m o y u,20,rr_succ,8,in,d v f r h a l,0
1292,nocopy_20,g h b t k l m,g h b j k l m,b j g,b j k,unseen alphabets,a i c d e f g h b j k l m n o p q r s t u v w x y z,2,fix_alphabetic_seq,3,in,j f g,0
1293,nocopy_20,b j k,b j l,b j k l m y,b j k l m o,unseen alphabets,q t c d e i p h b j k l m y o a f r s n u v w x g z,10,succ,6,in,b i j k l m,0
1294,nocopy_20,r p p p q p o p s p t p m,r p p p q p o p s p t p f,r q p q q q o q s q a,r q p q q q o q s q t,seen alphabets,a b c u e v g h d k i l m j r p q o s t f n w x y z,10,fix_interleave,11,out-of,p p p q q q r r r s s s t t t f f f v v v,0
1295,nocopy_20,z p,p z,i m d l j,i j d l m,unseen alphabets,k n c e y a g h i j d l m f o t q r s b u v w x p z,10,sort,5,in,i j k l m,0
1296,nocopy_20,g r q y k,t f n d j,g r q y,k t f n,seen alphabets,a e c h x l g r q y k t f n d j o i w u v b m p s z,20,shift,4,out-of,l r q y,0
1297,nocopy_20,q r s p,q r s t u,a y c d e,a h c d e f,seen alphabets,a h c d e f g b i y k l m n o p q r s t u j w x v z,5,fix_extend,5,in,a h c d e f,1
1298,nocopy_20,s b u v w x p,s b u v w x p s b u v w x p,c e y a g,c e y a g c e y a g,unseen alphabets,k n c e y a g h i j d l m f o t q r s b u v w x p z,10,replicate,5,out-of,u v w x y b c u,0
1299,nocopy_20,n r v g f k,n r v g f k n r v g f k,p n r,p n r p n r,unseen alphabets,u q h c p n r v g f k a m w i l j y s t d b o x e z,20,replicate,3,out-of,g f q n i b h,0
1300,nocopy_20,f f h h g g i i,f f g g h h i i,i i i m m m r r r l l l k k k n n n,i i i m m m k k k l l l r r r n n n,seen alphabets,a b u d e f g h i m k l r n o p q c s t j v w x y z,5,sort_group,18,in,i i m m k k l l r r n n,0
1301,nocopy_20,d w f g b i,d w f g b i j,k m c,k m c n,unseen alphabets,a e q d w f g b i j k m c n o p h r s t u z v x y l,10,extend_sequence,3,in,k l c n,0
1302,nocopy_20,p n r v v,p n r g,w w i l j y s t,w i l j y s d,unseen alphabets,u q h c p n r v g f k a m w i l j y s t d b o x e z,20,rr_succ,8,in,w i y k l,0
1303,nocopy_20,t u x v w u,t u v w x,b a a m j e,a b m j e,unseen alphabets,a b m j e r g h q l f d k n o p i c s t u v w x y z,10,rr_sort,6,out-of,b a m p,0
1304,nocopy_20,j y l,j y l m,k k k t t t u u u v v v w w w,k k k t t t u u u v v v w w w x x x,unseen alphabets,g b c d e f s h i j y l m n o p q r k t u v w x a z,5,extend_group,5,out-of,k k k t t t u u u v v v w w w,0
1305,nocopy_20,q r s,p r s,n o p q r s,m o p q r s,unseen alphabets,a f c d e b g h i j k l m n o p q r s t u v w x y z,2,pred,6,in,m o p q r s,1
1306,nocopy_20,g h i j l,f h i j m,q r s e u,p r s e v,seen alphabets,a b c d e f g h i j k l m n o p q r s t u v w x z y,2,fix_pred_succ,5,out-of,q r s t u,0
1307,nocopy_20,v z t q,q t z v,e j o p,p o j e,seen alphabets,x l c v z t q h i a k b f e j o p r g y u d m n w s,20,reverse,4,out-of,f j o p,0
1308,nocopy_20,s n u v,w x g z,u v w,x g z,unseen alphabets,q t c d e i p h b j k l m y o a f r s n u v w x g z,10,shift,3,out-of,u v e,0
1309,nocopy_20,m n o b q y s,m n o b q y s t v,y s t u v,y s t u v w k,unseen alphabets,a r c d e f g h i j p l m n o b q y s t u v w x k z,5,extend_extend_succ,5,out-of,r s t u v w,0
1310,nocopy_20,e c n y a g h,n c e y a g h,e e e a a a y y y,e e e y y y a a a,unseen alphabets,k n c e y a g h i j d l m f o t q r s b u v w x p z,10,sort_group,3,in,e e e y y y,0
1311,nocopy_20,d g d g q g f,d g q g f,q e f e g e l e l,q e f e g e l,seen alphabets,a b c d q f g l i j k p m n o e h r s t u v w x y z,5,rr_interleave,9,in,q e f e g e l,1
1312,nocopy_20,c p n r r v g,c p n r v f,q h h c p n r v,q h c p n r g,unseen alphabets,u q h c p n r v g f k a m w i l j y s t d b o x e z,20,rr_succ,8,in,q h c s t f,0
1313,nocopy_20,c b v d f g g,c b v d f g,s t u e w x x,s t u e w x,unseen alphabets,a c b v d f g h i j k l m n o p q r s t u e w x y z,5,remove_redundant,7,in,s t u v w x,0
1314,nocopy_20,h s t u v,h s t u v w,f g i r j,f g i r j k,seen alphabets,a b c d x f g i r j k l m n o p q h s t u v w e y z,5,extend_sequence,5,in,f g i r j k,1
1315,nocopy_20,a k n f e,i k n f j,g y o d m n,r y o d m w,seen alphabets,x l c v z t q h i a k b f e j o p r g y u d m n w s,20,fix_pred_succ,6,out-of,g y u d m n,0
1316,nocopy_20,s t u a w x,s t u v w x,h z b,h p b,unseen alphabets,a y c d e f g h p b k l m n o i q r s t u v w x j z,5,fix_alphabetic_seq,3,in,h q b,0
1317,nocopy_20,s t u v w x y,r t u v w x y z,r s t u v,q s t u v w,unseen alphabets,o b c d i f a h e j k l m n g p q r s t u v w x y z,5,extend_pred,5,out-of,r s t u v w,0
1318,nocopy_20,k e r z,i e r z,i k e r,m k e r,unseen alphabets,d s p a x f g h m i k e r z j u b q t n c v o w y l,20,pred,4,in,i m k l r,0
1319,nocopy_20,v w d o p w x s,w d o p v x s,b w a h d d o p,b h a w d o p,seen alphabets,m r j k g f q n i b h a w d o p v x s l c e y u t z,20,rr_sort,8,out-of,b h a w d o v,0
1320,nocopy_20,p i h,i p h,c c i i e e d d,c c d d e e i i,unseen alphabets,q t c d e i p h b j k l m y o a f r s n u v w x g z,10,sort_group,4,in,c c d d e e,0
1321,nocopy_20,m l k,k l m,b d c g,b c d g,seen alphabets,a b c d g f e h i j k l m n o p q r s t u v w x y z,2,sort,4,in,b c d g,1
1322,nocopy_20,m n o h q b c,m n o h q b c t e,o h q b c,o h q b c t e,seen alphabets,a s r d u f g p i j k l m n o h q b c t z e w x y v,10,extend_extend_succ,5,out-of,o h q b c t,0
1323,nocopy_20,u l m j r p q,c l m j r p o,i t f n w x y,k t f n w x z,seen alphabets,a b c u e v g h d k i l m j r p q o s t f n w x y z,10,fix_pred_succ,7,out-of,s t f n w x y,0
1324,nocopy_20,g h r j k,g h i j k,f g h x j,f g h i j,unseen alphabets,a c b v d f g h i j k l m n o p q r s t u e w x y z,5,fix_alphabetic_seq,5,in,f g h i j,1
1325,nocopy_20,d r e f g g,r d e f g,n j k l m i o o,i j k l m n o,seen alphabets,h s r d e f g b i j k l m n o p q z w t c v y x a u,10,rr_sort,8,out-of,n j k l m n o,0
1326,nocopy_20,b c d e,b c d e v,q r s t u z a,q r s t u z a y,unseen alphabets,x b c d e v g h i n k l m w f p q r s t u z a y j o,10,extend_sequence,7,in,q r s t u j w,0
1327,nocopy_20,k l b,k l b n p,r s t u v,r s t u v w y,unseen alphabets,a m c d e f g h i j k l b n o p q r s t u v w x y z,2,extend_extend_succ,5,out-of,r s t u w,0
1328,nocopy_20,y s t d d o b,y s t d b o,u q h c p c,u q h c p,unseen alphabets,u q h c p n r v g f k a m w i l j y s t d b o x e z,20,rr_sort,6,out-of,u q h c,0
1329,nocopy_20,o p q r k t u,o p q r k t u v,n o p q r,n o p q r k,unseen alphabets,g b c d e f s h i j y l m n o p q r k t u v w x a z,5,extend_sequence,5,in,n o p q r s,0
1330,nocopy_20,u e w x q,t e w x r,s t u v w,r t u v x,unseen alphabets,a c b v d f g h i j k l m n o p q r s t u e w x y z,5,fix_pred_succ,5,out-of,s t u v x,0
1331,nocopy_20,p q r k t t,p q r k t,d h e h f h s h s h h h i,d h e h f h s h h h i,unseen alphabets,g b c d e f s h i j y l m n o p q r k t u v w x a z,5,rr_interleave,7,in,d h e h f h s h h h i,1
1332,nocopy_20,o p q c f t,o p q c s t j,u d q,u d e f,seen alphabets,a b u d e f g h i m k l r n o p q c s t j v w x y z,5,fix_extend,3,in,u d q f,0
1333,nocopy_20,n c e y,y e c n,v w x p z,z p x w v,unseen alphabets,k n c e y a g h i j d l m f o t q r s b u v w x p z,10,reverse,5,out-of,j w x p z,0
1334,nocopy_20,u b e b f b g,u b e b v b g,j l c l p l q l o l s,j l r l p l q l o l s,seen alphabets,a b c u e v g h d k i l m j r p q o s t f n w x y z,10,fix_interleave,11,out-of,j l r l p l q l o l s,1
1335,nocopy_20,r k t u v,r k t u w,p q r k,p q r t,unseen alphabets,g b c d e f s h i j y l m n o p q r k t u v w x a z,5,succ,4,in,p q r t,1
1336,nocopy_20,m k l r n,i k l r n o,o p q c,n p q c s,seen alphabets,a b u d e f g h i m k l r n o p q c s t j v w x y z,5,extend_pred,4,out-of,o p q c s,0
1337,nocopy_20,c c c d d d g g g f f f e e e,c c c d d d g g g f f f e e e h h h,a a a b b b c c c d d d g g g,a a a b b b c c c d d d g g g f f f,seen alphabets,a b c d g f e h i j k l m n o p q r s t u v w x y z,2,extend_group,15,out-of,a a a b b b c c c d d d g g g f f f e e e,0
1338,nocopy_20,o o p p q q r r s s t t d d,o o p p q q r r s s t t d d v v,t t t d d d v v v w w w x x x y y y,t t t d d d v v v w w w x x x y y y z z z,seen alphabets,a b c u e f g h i j k l m n o p q r s t d v w x y z,2,extend_group,18,out-of,p p p q q q r r r s s s t t t d d d v v v,0
1339,nocopy_20,d u f,f u d,q b c t z e w,w e z t c b q,seen alphabets,a s r d u f g p i j k l m n o h q b c t z e w x y v,10,reverse,7,out-of,q b c t z e x,0
1340,nocopy_20,d e f g,d e f g h b,e f g h p b,e f g h p b k m,unseen alphabets,a y c d e f g h p b k l m n o i q r s t u v w x j z,5,extend_extend_succ,6,out-of,e f g h i m,0
1341,nocopy_20,h i j p l m,g i j p l m,v w x k z,u w x k z,unseen alphabets,a r c d e f g h i j p l m n o b q y s t u v w x k z,5,pred,5,in,u w x z,0
1342,nocopy_20,b c d e f,b c d e f b c d e f,o p q r s t u,o p q r s t u o p q r s t u,seen alphabets,a b c d e f g h i j k l m n o p q r s t u v w x z y,2,replicate,7,out-of,o p q r s t u v,0
1343,nocopy_20,h i j k c,h i j k l m,q r c t u v w,q r s t u v w x,unseen alphabets,f b c d e a g h i j k l m n o p q r s t u v w x y z,2,fix_extend,7,in,q r s t u v w x,1
1344,nocopy_20,n m w,n m w f,d o y q,d o y q z,unseen alphabets,x r l b g t e s i j k n m w f p a c h u v d o y q z,20,extend_sequence,4,in,d o p q x,0
1345,nocopy_20,h b j k l m n,h b j k l m n o,o o p p q q,o o p p q q r r,unseen alphabets,a i c d e f g h b j k l m n o p q r s t u v w x y z,2,extend_group,3,out-of,o p q r,0
1346,nocopy_20,q q p q s,q q c q s,n m f m p m q m c m s,n m o m p m q m c m s,seen alphabets,a b u d e f g h i m k l r n o p q c s t j v w x y z,5,fix_interleave,11,out-of,r m p m q m c m s,0
1347,nocopy_20,u f g p p,u f g p,n o o h q b,n o h q b,seen alphabets,a s r d u f g p i j k l m n o h q b c t z e w x y v,10,remove_redundant,6,in,n o h q b,1
1348,nocopy_20,s t t u z,s t u v,d w w f g b,d w f g i,unseen alphabets,a e q d w f g b i j k m c n o p h r s t u z v x y l,10,rr_succ,6,in,d w f g i,1
1349,nocopy_20,f f r s v u n,f r s n u v,b e i p h e j k,e i p h b j k,unseen alphabets,q t c d e i p h b j k l m y o a f r s n u v w x g z,10,rr_sort,8,out-of,b e i e j e k,0
1350,nocopy_20,l w o,w l o,f a i,a f i,unseen alphabets,e d r c z m a f i j h y w l o g v p s b u q n x k t,20,sort,3,in,f a z,0
1351,nocopy_20,u z n z c z k,u z n z c z d,i h a h q,i h p h q,seen alphabets,u n c d a o g h x j b l m k i p q r s t f v w e y z,10,fix_interleave,5,out-of,h h i a,0
1352,nocopy_20,r s t t u v w,r s t u v x,c n o p p,c n o q,seen alphabets,a b m d e f g h i j k l c n o p q r s t u v w x y z,2,rr_succ,5,in,c n o q,1
1353,nocopy_20,l m m n o p,l m n o p,t u u v w x,t u v w x,seen alphabets,a b c d e f g h i j k l m n o p q r s t u v w x z y,2,remove_redundant,6,in,t u v w x,1
1354,nocopy_20,t t t v v v u u u w w w x x x y y y,t t t u u u v v v w w w x x x y y y,b b c c d d g g f f q q,b b c c d d q q f f g g,seen alphabets,a b c d q f g l i j k p m n o e h r s t u v w x y z,5,sort_group,12,in,q q q b b b c c c t t t u u u v v v w w w,0
1355,nocopy_20,k l m w o p q,k l m w f p q,v g a i n k l,v g h i n k l,unseen alphabets,x b c d e v g h i n k l m w f p q r s t u z a y j o,10,fix_alphabetic_seq,7,in,v g l i a k l,0
1356,nocopy_20,t f v w e i z,t f v w e y z,q r s b f,q r s t f,seen alphabets,u n c d a o g h x j b l m k i p q r s t f v w e y z,10,fix_alphabetic_seq,5,in,q r s t f,1
1357,nocopy_20,t u v w,t u v w x z,g l i j k p m,g l i j k p m n e,seen alphabets,a b c d q f g l i j k p m n o e h r s t u v w x y z,5,extend_extend_succ,7,out-of,f l i j k p m,0
1358,nocopy_20,r s t d v w x,q s t d v w x,t d v w x y z,s d v w x y z,seen alphabets,a b c u e f g h i j k l m n o p q r s t d v w x y z,2,pred,7,in,s d v w x y z,1
1359,nocopy_20,m c d e f g h,m c d e f g h m c d e f g h,t u v w x y,t u v w x y t u v w x y,unseen alphabets,a m c d e f g h i j k l b n o p q r s t u v w x y z,2,replicate,6,out-of,c d e f g h i j,0
1360,nocopy_20,x a r,w a k,t f v,k f w,unseen alphabets,g b c d e f s h i j y l m n o p q r k t u v w x a z,5,fix_pred_succ,3,out-of,s f v,0
1361,nocopy_20,b c d g j e h,b c d g f e h,q r s t v,q r s t u,seen alphabets,a b c d g f e h i j k l m n o p q r s t u v w x y z,2,fix_alphabetic_seq,5,in,q r s t u,1
1362,nocopy_20,s t u,r t u,t u v w x y,s u v w x y,unseen alphabets,a f c d e b g h i j k l m n o p q r s t u v w x y z,2,pred,6,in,s u v w x y,1
1363,nocopy_20,n o p q,m o p q,t d v w x y z,s d v w x y z,seen alphabets,a b c u e f g h i j k l m n o p q r s t d v w x y z,2,pred,7,in,s d v w x y z,1
1364,nocopy_20,o p q h s t u,n p q h s t u v,h s t u,q s t u v,seen alphabets,a b c d x f g i r j k l m n o p q h s t u v w e y z,5,extend_pred,4,out-of,h s t u v,0
1365,nocopy_20,i k e k,i k e,j b u u,j u b,unseen alphabets,d s p a x f g h m i k e r z j u b q t n c v o w y l,20,rr_sort,4,out-of,j b c,0
1366,nocopy_20,s t u v w,s t u v w x,r s t u v w,r s t u v w x,unseen alphabets,o b c d i f a h e j k l m n g p q r s t u v w x y z,5,extend_sequence,6,in,r s t u v w x,1
1367,nocopy_20,m l l k,l m k,z f v w e y z t,t f v w e y z,seen alphabets,u n c d a o g h x j b l m k i p q r s t f v w e y z,10,rr_sort,8,out-of,z f v w e y z,0
1368,nocopy_20,l m n o p q r,r q p o n m l,h i j k l m,m l k j i h,seen alphabets,a b c d e f g h i j k l m n o p q r s t u v w x z y,2,reverse,6,out-of,g i j k l m,0
1369,nocopy_20,o b c d,i f a h,l m n g p,q r s t u,unseen alphabets,o b c d i f a h e j k l m n g p q r s t u v w x y z,5,shift,5,out-of,l m n o p,0
1370,nocopy_20,d f g y i j k,d f g h i j k l,p v r s t,p q r s t u,unseen alphabets,a c b v d f g h i j k l m n o p q r s t u e w x y z,5,fix_extend,5,in,p q r s t u,1
1371,nocopy_20,d f e,d e f,o n b p,b n o p,unseen alphabets,a m c d e f g h i j k l b n o p q r s t u v w x y z,2,sort,4,in,n o p,0
1372,nocopy_20,s t u v w w x,s t u v w x,t u u v w x,t u v w x,seen alphabets,a b c d g f e h i j k l m n o p q r s t u v w x y z,2,remove_redundant,6,in,t u v w x,1
1373,nocopy_20,m m m n n n o o o e e e h h h r r r,m m m n n n o o o e e e h h h r r r s s s,i i j j k k p p m m,i i j j k k p p m m n n,seen alphabets,a b c d q f g l i j k p m n o e h r s t u v w x y z,5,extend_group,10,out-of,m m m n n n o o o e e e h h h r r r s s s,0
1374,nocopy_20,c c n o q p r s,c n o p q r s,p q q u s t r,p q r s t u,seen alphabets,a b m d e f g h i j k l c n o p q r s t u v w x y z,2,rr_sort,7,out-of,p q r s t u,1
1375,nocopy_20,m n o p,m n o p q,r s t,r s t u,seen alphabets,a b c d g f e h i j k l m n o p q r s t u v w x y z,2,extend_sequence,3,in,r s t u,1
1376,nocopy_20,e f g h i,j k l m n,m n o p q r s,t u v w x z y,seen alphabets,a b c d e f g h i j k l m n o p q r s t u v w x z y,2,shift,7,out-of,l n o p q r s,0
1377,nocopy_20,j d l m f o b,i d l m f o u,j d l m k,i d l m n,unseen alphabets,k n c e y a g h i j d l m f o t q r s b u v w x p z,10,fix_pred_succ,5,out-of,j k l m n,0
1378,nocopy_20,u v w x y,u v w x y z,r s t u v,r s t u v w,unseen alphabets,a f c d e b g h i j k l m n o p q r s t u v w x y z,2,extend_sequence,5,in,r s t u v w,1
1379,nocopy_20,p k j i l m n,p i j k l m n,b q c t z e w,q b c t z e w,seen alphabets,a s r d u f g p i j k l m n o h q b c t z e w x y v,10,sort,7,in,q b c t z e w,1
1380,nocopy_20,j y u y g y f,j y k y g y f,k z v z f z q,k z g z f z q,seen alphabets,m r j k g f q n i b h a w d o p v x s l c e y u t z,20,fix_interleave,7,out-of,k z i z d z v,0
1381,nocopy_20,h u y p,h u j p,u j p g l e t,u j p c l e t,unseen alphabets,r d v i o f g m y b w n h u j p c l e t s q a x k z,20,fix_alphabetic_seq,7,in,u j w l m p s,0
1382,nocopy_20,n o p s c i t,n o p i c s t,a a b b e e j j m m,a a b b m m j j e e,unseen alphabets,a b m j e r g h q l f d k n o p i c s t u v w x y z,10,sort_group,5,in,a a b b m m j j,0
1383,nocopy_20,z z z s s s t t t g g g p p p,p p p s s s t t t g g g z z z,s s s j j j p p p w w w,w w w j j j p p p s s s,seen alphabets,q k i d v f r h a l e b x c n w j p s t g z m o y u,20,sort_group,12,in,p p p s s s t t t g g g z z z m m m j j j,0
1384,nocopy_20,w d o,a d o,x s l c e y u,v s l c e y u,seen alphabets,m r j k g f q n i b h a w d o p v x s l c e y u t z,20,pred,7,in,v s l c e y u,1
1385,nocopy_20,m i k e r z,m i k e r z j b,s p a x f,s p a x f g m,unseen alphabets,d s p a x f g h m i k e r z j u b q t n c v o w y l,20,extend_extend_succ,5,out-of,s r p q f,0
1386,nocopy_20,v w o y l,v o w y l,z z r r e e j j,e e r r z z j j,unseen alphabets,d s p a x f g h m i k e r z j u b q t n c v o w y l,20,sort_group,4,in,e e j j r r,0
1387,nocopy_20,h h h c c c e e e,e e e c c c h h h,o o i i u u w w,o o i i w w u u,seen alphabets,a e c h x l g r q y k t f n d j o i w u v b m p s z,20,sort_group,8,in,h h i i w w u u,0
1388,nocopy_20,h f j k l,h i j k l,j y z,x y z,unseen alphabets,f b c d e a g h i j k l m n o p q r s t u v w x y z,2,fix_alphabetic_seq,3,in,j k z,0
1389,nocopy_20,j d h,j d l,n c j c e c y c a,n c c c e c y c a,unseen alphabets,k n c e y a g h i j d l m f o t q r s b u v w x p z,10,fix_interleave,5,out-of,n c c c e c y c a,1
1390,nocopy_20,d k i l m,d k i l m d k i l m,o s t,o s t o s t,seen alphabets,a b c u e v g h d k i l m j r p q o s t f n w x y z,10,replicate,3,out-of,o s t f,0
1391,nocopy_20,k l m n n,k l m n,g h i k j j l,g h i j k l,unseen alphabets,f b c d e a g h i j k l m n o p q r s t u v w x y z,2,rr_sort,7,out-of,g h i j k l,1
1392,nocopy_20,c u p v g h d,c u e v g h d,o s t k n,o s t f n,seen alphabets,a b c u e v g h d k i l m j r p q o s t f n w x y z,10,fix_alphabetic_seq,5,in,o s t f n,1
1393,nocopy_20,u q h c,u q h c p r,a m w i l j,a m w i l j y t,unseen alphabets,u q h c p n r v g f k a m w i l j y s t d b o x e z,20,extend_extend_succ,6,out-of,i j w l m,0
1394,nocopy_20,f f f e e e g g g,e e e f f f g g g,c c u u e e g g f f h h i i,c c u u e e f f g g h h i i,seen alphabets,a b c u e f g h i j k l m n o p q r s t d v w x y z,2,sort_group,14,in,c g u g e g f g g g h g i,0
1395,nocopy_20,m f o t,m f o t q,o o t t q q r r s s b b u u,o o t t q q r r s s b b u u v v,unseen alphabets,k n c e y a g h i j d l m f o t q r s b u v w x p z,10,extend_group,7,out-of,o o p p q q r r s s t t u u,0
1396,nocopy_20,k q r s,j q r t,z r s t u v w,y r s t u v x,seen alphabets,a b c d e f g h i j k l m n o p q r s t u v w x y z,1,fix_pred_succ,7,out-of,q r s t u v w,0
1397,nocopy_20,l m m n,l m n,i p j p y p l p l,i p j p y p l,unseen alphabets,g b c d e f s h i j y l m n o p q r k t u v w x a z,5,rr_interleave,5,in,i p j p k p l,0
1398,nocopy_20,l g r,x g r q,x l g r q,h l g r q y,seen alphabets,a e c h x l g r q y k t f n d j o i w u v b m p s z,20,extend_pred,5,out-of,x l g r q y,0
1399,nocopy_20,b x w n c j p,b x c n w j p,o g z m t,t g z m o,seen alphabets,q k i d v f r h a l e b x c n w j p s t g z m o y u,20,sort,5,in,o g z m o,0
1400,nocopy_20,q e i a k b,q h i a k b f,i a t,i a k b,seen alphabets,x l c v z t q h i a k b f e j o p r g y u d m n w s,20,fix_extend,3,in,i a k b,1
1401,nocopy_20,g h p b k l l,g h p b k l,l r m r n r o r o,l r m r n r o,unseen alphabets,a y c d e f g h p b k l m n o i q r s t u v w x j z,5,rr_interleave,5,in,l r m r n r o,1
1402,nocopy_20,d a o g,d a o g h j,r s t,r s t f w,seen alphabets,u n c d a o g h x j b l m k i p q r s t f v w e y z,10,extend_extend_succ,3,out-of,q s t,0
1403,nocopy_20,k l m n o p d,k l m n o p q r,i j k l h n,i j k l m n o,seen alphabets,a b c d e f g h i j k l m n o p q r s t u v w x y z,1,fix_extend,6,in,i j k l m n o,1
1404,nocopy_20,b c z j,b c z j f h,j f g,j f g h e,seen alphabets,a b c z j f g h v e k l m n o p q x s t u i y w d r,10,extend_extend_succ,3,out-of,z f g,0
1405,nocopy_20,q n i b h,q n i b h q n i b h,a w d o p v x,a w d o p v x a w d o p v x,seen alphabets,m r j k g f q n i b h a w d o p v x s l c e y u t z,20,replicate,7,out-of,a w d o p v x s,0
1406,nocopy_20,g t e s i j k,k j i s e t g,e s i j,j i s e,unseen alphabets,x r l b g t e s i j k n m w f p a c h u v d o y q z,20,reverse,4,out-of,e f s h,0
1407,nocopy_20,m j e r g h q,l f d k n o p,h q l,f d k,unseen alphabets,a b m j e r g h q l f d k n o p i c s t u v w x y z,10,shift,3,out-of,h q e,0
1408,nocopy_20,k i p q r s t,m i p q r s t,d a o,c a o,seen alphabets,u n c d a o g h x j b l m k i p q r s t f v w e y z,10,pred,3,in,d a g,0
1409,nocopy_20,s t u v w,s t u v x,a i c d e f,a i c d e g,unseen alphabets,a i c d e f g h b j k l m n o p q r s t u v w x y z,2,succ,6,in,a b c d e f,0
1410,nocopy_20,m z m z n z o z p z q,m z n z o z p z q,k k k k l k m k n,k k l k m k n,seen alphabets,a b c d g f e h i j k l m n o p q r s t u v w x y z,2,rr_interleave,9,in,k k p p q q z z w w t t c m,0
1411,nocopy_20,k l k m,k l m,g x w z z,w x g z,unseen alphabets,q t c d e i p h b j k l m y o a f r s n u v w x g z,10,rr_sort,5,out-of,g x z,0
1412,nocopy_20,y k l m e o,y k l m n o p,t u h,t u j w,seen alphabets,a h c d e f g b i y k l m n o p q r s t u j w x v z,5,fix_extend,3,in,t u v w,0
1413,nocopy_20,r s m u v w x,r s t u v w x y,c a e,c d e f,unseen alphabets,a m c d e f g h i j k l b n o p q r s t u v w x y z,2,fix_extend,3,in,c d e f,1
1414,nocopy_20,l c n o p q,l c n o p q r t,j k l c n o p,j k l c n o p q s,seen alphabets,a b m d e f g h i j k l c n o p q r s t u v w x y z,2,extend_extend_succ,7,out-of,j k l m n o p,0
1415,nocopy_20,j k l,m n o,e h i,j k l,seen alphabets,a b c d g f e h i j k l m n o p q r s t u v w x y z,2,shift,3,out-of,f h i,0
1416,nocopy_20,b l a k i,b l m k i p,y i p q,k i p q r,seen alphabets,u n c d a o g h x j b l m k i p q r s t f v w e y z,10,fix_extend,4,in,k i p q r,1
1417,nocopy_20,y l m n,n m l y,s h i j,j i h s,unseen alphabets,g b c d e f s h i j y l m n o p q r k t u v w x a z,5,reverse,4,out-of,f h i j,0
1418,nocopy_20,u i q t h v,o i q t h v,w n y s o u,k n y s o u,seen alphabets,l d c b e f a z g r k w n y s o u i q t h v x p m j,20,pred,6,in,k n y s o u,1
1419,nocopy_20,e y a g h r,e y a g h i,v l w l x l i l z,v l w l x l p l z,unseen alphabets,k n c e y a g h i j d l m f o t q r s b u v w x p z,10,fix_interleave,5,out-of,v l w l x l y l z,0
1420,nocopy_20,d e p i,d e i p,r s n v u,r s n u v,unseen alphabets,q t c d e i p h b j k l m y o a f r s n u v w x g z,10,sort,5,in,r s t u v,0
1421,nocopy_20,p v x s l,p v x s l c,h a w d o,h a w d o p,seen alphabets,m r j k g f q n i b h a w d o p v x s l c e y u t z,20,extend_sequence,5,in,h a w d o p,1
1422,nocopy_20,i d v f,i d v f i d v f,j p s t g z,j p s t g z j p s t g z,seen alphabets,q k i d v f r h a l e b x c n w j p s t g z m o y u,20,replicate,6,out-of,j p s t g z m,0
1423,nocopy_20,k j n,j k n,m n w f p,n m w f p,unseen alphabets,x r l b g t e s i j k n m w f p a c h u v d o y q z,20,sort,5,in,m n w s,0
1424,nocopy_20,q q r k t u,q r k t u,m n o o,m n o,unseen alphabets,g b c d e f s h i j y l m n o p q r k t u v w x a z,5,remove_redundant,4,in,m n o,1
1425,nocopy_20,s t u,s t v,l b n,l b o,unseen alphabets,a m c d e f g h i j k l b n o p q r s t u v w x y z,2,succ,3,in,l m n,0
1426,nocopy_20,b u q n n,b u q n,c c z m a,c z m a,unseen alphabets,e d r c z m a f i j h y w l o g v p s b u q n x k t,20,remove_redundant,5,in,c z j,0
1427,nocopy_20,j u b w,j u b q,q v t v n v g,q v t v n v c,unseen alphabets,d s p a x f g h m i k e r z j u b q t n c v o w y l,20,fix_interleave,4,out-of,q v t v g,0
1428,nocopy_20,e f g h i j,d f g h i j,t u v,s u v,unseen alphabets,a m c d e f g h i j k l b n o p q r s t u v w x y z,2,pred,3,in,s u v,1
1429,nocopy_20,k b l n n o p,k l b n o p,m a a c,a m c,unseen alphabets,a m c d e f g h i j k l b n o p q r s t u v w x y z,2,rr_sort,4,out-of,m a,0
1430,nocopy_20,g f q n,g f q n g f q n,a w d o p v x,a w d o p v x a w d o p v x,seen alphabets,m r j k g f q n i b h a w d o p v x s l c e y u t z,20,replicate,7,out-of,a w d o p v x s,0
1431,nocopy_20,f o t q,m o t q r,a g h i j d,y g h i j d l,unseen alphabets,k n c e y a g h i j d l m f o t q r s b u v w x p z,10,extend_pred,6,out-of,g h i j k l m,0
1432,nocopy_20,a b g h,e b g h,b d p d q,o d p d q,unseen alphabets,a f c d e b g h i j k l m n o p q r s t u v w x y z,2,fix_interleave,3,out-of,b d c d q,0
1433,nocopy_20,l m k i p q,l m k i p q l m k i p q,m k i p q r s,m k i p q r s m k i p q r s,seen alphabets,u n c d a o g h x j b l m k i p q r s t f v w e y z,10,replicate,7,out-of,i p q r r s t q,0
1434,nocopy_20,w v j z,w x j z,t n o i q,m n o i q,unseen alphabets,a y c d e f g h p b k l m n o i q r s t u v w x j z,5,fix_alphabetic_seq,5,in,m n o p q,0
1435,nocopy_20,i q t h v,u q t h v x,s o u,y o u i,seen alphabets,l d c b e f a z g r k w n y s o u i q t h v x p m j,20,extend_pred,3,out-of,s o u i,0
1436,nocopy_20,f g g g b g i g j g c g l,f g g g b g i g j g k g l,a a n,a a u,seen alphabets,h s r d e f g b i j k l m n o p q z w t c v y x a u,10,fix_interleave,3,out-of,g g b g i g j g k g l g m,0
1437,nocopy_20,q r s,p r s,q r s t u v w,p r s t u v w,unseen alphabets,a m c d e f g h i j k l b n o p q r s t u v w x y z,2,pred,7,in,p r s t u v w,1
1438,nocopy_20,n r v,n r g,j y s t d b,j y s t d o,unseen alphabets,u q h c p n r v g f k a m w i l j y s t d b o x e z,20,succ,6,in,j b g d s t,0
1439,nocopy_20,k i p q r s t,k i p q r s f,c d a,c d o,seen alphabets,u n c d a o g h x j b l m k i p q r s t f v w e y z,10,succ,3,in,n d a,0
1440,nocopy_20,q t n c c v,q t n c o,r z z j u b q,r z j u b t,unseen alphabets,d s p a x f g h m i k e r z j u b q t n c v o w y l,20,rr_succ,7,in,r z j k g,0
1441,nocopy_20,h h r r s s t t u u v v w w,h h r r s s t t u u v v w w x x,n n n o o o e e e h h h r r r,n n n o o o e e e h h h r r r s s s,seen alphabets,a b c d q f g l i j k p m n o e h r s t u v w x y z,5,extend_group,15,out-of,h h h r r r s s s t t t u u u v v v w w w,0
1442,nocopy_20,q r s,t u j,s t u,j w x,seen alphabets,a h c d e f g b i y k l m n o p q r s t u j w x v z,5,shift,3,out-of,s t j,0
1443,nocopy_20,v d f m h i,b d f m h j,q r s t u l,p r s t u m,unseen alphabets,a c b v d f g h i j k l m n o p q r s t u e w x y z,5,fix_pred_succ,6,out-of,q r s t u v,0
1444,nocopy_20,u q n n,u q x,s b u q n n,s b u q x,unseen alphabets,e d r c z m a f i j h y w l o g v p s b u q n x k t,20,rr_succ,6,in,s b u d,0
1445,nocopy_20,c d i,b d i,e j k l m n g,h j k l m n g,unseen alphabets,o b c d i f a h e j k l m n g p q r s t u v w x y z,5,pred,7,in,e k l m n o,0
1446,nocopy_20,n i f a h,m i f a e,f a o e,i a o j,unseen alphabets,o b c d i f a h e j k l m n g p q r s t u v w x y z,5,fix_pred_succ,4,out-of,f e h,0
1447,nocopy_20,p q r,r q p,i j k l m n,n m l k j i,seen alphabets,a b c d e f g h i j k l m n o p q r s t u v w x z y,2,reverse,6,out-of,h j k l m n,0
1448,nocopy_20,q q r r s s t t,q q r r s s t t u u,u u u v v v w w w,u u u v v v w w w x x x,seen alphabets,a z c d e f g h i j k l m n o p q r s t u v w x y b,2,extend_group,9,out-of,t u u u v u w,0
1449,nocopy_20,o b q y s t,n b q y s t u,o b q y s t u,n b q y s t u v,unseen alphabets,a r c d e f g h i j p l m n o b q y s t u v w x k z,5,extend_pred,7,out-of,o p q r s t u v,0
1450,nocopy_20,v p s b u,v p s b q,h y w,h y l,unseen alphabets,e d r c z m a f i j h y w l o g v p s b u q n x k t,20,succ,3,in,h i y,0
1451,nocopy_20,a a h g i j d l,a g h i j d l,e i y a g h e,e y a g h i,unseen alphabets,k n c e y a g h i j d l m f o t q r s b u v w x p z,10,rr_sort,7,out-of,e i y g h k,0
1452,nocopy_20,g p r p k p z p n,g p r p k p w p n,t y h y v y c y p y m y j,t y h y v y x y p y m y j,seen alphabets,l d c b e f a z g r k w n y s o u i q t h v x p m j,20,fix_interleave,13,out-of,p y v y c y h y d y j,0
1453,nocopy_20,y b e f,c b e f,r o u,s o u,seen alphabets,l d c b e f a z g r k w n y s o u i q t h v x p m j,20,fix_alphabetic_seq,3,in,r g y,0
1454,nocopy_20,n o p,n o p q s,a b c,a b c u f,seen alphabets,a b c u e f g h i j k l m n o p q r s t d v w x y z,2,extend_extend_succ,3,out-of,a b d,0
1455,nocopy_20,n o i q m,n o i q r s,o i z r,o i q r s,unseen alphabets,a y c d e f g h p b k l m n o i q r s t u v w x j z,5,fix_extend,4,in,o i p q r,0
1456,nocopy_20,h e j j,h e j,h y h y e y j y k,h y e y j y k,unseen alphabets,o b c d i f a h e j k l m n g p q r s t u v w x y z,5,rr_interleave,5,in,h y i y j y k,0
1457,nocopy_20,q d i f g,e d i f b,z y x,u y y,unseen alphabets,a e q d w f g b i j k m c n o p h r s t u z v x y l,10,fix_pred_succ,3,out-of,x y z,0
1458,nocopy_20,r s t u v,v u t s r,e f g h b j,j b h g f e,unseen alphabets,a i c d e f g h b j k l m n o p q r s t u v w x y z,2,reverse,6,out-of,e f g h i j,0
1459,nocopy_20,d e f g h p p,d e f g h p,m n o o,m n o,unseen alphabets,a y c d e f g h p b k l m n o i q r s t u v w x j z,5,remove_redundant,4,in,m n o,1
1460,nocopy_20,c d e a g,c d e f g,f v w x y z,u v w x y z,unseen alphabets,a b c d e f g h i j k l t n o p q r s m u v w x y z,2,fix_alphabetic_seq,6,in,t v w x y z,0
1461,nocopy_20,m w i l j y,m w i l j y s,d d b b o o x x e e,d d b b o o x x e e z z,unseen alphabets,u q h c p n r v g f k a m w i l j y s t d b o x e z,20,extend_group,5,out-of,d d o o p p v x s,0
1462,nocopy_20,i j k m l k n o,i j k l m n o,f g h i j i k,f g h i j k,seen alphabets,a b c u e f g h i j k l m n o p q r s t d v w x y z,2,rr_sort,7,out-of,f g h i j k,1
1463,nocopy_20,e h f h s h h h r,e h f h s h h h i,u m v m c m x m w m z,u m v m c m x m y m z,seen alphabets,a b g d e f s h i j w l m n o p q r k t u v c x y z,5,fix_interleave,11,out-of,h m i m w m u m v m c m x,0
1464,nocopy_20,i y k,b y k,h c d e f,a c d e f,seen alphabets,a h c d e f g b i y k l m n o p q r s t u j w x v z,5,pred,5,in,a c d e f,1
1465,nocopy_20,i i k j l,i j k l,e s t u s,s t u e,unseen alphabets,a c b v d f g h i j k l m n o p q r s t u e w x y z,5,rr_sort,5,out-of,e s t s,0
1466,nocopy_20,f b c d d,f b c d,u v w x x y z,u v w x y z,unseen alphabets,f b c d e a g h i j k l m n o p q r s t u v w x y z,2,remove_redundant,7,in,u v w x y z,1
1467,nocopy_20,g b i j k m c,g b i j k m c n,o o p p h h r r,o o p p h h r r s s,unseen alphabets,a e q d w f g b i j k m c n o p h r s t u z v x y l,10,extend_group,4,out-of,o o p p q r s,0
1468,nocopy_20,c d e e,c d e,g h h i,g h i,seen alphabets,a b c d e f g h i j k l m n o p q r s t u v w x y z,1,remove_redundant,4,in,g h i,1
1469,nocopy_20,d e e f s h,d e f s h,p p q r k t,p q r k t,seen alphabets,a b g d e f s h i j w l m n o p q r k t u v c x y z,5,remove_redundant,6,in,p q r k u,0
1470,nocopy_20,m g b i j k f,f g b i j k m,m k c,k m c,unseen alphabets,a e q d w f g b i j k m c n o p h r s t u z v x y l,10,sort,3,in,m k l,0
1471,nocopy_20,b n k l m b o,b k l m n o,z w x j v z,v w x j z,unseen alphabets,a y c d e f g h p b k l m n o i q r s t u v w x j z,5,rr_sort,6,out-of,z w x v z,0
1472,nocopy_20,h n o p c r,c n o p h r,m m c c o o n n,m m c c n n o o,unseen alphabets,a e q d w f g b i j k m c n o p h r s t u z v x y l,10,sort_group,4,in,m m n n o o,0
1473,nocopy_20,l e t s q a x,l e t s q a x k,l l e e t t s s q q a a,l l e e t t s s q q a a x x,unseen alphabets,r d v i o f g m y b w n h u j p c l e t s q a x k z,20,extend_group,6,out-of,l l c c e e y y u u t t z z,0
1474,nocopy_20,s s r r q q,q q r r s s,f f c c d d e e z z,z z c c d d e e f f,seen alphabets,a z c d e f g h i j k l m n o p q r s t u v w x y b,2,sort_group,10,in,z z c c d d e e f f,1
1475,nocopy_20,h p i b j,i p h b j,j j b b h h,h h b b j j,unseen alphabets,q t c d e i p h b j k l m y o a f r s n u v w x g z,10,sort_group,3,in,h h x i j j,0
1476,nocopy_20,e f s h,d f s h i,k t u v,r t u v w,unseen alphabets,g b c d e f s h i j y l m n o p q r k t u v w x a z,5,extend_pred,4,out-of,s t u v w,0
1477,nocopy_20,f x k,f d k,p s y s c s s s t s u,p s i s c s s s t s u,unseen alphabets,a b m j e r g h q l f d k n o p i c s t u v w x y z,10,fix_interleave,6,out-of,p s q s c s s s t s u,0
1478,nocopy_20,h b k j,h b j k,k l m n p o q,k l m n o p q,unseen alphabets,a i c d e f g h b j k l m n o p q r s t u v w x y z,2,sort,7,in,k l m n o p q,1
1479,nocopy_20,j j k l,j k m,n o p q q r s t,n o p q r s u,seen alphabets,a b c d e f g h i j k l m n o p q r s t u v w x y z,1,rr_succ,8,in,n o p q r s u,1
1480,nocopy_20,b g t e s i,b g t e s i b g t e s i,h u v d o,h u v d o h u v d o,unseen alphabets,x r l b g t e s i j k n m w f p a c h u v d o y q z,20,replicate,5,out-of,s o u i q t h v,0
1481,nocopy_20,h y a y l y l,h y a y l,d y v y f y r y h y h y a y l,d y v y f y r y h y a y l,seen alphabets,q k i d v f r h a l e b x c n w j p s t g z m o y u,20,rr_interleave,15,in,d y v y f y r y h y a y l,1
1482,nocopy_20,k l m,y l m n,s t u,r t u j,seen alphabets,a h c d e f g b i y k l m n o p q r s t u j w x v z,5,extend_pred,3,out-of,s t u j,0
1483,nocopy_20,p q r r s t,p q r s d,t d v w w x,t d v w y,seen alphabets,a b c u e f g h i j k l m n o p q r s t d v w x y z,2,rr_succ,6,in,t d v w x,0
1484,nocopy_20,m n o i q r,m n o i q s,f g h p b k,f g h p b l,unseen alphabets,a y c d e f g h p b k l m n o i q r s t u v w x j z,5,succ,6,in,f g h i m k,0
1485,nocopy_20,q d w,q d w f b,j k m c n o p,j k m c n o p h s,unseen alphabets,a e q d w f g b i j k m c n o p h r s t u z v x y l,10,extend_extend_succ,7,out-of,j k l c n o p,0
1486,nocopy_20,y b s n,y b w n,f w k w z,x w k w z,unseen alphabets,r d v i o f g m y b w n h u j p c l e t s q a x k z,20,fix_interleave,3,out-of,k w t z,0
1487,nocopy_20,f k a m w i l,f k a m w i j,k a m w i l j,k a m w i l y,unseen alphabets,u q h c p n r v g f k a m w i l j y s t d b o x e z,20,succ,7,in,k i l m j,0
1488,nocopy_20,r s m u v w w,r s m u v x,i j j k,i j l,unseen alphabets,a b c d e f g h i j k l t n o p q r s m u v w x y z,2,rr_succ,4,in,i j k,0
1489,nocopy_20,b d e c g,c d e b g,j j j m m m l l l k k k n n n o o o,j j j k k k l l l m m m n n n o o o,unseen alphabets,a f c d e b g h i j k l m n o p q r s t u v w x y z,2,sort_group,6,in,j j j k k k l l l m m m n n n o o o,1
1490,nocopy_20,q q o s,q o s,h d k k i,h d k i,seen alphabets,a b c u e v g h d k i l m j r p q o s t f n w x y z,10,remove_redundant,5,in,h d k i,1
1491,nocopy_20,t d b o,t d b o x,w i l,w i l j,unseen alphabets,u q h c p n r v g f k a m w i l j y s t d b o x e z,20,extend_sequence,3,in,w u v b,0
1492,nocopy_20,d d q q r r s s t t p p v v,p p q q r r s s t t d d v v,v v v w w w y y y x x x z z z,v v v w w w x x x y y y z z z,seen alphabets,a b c u e f g h i j k l m n o p q r s t d v w x y z,2,sort_group,15,in,p p p q q q r r r s s s t t t d d d v v v,0
1493,nocopy_20,c d e f s h,c d e f s h c d e f s h,y l m n,y l m n y l m n,unseen alphabets,g b c d e f s h i j y l m n o p q r k t u v w x a z,5,replicate,4,out-of,f s h i j k l m n o,0
1494,nocopy_20,h r s t t u z v,h r s t u z x,j j k m,j k c,unseen alphabets,a e q d w f g b i j k m c n o p h r s t u z v x y l,10,rr_succ,4,in,j k l,0
1495,nocopy_20,i j p l m a o,i j p l m n o,h m i m x m p m l,h m i m j m p m l,unseen alphabets,a r c d e f g h i j p l m n o b q y s t u v w x k z,5,fix_interleave,5,out-of,h m i m j m k m l,0
1496,nocopy_20,n o p q,n o p q r t,g h i,g h i j l,seen alphabets,a b m d e f g h i j k l c n o p q r s t u v w x y z,2,extend_extend_succ,3,out-of,g h j,0
1497,nocopy_20,j j k l,j k l,w w x y,w x y,unseen alphabets,a i c d e f g h b j k l m n o p q r s t u v w x y z,2,remove_redundant,4,in,w x z,0
1498,nocopy_20,o d w,w d o,u z t,u t z,seen alphabets,m r j k g f q n i b h a w d o p v x s l c e y u t z,20,sort,3,in,y z t,0
1499,nocopy_20,u i j,b i j k,m r d,s r d e,seen alphabets,h s r d e f g b i j k l m n o p q z w t c v y x a u,10,fix_extend,3,in,m n o p,0
1500,nocopy_20,u h v x,u z v x,b w i w p w k w m w c,b w i w j w k w m w c,unseen alphabets,a e q d w f g b i j k m c n o p h r s t u z v x y l,10,fix_interleave,6,out-of,b w i w j w k w p w m,0
1501,nocopy_20,x d e f g,c d e f g h,s t u n,s t u v w,seen alphabets,a b c d e f g h i j k l m n o p q r s t u v w x y z,1,fix_extend,4,in,s t u v w,1
1502,nocopy_20,o f i f j,h f i f j,j t d t g,c t d t g,seen alphabets,a b c d g f e h i j k l m n o p q r s t u v w x y z,2,fix_interleave,5,out-of,t t d d v,0
1503,nocopy_20,r r s r o,r r s r t,i a p a y a r a s,i a p a q a r a s,seen alphabets,u n c d a o g h x j b l m k i p q r s t f v w e y z,10,fix_interleave,9,out-of,i a p a q a r a s,1
1504,nocopy_20,p p z z q q,p p q q z z,n n o o q q p p,n n o o p p q q,seen alphabets,h s r d e f g b i j k l m n o p q z w t c v y x a u,10,sort_group,8,in,n n o o p p q q,1
1505,nocopy_20,t u v w,s u v w x,r s t u v,q s t u v w,unseen alphabets,a i c d e f g h b j k l m n o p q r s t u v w x y z,2,extend_pred,5,out-of,r s t u v w,0
1506,nocopy_20,m m g n,m n g,t v u v,t u v,unseen alphabets,o b c d i f a h e j k l m n g p q r s t u v w x y z,5,rr_sort,4,out-of,t u w,0
1507,nocopy_20,p c r,p q r,f s g s h s i s n,f s g s h s i s j,unseen alphabets,a c b v d f g h i j k l m n o p q r s t u e w x y z,5,fix_interleave,5,out-of,f s g s h s i s j,1
1508,nocopy_20,p q h s,o q h s,j k l m n o,r k l m n o,seen alphabets,a b c d x f g i r j k l m n o p q h s t u v w e y z,5,pred,6,in,j k l m n p,0
1509,nocopy_20,x f g h m i,x f g h m i k,r z j u b q,r z j u b q t,unseen alphabets,d s p a x f g h m i k e r z j u b q t n c v o w y l,20,extend_sequence,6,in,r d u f g p i,0
1510,nocopy_20,f g m y z,f g m y b w,e t s d a x k,e t s q a x k z,unseen alphabets,r d v i o f g m y b w n h u j p c l e t s q a x k z,20,fix_extend,7,in,s t h i a k b,0
1511,nocopy_20,u u u e e e v v v,u u u e e e v v v g g g,v v v g g g h h h d d d k k k i i i,v v v g g g h h h d d d k k k i i i l l l,seen alphabets,a b c u e v g h d k i l m j r p q o s t f n w x y z,10,extend_group,18,out-of,v v v g g g h h g d d v k k k i i i,0
1512,nocopy_20,r n o p q c,l n o p q c,g h i m k l,f h i m k l,seen alphabets,a b u d e f g h i m k l r n o p q c s t j v w x y z,5,pred,6,in,f h i m k l,1
1513,nocopy_20,k j l t n o p,j k l t n o p,t l k,k l t,unseen alphabets,a b c d e f g h i j k l t n o p q r s m u v w x y z,2,sort,3,in,k l m,0
1514,nocopy_20,x o s o t o j o i,x o s o t o u o i,i c y c w c d c b,i c y c w c d c r,seen alphabets,a b c z j f g h v e k l m n o p q x s t u i y w d r,10,fix_interleave,9,out-of,o c i c y c w c d c b,0
1515,nocopy_20,c d e v g g,c d e v g,d s d s e s v s g s h,d s e s v s g s h,unseen alphabets,x b c d e v g h i n k l m w f p q r s t u z a y j o,10,rr_interleave,6,in,d s e s v s g s h,1
1516,nocopy_20,u x w,t x x,s l m,y l n,unseen alphabets,a r c d e f g h i j p l m n o b q y s t u v w x k z,5,fix_pred_succ,3,out-of,k l m,0
1517,nocopy_20,t u u j w x v,t u j w x z,k l m m n o p,k l m n o q,seen alphabets,a h c d e f g b i y k l m n o p q r s t u j w x v z,5,rr_succ,7,in,k l m n o p,0
1518,nocopy_20,c b e f a z,c b e f a g,d c b e f a z,d c b e f a g,seen alphabets,l d c b e f a z g r k w n y s o u i q t h v x p m j,20,succ,7,in,d c b e f a g,1
1519,nocopy_20,t u u v w x,t u v w x,o p q r s t t,o p q r s t,seen alphabets,a z c d e f g h i j k l m n o p q r s t u v w x y b,2,remove_redundant,7,in,o p q r s t,1
1520,nocopy_20,q r s t f v w,p r s t f v w e,g h x j b l m,o h x j b l m k,seen alphabets,u n c d a o g h x j b l m k i p q r s t f v w e y z,10,extend_pred,7,out-of,g h x j b l m k,0
1521,nocopy_20,p k j,p i j k,t z e k,t z e w x,seen alphabets,a s r d u f g p i j k l m n o h q b c t z e w x y v,10,fix_extend,4,in,t z e w x,1
1522,nocopy_20,t t f f v v,t t f f v v w w,v v w w e e y y,v v w w e e y y z z,seen alphabets,u n c d a o g h x j b l m k i p q r s t f v w e y z,10,extend_group,8,out-of,v v w w e e y y,0
1523,nocopy_20,g h w,g h i,k l b n o p d,k l b n o p q,unseen alphabets,a m c d e f g h i j k l b n o p q r s t u v w x y z,2,fix_alphabetic_seq,7,in,k l m n o p q,0
1524,nocopy_20,i j k,k j i,i j k l m n,n m l k j i,seen alphabets,a b c d e f g h i j k l m n o p q r s t u v w x y z,1,reverse,6,out-of,h j k l m n,0
1525,nocopy_20,m m m n n n o o o e e e h h h r r r,m m m n n n o o o e e e h h h r r r s s s,i i j j k k p p m m,i i j j k k p p m m n n,seen alphabets,a b c d q f g l i j k p m n o e h r s t u v w x y z,5,extend_group,10,out-of,m m m n n n o o o e e e h h h r r r s s s,0
1526,nocopy_20,y l m m,y l m,p q r k k t u,p q r k t u,unseen alphabets,g b c d e f s h i j y l m n o p q r k t u v w x a z,5,remove_redundant,7,in,p q r k t u,1
1527,nocopy_20,m w f,f w m,x b c d,d c b x,unseen alphabets,x b c d e v g h i n k l m w f p q r s t u z a y j o,10,reverse,4,out-of,b x c d,0
1528,nocopy_20,q r s s t u v w,q r s t u v w,b g h h i j,b g h i j,unseen alphabets,a f c d e b g h i j k l m n o p q r s t u v w x y z,2,remove_redundant,6,in,b g h i k,0
1529,nocopy_20,k n m l,k l m n,l l l q q q n n n g g g p p p m m m,l l l m m m n n n g g g p p p q q q,unseen alphabets,o b c d i f a h e j k l m n g p q r s t u v w x y z,5,sort_group,6,in,l l l m m m n n n o o o p p p q q q,0
1530,nocopy_20,r s t u v,r s t u v w,r s t u v w x,r s t u v w x y,seen alphabets,a b c d e f g h i j k l m n o p q r s t u v w x y z,1,extend_sequence,7,in,r s t u v w x y,1
1531,nocopy_20,b q q t n c,b q t n c,s p p p a p x p x p f p g,s p p p a p x p f p g,unseen alphabets,d s p a x f g h m i k e r z j u b q t n c v o w y l,20,rr_interleave,7,in,s p t p f p a p x p f p g,0
1532,nocopy_20,s t w,r t x,g h q,a h r,unseen alphabets,f b c d e a g h i j k l m n o p q r s t u v w x y z,2,fix_pred_succ,3,out-of,g h i,0
1533,nocopy_20,j n o p,m n o p,x i j k l,h i j k l,seen alphabets,a z c d e f g h i j k l m n o p q r s t u v w x y b,2,fix_alphabetic_seq,5,in,h i j k l,1
1534,nocopy_20,m n o p,l n o p,j k l,i k l,seen alphabets,a b c d e f g h i j k l m n o p q r s t u v w x z y,2,pred,3,in,i k l,1
1535,nocopy_20,o p q r h t u,o p q r k t u,i u v c x,t u v c x,seen alphabets,a b g d e f s h i j w l m n o p q r k t u v c x y z,5,fix_alphabetic_seq,5,in,i w u v c x,0
1536,nocopy_20,v f r h a l e,d f r h a l e b,f r h,v r h a,seen alphabets,q k i d v f r h a l e b x c n w j p s t g z m o y u,20,extend_pred,3,out-of,f r h a,0
1537,nocopy_20,e f s h i j d,e f s h i j y l,v w s,v w x a,unseen alphabets,g b c d e f s h i j y l m n o p q r k t u v w x a z,5,fix_extend,3,in,v w e y,0
1538,nocopy_20,p a r,p q r,x r s t,q r s t,seen alphabets,a b c d e f g h i j k l m n o p q r s t u v w x y z,1,fix_alphabetic_seq,4,in,q r s t,1
1539,nocopy_20,s t u v w,r t u v w x,r s t u v,q s t u v w,unseen alphabets,a m c d e f g h i j k l b n o p q r s t u v w x y z,2,extend_pred,5,out-of,r s t u v w,0
1540,nocopy_20,m n o p q r s,m n o p q r s m n o p q r s,o p q r s t d,o p q r s t d o p q r s t d,seen alphabets,a b c u e f g h i j k l m n o p q r s t d v w x y z,2,replicate,7,out-of,n n o o p p q q r r s s t t,0
1541,nocopy_20,j k l m n o,j k l m n o p,r s t,r s t u,seen alphabets,a b c d e f g h i j k l m n o p q r s t u v w x z y,2,extend_sequence,3,in,r s t u,1
1542,nocopy_20,f a b,f g b i,n o z q r s,n o p q r s t,seen alphabets,a h c d e f g b i y k l m n o p q r s t u j w x v z,5,fix_extend,6,in,n o p q r s t,1
1543,nocopy_20,l e t s q a,l e t s q x,i o f g m y b,i o f g m y w,unseen alphabets,r d v i o f g m y b w n h u j p c l e t s q a x k z,20,succ,7,in,i g z m o y b,0
1544,nocopy_20,i j k l w n o,h j k l w n p,o c d,n c g,seen alphabets,a b c d g f e h i j k l m n o p q r s t u v w x y z,2,fix_pred_succ,3,out-of,b c d,0
1545,nocopy_20,p f q f z f w f t f t f c,p f q f z f w f t f c,m t n t n t o t p,m t n t o t p,seen alphabets,h s r d e f g b i j k l m n o p q z w t c v y x a u,10,rr_interleave,9,in,z z w w t t c c n n o o p p,0
1546,nocopy_20,n o k q r s,n o i q r s,k t l t m t n t o t r t q,k t l t m t n t o t i t q,unseen alphabets,a y c d e f g h p b k l m n o i q r s t u v w x j z,5,fix_interleave,7,out-of,k t l t m t n t o t p t q,0
1547,nocopy_20,f c j,f e j o,j c p r g,j o p r g y,seen alphabets,x l c v z t q h i a k b f e j o p r g y u d m n w s,20,fix_extend,5,in,j o p r g y,1
1548,nocopy_20,d n j o,n d j o,t k f n d,k t f n d,seen alphabets,a e c h x l g r q y k t f n d j o i w u v b m p s z,20,sort,5,in,k t f n d,1
1549,nocopy_20,h h e e f f,f f e e h h,o o o t t t q q q r r r s s s p p p u u u,o o o p p p q q q r r r s s s t t t u u u,seen alphabets,a b c d g f e h i j k l m n o p q r s t u v w x y z,2,sort_group,21,in,o o o p p p q q q r r r s s s t t t u u u,1
1550,nocopy_20,o a t a u,s a t a u,q h r h s h t h u h n h w,q h r h s h t h u h v h w,seen alphabets,a b m d e f g h i j k l c n o p q r s t u v w x y z,2,fix_interleave,13,out-of,q h r h s h t h u h v h w,1
1551,nocopy_20,q q q c c c s s s t t t j j j,q q q c c c s s s t t t j j j v v v,f f f g g g h h h i i i m m m k k k,f f f g g g h h h i i i m m m k k k l l l,seen alphabets,a b u d e f g h i m k l r n o p q c s t j v w x y z,5,extend_group,18,out-of,q q q c c c s s s t t t j j j v v v w w w,0
1552,nocopy_20,j c z b,b c z j,n m o,m n o,seen alphabets,a b c z j f g h v e k l m n o p q x s t u i y w d r,10,sort,3,in,m n o,1
1553,nocopy_20,p q r s t u,p q r s t u v,r s t u v w x,r s t u v w x y,seen alphabets,a b m d e f g h i j k l c n o p q r s t u v w x y z,2,extend_sequence,7,in,r s t u v w x y,1
1554,nocopy_20,a b u d f e e g,a b u d e f g,r o n p p,r n o p,seen alphabets,a b u d e f g h i m k l r n o p q c s t j v w x y z,5,rr_sort,5,out-of,r n o p,1
1555,nocopy_20,s s t u,s t u,o p q r r s t,o p q r s t,unseen alphabets,a m c d e f g h i j k l b n o p q r s t u v w x y z,2,remove_redundant,7,in,o p q r s t,1
1556,nocopy_20,p l m n o b q,y s t u v w x,h i j p l m n,o b q y s t u,unseen alphabets,a r c d e f g h i j p l m n o b q y s t u v w x k z,5,shift,7,out-of,h i j k l m n,0
1557,nocopy_20,a y e g h i,e y a g h i,s r b,r s b,unseen alphabets,k n c e y a g h i j d l m f o t q r s b u v w x p z,10,sort,3,in,s r d,0
1558,nocopy_20,k p m n l e h,j p m n l e r,s b c d q f,r b c d q g,seen alphabets,a b c d q f g l i j k p m n o e h r s t u v w x y z,5,fix_pred_succ,6,out-of,a b c d q f,0
1559,nocopy_20,u v w x b,t v w x m,d j e r g h,f j e r g q,unseen alphabets,a b m j e r g h q l f d k n o p i c s t u v w x y z,10,fix_pred_succ,6,out-of,d e f g h,0
1560,nocopy_20,f g m y b w,f g m y b w n u,y b w n h u,y b w n h u j c,unseen alphabets,r d v i o f g m y b w n h u j p c l e t s q a x k z,20,extend_extend_succ,6,out-of,w b n y s h u,0
1561,nocopy_20,f g h v e k k l,f g h v e k l,s t t u,s t u,seen alphabets,a b c z j f g h v e k l m n o p q x s t u i y w d r,10,remove_redundant,4,in,s t i,0
1562,nocopy_20,k w n n,k w n,l d c b e e,l d c b e,seen alphabets,l d c b e f a z g r k w n y s o u i q t h v x p m j,20,remove_redundant,6,in,l d c b e,1
1563,nocopy_20,d r,r d,u i y w d,d w y i u,seen alphabets,a b c z j f g h v e k l m n o p q x s t u i y w d r,10,reverse,5,out-of,t i y w d,0
1564,nocopy_20,m y b w n h u,u h n w b y m,n h u j,j u h n,unseen alphabets,r d v i o f g m y b w n h u j p c l e t s q a x k z,20,reverse,4,out-of,n d j,0
1565,nocopy_20,b u q n x r t,b u q n x k t,f z j h y,f i j h y,unseen alphabets,e d r c z m a f i j h y w l o g v p s b u q n x k t,20,fix_alphabetic_seq,5,in,f v z j o,0
1566,nocopy_20,q l f,f l q,a b m j e r g,g r e j m b a,unseen alphabets,a b m j e r g h q l f d k n o p i c s t u v w x y z,10,reverse,7,out-of,a b m d e f g,0
1567,nocopy_20,q r z t f,p r z t v,i p q r s t j,k p q r s t b,seen alphabets,u n c d a o g h x j b l m k i p q r s t f v w e y z,10,fix_pred_succ,7,out-of,i p q r s t v,0
1568,nocopy_20,r j k m,m j k r,h l w d o,b l w d p,seen alphabets,m r j k g f q n i b h a w d o p v x s l c e y u t z,20,fix_pred_succ,5,out-of,h a w d o,0
1569,nocopy_20,b m p p s,b m p z,r q q y k,r q y t,seen alphabets,a e c h x l g r q y k t f n d j o i w u v b m p s z,20,rr_succ,5,in,r q y k,0
1570,nocopy_20,n o p p h r,n o p h r,w n w n f n g n b,w n f n g n b,unseen alphabets,a e q d w f g b i j k m c n o p h r s t u z v x y l,10,rr_interleave,5,in,w n g n f n q,0
1571,nocopy_20,f f f s s s h h h i i i j j j w w w,f f f s s s h h h i i i j j j w w w l l l,o o p p q q r r k k t t,o o p p q q r r k k t t u u,seen alphabets,a b g d e f s h i j w l m n o p q r k t u v c x y z,5,extend_group,12,out-of,q q q f f f s s s h h h i i i j j j w w w,0
1572,nocopy_20,f g h i,e g h i j,q r s t,p r s t d,seen alphabets,a b c u e f g h i j k l m n o p q r s t d v w x y z,2,extend_pred,4,out-of,q r s t u,0
1573,nocopy_20,t a v,s a w,r j k d m,i j k d n,seen alphabets,a b c d x f g i r j k l m n o p q h s t u v w e y z,5,fix_pred_succ,5,out-of,r j k l m,0
1574,nocopy_20,a y c d v f,a y c d e f g,d e f z h p,d e f g h p b,unseen alphabets,a y c d e f g h p b k l m n o i q r s t u v w x j z,5,fix_extend,6,in,d e f g h i j,0
1575,nocopy_20,o p i,o p i c,m j e,m j e r,unseen alphabets,a b m j e r g h q l f d k n o p i c s t u v w x y z,10,extend_sequence,3,in,m d e f,0
1576,nocopy_20,f c d e b g,f c d e b g h j,n o p q,n o p q r t,unseen alphabets,a f c d e b g h i j k l m n o p q r s t u v w x y z,2,extend_extend_succ,4,out-of,n o p r,0
1577,nocopy_20,h i j d,l m f o,u v w,x p z,unseen alphabets,k n c e y a g h i j d l m f o t q r s b u v w x p z,10,shift,3,out-of,u v e,0
1578,nocopy_20,f g l i,f g l i j,a b c d q f g,a b c d q f g l,seen alphabets,a b c d q f g l i j k p m n o e h r s t u v w x y z,5,extend_sequence,7,in,a b c d q f g l,1
1579,nocopy_20,h i a k b f,e j o p r g,x l c v z t q,h i a k b f e,seen alphabets,x l c v z t q h i a k b f e j o p r g y u d m n w s,20,shift,7,out-of,x l c v z t h,0
1580,nocopy_20,d o f,c o g,k t m n o,j t m n p,seen alphabets,a b c d e f g h i j k l m n o p q r s t u v w x z y,2,fix_pred_succ,5,out-of,k l m n o,0
1581,nocopy_20,k l m n o p q,k l m n o p r,h i j k l m,h i j k l n,unseen alphabets,a c b v d f g h i j k l m n o p q r s t u e w x y z,5,succ,6,in,g i j k l m,0
1582,nocopy_20,g h p b k,g h p b l,g h p b,g h p k,unseen alphabets,a y c d e f g h p b k l m n o i q r s t u v w x j z,5,succ,4,in,g h d k,0
1583,nocopy_20,d u f g m i j,d u f g p i j,l c n o h q,l m n o h q,seen alphabets,a s r d u f g p i j k l m n o h q b c t z e w x y v,10,fix_alphabetic_seq,6,in,l c n o h b,0
1584,nocopy_20,p q r s t d v,o q r s t d v,j k l,i k l,seen alphabets,a b c u e f g h i j k l m n o p q r s t d v w x y z,2,pred,3,in,i k l,1
1585,nocopy_20,c d e f,c d e f g,m m m n n n o o o,m m m n n n o o o p p p,unseen alphabets,a i c d e f g h b j k l m n o p q r s t u v w x y z,2,extend_group,3,out-of,m m m n n n o o o,0
1586,nocopy_20,j k l m v o,i k l m v h,c t q e w x,b t q e w y,seen alphabets,a s r d u f g p i j k l m n o h q b c t z e w x y v,10,fix_pred_succ,6,out-of,c t z e w x,0
1587,nocopy_20,g g f f e e h h i i j j k k,g g f f e e h h i i j j k k l l,u u v v w w x x y y,u u v v w w x x y y z z,seen alphabets,a b c d g f e h i j k l m n o p q r s t u v w x y z,2,extend_group,10,out-of,g g f f e e h h i i j j k k,0
1588,nocopy_20,h s r,h s d,y x a,y x u,seen alphabets,h s r d e f g b i j k l m n o p q z w t c v y x a u,10,succ,3,in,v x a,0
1589,nocopy_20,r c d e,a c d e,m n o b,l n o b,unseen alphabets,a r c d e f g h i j p l m n o b q y s t u v w x k z,5,pred,4,in,m n o p,0
1590,nocopy_20,b c u e f g h,b c u e f g h i k,u e f,u e f g i,seen alphabets,a b c u e f g h i j k l m n o p q r s t d v w x y z,2,extend_extend_succ,3,out-of,u e f g,0
1591,nocopy_20,c d i f f a,c d i f a,h y h y e y j y k,h y e y j y k,unseen alphabets,o b c d i f a h e j k l m n g p q r s t u v w x y z,5,rr_interleave,5,in,h y i y j y k,0
1592,nocopy_20,e h h s r t u,e h r s t u,i k k j,i j k,seen alphabets,a b c d q f g l i j k p m n o e h r s t u v w x y z,5,rr_sort,4,out-of,i j k,1
1593,nocopy_20,h y w l o g u,h y w l o g v,s e b e u e m,s e b e u e q,unseen alphabets,e d r c z m a f i j h y w l o g v p s b u q n x k t,20,fix_interleave,4,out-of,s e b e u e d,0
1594,nocopy_20,u u g g e e f f d d h h,u u d d e e f f g g h h,u u e e d d,u u d d e e,seen alphabets,a b u d e f g h i m k l r n o p q c s t j v w x y z,5,sort_group,6,in,u e e e f e g e h h d d e e,0
1595,nocopy_20,n n o p q,n o p r,g d e f s s,g d e f h,seen alphabets,a b g d e f s h i j w l m n o p q r k t u v c x y z,5,rr_succ,6,in,g d e f h,1
1596,nocopy_20,t a q s,t s q a,l l l c c c e e e t t t,c c c l l l e e e t t t,unseen alphabets,r d v i o f g m y b w n h u j p c l e t s q a x k z,20,sort_group,4,in,l l l c c c e e e,0
1597,nocopy_20,b q y s t u,u t s y q b,o b q,q b o,unseen alphabets,a r c d e f g h i j p l m n o b q y s t u v w x k z,5,reverse,3,out-of,o h q,0
1598,nocopy_20,i h g j,g h i j,v w x z y,v w x y z,seen alphabets,a b c u e f g h i j k l m n o p q r s t d v w x y z,2,sort,5,in,u w x z y,0
1599,nocopy_20,m j o r g,m j e r g,q i b i m i j,a i b i m i j,unseen alphabets,a b m j e r g h q l f d k n o p i c s t u v w x y z,10,fix_interleave,4,out-of,q i b i i i j,0
1600,nocopy_20,o p h r s t u,n p h r s t u z,q d w f g b i,e d w f g b i j,unseen alphabets,a e q d w f g b i j k m c n o p h r s t u z v x y l,10,extend_pred,7,out-of,d e f g b i j,0
1601,nocopy_20,z c d e,z c d e f h,i j k l m n o,i j k l m n o p r,seen alphabets,a z c d e f g h i j k l m n o p q r s t u v w x y b,2,extend_extend_succ,7,out-of,h j k l m n o,0
1602,nocopy_20,t s u v w x,s t u v w x,o o o n n n i i i q q q,n n n o o o i i i q q q,unseen alphabets,a y c d e f g h p b k l m n o i q r s t u v w x j z,5,sort_group,4,in,n n n o o o p p p q q q,0
1603,nocopy_20,g p q r s,t u v w x,m n g p q r s,t u v w x y z,unseen alphabets,o b c d i f a h e j k l m n g p q r s t u v w x y z,5,shift,7,out-of,m n o p q r s,0
1604,nocopy_20,y w l,y w l o v,g v p,g v p s u,unseen alphabets,e d r c z m a f i j h y w l o g v p s b u q n x k t,20,extend_extend_succ,3,out-of,g h v,0
1605,nocopy_20,g h h i j,g h i j,q b q b r b s b b b u b v b w,q b r b s b b b u b v b w,unseen alphabets,k n c e y a g h i j d l m f o t q r s b u v w x p z,10,rr_interleave,8,in,q b r b s b t b u b v b w,0
1606,nocopy_20,b g h m j k,b g h i j k,i f s f t f u f v f w,r f s f t f u f v f w,unseen alphabets,a f c d e b g h i j k l m n o p q r s t u v w x y z,2,fix_interleave,6,out-of,s f t f u f v f w,0
1607,nocopy_20,o p q c s,s c q p o,g h i m k l r,r l k m i h g,seen alphabets,a b u d e f g h i m k l r n o p q c s t j v w x y z,5,reverse,7,out-of,g h i m k l n,0
1608,nocopy_20,k l m m,k l m,u v w w x y,u v w x y,unseen alphabets,o b c d i f a h e j k l m n g p q r s t u v w x y z,5,remove_redundant,6,in,u v w x y,1
1609,nocopy_20,m n o p q,m n o p q r,k k k l l l m m m n n n o o o p p p q q q,k k k l l l m m m n n n o o o p p p q q q r r r,unseen alphabets,a c b v d f g h i j k l m n o p q r s t u e w x y z,5,extend_group,7,out-of,k k k l l l m m m n n n o o o p p p q q q,0
1610,nocopy_20,e f g h i j,k l m n o p,u e f g h,i j k l m,seen alphabets,a b c u e f g h i j k l m n o p q r s t d v w x y z,2,shift,5,out-of,u e f g i,0
1611,nocopy_20,c h q p n r,q h c p n r,n r g v,n r v g,unseen alphabets,u q h c p n r v g f k a m w i l j y s t d b o x e z,20,sort,4,in,g r k,0
1612,nocopy_20,g y u,r y u,t q h i a k,z q h i a k,seen alphabets,x l c v z t q h i a k b f e j o p r g y u d m n w s,20,pred,6,in,z q h i a k,1
1613,nocopy_20,q p o h,o p q h,s u t v w e,s t u v w e,seen alphabets,a b c d x f g i r j k l m n o p q h s t u v w e y z,5,sort,6,in,s t u v w e,1
1614,nocopy_20,g g h v e k,g h v e l,b c z z j f,b c z j g,seen alphabets,a b c z j f g h v e k l m n o p q x s t u i y w d r,10,rr_succ,6,in,b c z j g,1
1615,nocopy_20,i j y l m,i j y l m n,i i j j y y,i i j j y y l l,unseen alphabets,g b c d e f s h i j y l m n o p q r k t u v w x a z,5,extend_group,3,out-of,i i j j k k,0
1616,nocopy_20,a b m,a b d,a b m d e,a b m d f,seen alphabets,a b m d e f g h i j k l c n o p q r s t u v w x y z,2,succ,5,in,a b m d f,1
1617,nocopy_20,p q r,p q r p q r,l m n,l m n l m n,seen alphabets,a z c d e f g h i j k l m n o p q r s t u v w x y b,2,replicate,3,out-of,l m n o,0
1618,nocopy_20,g f k a m w,g f k a m i,g f k a,g f k m,unseen alphabets,u q h c p n r v g f k a m w i l j y s t d b o x e z,20,succ,4,in,k g f q,0
1619,nocopy_20,r h o,r h a,n w j p s t a,n w j p s t g,seen alphabets,q k i d v f r h a l e b x c n w j p s t g z m o y u,20,fix_alphabetic_seq,7,in,n w j p s t g,1
1620,nocopy_20,s t u,s t u j x,o p q r s,o p q r s t j,seen alphabets,a h c d e f g b i y k l m n o p q r s t u j w x v z,5,extend_extend_succ,5,out-of,n p q r s,0
1621,nocopy_20,d v f r h a l,e b x c n w j,b x c,n w j,seen alphabets,q k i d v f r h a l e b x c n w j p s t g z m o y u,20,shift,3,out-of,b x n,0
1622,nocopy_20,k p p p q p r p s p t p u,o p p p q p r p s p t p u,f b g b b b i b h,f b g b b b i b y,seen alphabets,a h c d e f g b i y k l m n o p q r s t u j w x v z,5,fix_interleave,9,out-of,p p q p r p s s p t q p b b,0
1623,nocopy_20,k k k c c c l l l,k k k l l l c c c,b b b e e e d d d m m m f f f,b b b m m m d d d e e e f f f,seen alphabets,a b m d e f g h i j k l c n o p q r s t u v w x y z,2,sort_group,15,in,c c c d d d e e e f f f,0
1624,nocopy_20,y v c x a u,c v y x a u,d r s,s r d,seen alphabets,h s r d e f g b i j k l m n o p q z w t c v y x a u,10,sort,3,in,q r s,0
1625,nocopy_20,d e f g h,i j k l t,a b c d e,f g h i j,unseen alphabets,a b c d e f g h i j k l t n o p q r s m u v w x y z,2,shift,5,out-of,a b c d f,0
1626,nocopy_20,d c e c f c f c g,d c e c f c g,k c k c l c m c n c o,k c l c m c n c o,seen alphabets,h s r d e f g b i j k l m n o p q z w t c v y x a u,10,rr_interleave,11,in,k c l c m c n c o,1
1627,nocopy_20,b q e q f q a q a q z,b q e q f q a q z,g m r m k m k,g m r m k,seen alphabets,l d c b e f a z g r k w n y s o u i q t h v x p m j,20,rr_interleave,7,in,a a z z g g r r k k,0
1628,nocopy_20,p q r k,p q r k p q r k,l m n,l m n l m n,seen alphabets,a b g d e f s h i j w l m n o p q r k t u v c x y z,5,replicate,3,out-of,l m n o,0
1629,nocopy_20,c d a o g h x,c d a o g h x j,u n c d a,u n c d a o,seen alphabets,u n c d a o g h x j b l m k i p q r s t f v w e y z,10,extend_sequence,5,in,u n c d a o,1
1630,nocopy_20,i h j k l,h i j k l,d c e,c d e,unseen alphabets,a f c d e b g h i j k l m n o p q r s t u v w x y z,2,sort,3,in,c d e,1
1631,nocopy_20,w y y x,w x y,l h i i j k g m,g h i j k l m,unseen alphabets,a c b v d f g h i j k l m n o p q r s t u e w x y z,5,rr_sort,8,out-of,l h i j k l m,0
1632,nocopy_20,y m w,l m w,g y k y i,g y h y i,unseen alphabets,x b c d e v g h i n k l m w f p q r s t u z a y j o,10,fix_interleave,3,out-of,g y k l i,0
1633,nocopy_20,g a l a l a i a j a k,g a l a i a j a k,m o m o n o o o e o h o r,m o n o o o e o h o r,seen alphabets,a b c d q f g l i j k p m n o e h r s t u v w x y z,5,rr_interleave,13,in,m m m k n n o o o e e e h h h r r r,0
1634,nocopy_20,d d e r,e d r,h y h w,h y w,unseen alphabets,e d r c z m a f i j h y w l o g v p s b u q n x k t,20,rr_sort,4,out-of,h i y,0
1635,nocopy_20,i l k j c n,i j k l c n,e m d b f,b m d e f,seen alphabets,a b m d e f g h i j k l c n o p q r s t u v w x y z,2,sort,5,in,b m d e f,1
1636,nocopy_20,h i n n,h i n,e e v e g e h e h e i,e e v e g e h e i,unseen alphabets,x b c d e v g h i n k l m w f p q r s t u z a y j o,10,rr_interleave,6,in,e e v e g e h e i,1
1637,nocopy_20,d s r a d,a s r d,f g i p g j,f g p i j,seen alphabets,a s r d u f g p i j k l m n o h q b c t z e w x y v,10,rr_sort,6,out-of,f g p g i g j,0
1638,nocopy_20,p q r s t,p q r s u,o p q r s t u,o p q r s t v,unseen alphabets,a m c d e f g h i j k l b n o p q r s t u v w x y z,2,succ,7,in,n p q r s t u,0
1639,nocopy_20,i i o f,i o g,s q a x x,s q a k,unseen alphabets,r d v i o f g m y b w n h u j p c l e t s q a x k z,20,rr_succ,5,in,s q x,0
1640,nocopy_20,e s i j k n n,e s i j k m,r l b g t t e s,r l b g t e i,unseen alphabets,x r l b g t e s i j k n m w f p a c h u v d o y q z,20,rr_succ,8,in,r l g b e f s,0
1641,nocopy_20,m j r p q o s,s o q p r j m,n w x,x w n,seen alphabets,a b c u e v g h d k i l m j r p q o s t f n w x y z,10,reverse,3,out-of,f w x,0
1642,nocopy_20,l m n o,w m n o p,i j w l m n o,h j w l m n o p,seen alphabets,a b g d e f s h i j w l m n o p q r k t u v c x y z,5,extend_pred,7,out-of,i j w l m n o p,0
1643,nocopy_20,t l d l v l w l z,t l d l v l w l x,i q j q k q l q s,i q j q k q l q m,seen alphabets,a b c u e f g h i j k l m n o p q r s t d v w x y z,2,fix_interleave,9,out-of,x q j q k q l q c,0
1644,nocopy_20,r s t f,r s t f v e,b l m k i p,b l m k i p q s,seen alphabets,u n c d a o g h x j b l m k i p q r s t f v w e y z,10,extend_extend_succ,6,out-of,j l m k i p,0
1645,nocopy_20,q r s t u,q r s t u v,u v w,u v w x,unseen alphabets,o b c d i f a h e j k l m n g p q r s t u v w x y z,5,extend_sequence,3,in,u v w x,1
1646,nocopy_20,f h j i,f i j h,r d c,d r c,unseen alphabets,e d r c z m a f i j h y w l o g v p s b u q n x k t,20,sort,3,in,r d e,0
1647,nocopy_20,k l m n o p,j l m n o p,t u v,s u v,unseen alphabets,f b c d e a g h i j k l m n o p q r s t u v w x y z,2,pred,3,in,s u v,1
1648,nocopy_20,a c h u n d o,a c h u v d o y,l b f,l b g t,unseen alphabets,x r l b g t e s i j k n m w f p a c h u v d o y q z,20,fix_extend,3,in,l e b x,0
1649,nocopy_20,k o m n p,k p m n o,s r h,h r s,seen alphabets,a b c d q f g l i j k p m n o e h r s t u v w x y z,5,sort,3,in,h r s,1
1650,nocopy_20,c e y a,c e y g,e y a g h i,e y a g h j,unseen alphabets,k n c e y a g h i j d l m f o t q r s b u v w x p z,10,succ,6,in,e f g h i,0
1651,nocopy_20,g g f e h i j k,g f e h i j k,p p q r s t u v,p q r s t u v,seen alphabets,a b c d g f e h i j k l m n o p q r s t u v w x y z,2,remove_redundant,8,in,p q r s t u v,1
1652,nocopy_20,f e h i,f g h i j,k l y n,k l m n o,unseen alphabets,a c b v d f g h i j k l m n o p q r s t u e w x y z,5,fix_extend,4,in,k l m n o,1
1653,nocopy_20,i d v f r h a,i d v f r h l,q k i,q k d,seen alphabets,q k i d v f r h a l e b x c n w j p s t g z m o y u,20,succ,3,in,q k d,1
1654,nocopy_20,w i y,m i s,n r v x f k,p r v x f a,unseen alphabets,u q h c p n r v g f k a m w i l j y s t d b o x e z,20,fix_pred_succ,6,out-of,v r k t f n,0
1655,nocopy_20,s r q,q r s,k l m q o p n,k l m n o p q,seen alphabets,a z c d e f g h i j k l m n o p q r s t u v w x y b,2,sort,7,in,k l m n o p q,1
1656,nocopy_20,k k k t t t f f f d d d n n n,k k k t t t f f f n n n d d d,r r g g l l q q,l l g g r r q q,seen alphabets,a e c h x l g r q y k t f n d j o i w u v b m p s z,20,sort_group,8,in,k k k t t t f f f n n n d d d j j j o o o,0
1657,nocopy_20,j n o n i n w n d,j n o n i n w n u,x a n a g a r a q a y a k,x a l a g a r a q a y a k,seen alphabets,a e c h x l g r q y k t f n d j o i w u v b m p s z,20,fix_interleave,13,out-of,n a x a l a g a r a q a y,0
1658,nocopy_20,l m n o p q r,r q p o n m l,i y k l m n o,o n m l k y i,seen alphabets,a h c d e f g b i y k l m n o p q r s t u j w x v z,5,reverse,7,out-of,b y k l m n o,0
1659,nocopy_20,p v v v x v t v l,p v v v x v s v l,s y l y c y e y n y u,s y l y c y e y y y u,seen alphabets,m r j k g f q n i b h a w d o p v x s l c e y u t z,20,fix_interleave,11,out-of,v y x y s y l y c y e y u,0
1660,nocopy_20,q r s t,p r s t,i n k l m,h n k l m,unseen alphabets,x b c d e v g h i n k l m w f p q r s t u z a y j o,10,pred,5,in,i y k l m,0
1661,nocopy_20,r s t u z,h s t u z v,n o p h r s t,c o p h r s t u,unseen alphabets,a e q d w f g b i j k m c n o p h r s t u z v x y l,10,extend_pred,7,out-of,n o p q r s t u,0
1662,nocopy_20,m v w,s v x,g h i e,f h i f,unseen alphabets,a b c d e f g h i j k l t n o p q r s m u v w x y z,2,fix_pred_succ,4,out-of,g h i j,0
1663,nocopy_20,e f g l,e f g h b,n s p q,n o p q r,unseen alphabets,a i c d e f g h b j k l m n o p q r s t u v w x y z,2,fix_extend,4,in,o p q r,0
1664,nocopy_20,m t u v w,s t u v w,t u v w a,t u v w x,unseen alphabets,o b c d i f a h e j k l m n g p q r s t u v w x y z,5,fix_alphabetic_seq,5,in,t u v w x,1
1665,nocopy_20,k l m n o p q,k l m n o p q k l m n o p q,z w t c,z w t c z w t c,seen alphabets,h s r d e f g b i j k l m n o p q z w t c v y x a u,10,replicate,4,out-of,l m n o p q z w t c,0
1666,nocopy_20,o p q h m t,o p q h s t,h s t u v y e,h s t u v w e,seen alphabets,a b c d x f g i r j k l m n o p q h s t u v w e y z,5,fix_alphabetic_seq,7,in,h s t u v w e,1
1667,nocopy_20,y k d,y k l m,r s t u j w v,r s t u j w x v,seen alphabets,a h c d e f g b i y k l m n o p q r s t u j w x v z,5,fix_extend,7,in,r s t u j w x v,1
1668,nocopy_20,v w l,v w x,l s t u v w,r s t u v w,seen alphabets,a z c d e f g h i j k l m n o p q r s t u v w x y b,2,fix_alphabetic_seq,6,in,r s t u v w,1
1669,nocopy_20,i g h b j k,f g h b j k,h b r k l m,h b j k l m,unseen alphabets,a i c d e f g h b j k l m n o p q r s t u v w x y z,2,fix_alphabetic_seq,6,in,h i j k l m,0
1670,nocopy_20,j s t,i s u,w o g b i j k,d o g b i j m,unseen alphabets,a e q d w f g b i j k m c n o p h r s t u z v x y l,10,fix_pred_succ,7,out-of,f o g b i j k,0
1671,nocopy_20,y o a f r s p,y o a f r s n,m x l x o,m x y x o,unseen alphabets,q t c d e i p h b j k l m y o a f r s n u v w x g z,10,fix_interleave,3,out-of,m k l o,0
1672,nocopy_20,r u j z b,r z j u b,h h h z z z i i i k k k e e e r r r m m m,h h h m m m i i i k k k e e e r r r z z z,unseen alphabets,d s p a x f g h m i k e r z j u b q t n c v o w y l,20,sort_group,7,in,h h h i i i m m m k k k l l l r r r,0
1673,nocopy_20,q r s t u v w,q r s t u v w x z,k l m n g p,k l m n g p q s,unseen alphabets,o b c d i f a h e j k l m n g p q r s t u v w x y z,5,extend_extend_succ,6,out-of,k l m n o p q,0
1674,nocopy_20,k o p q,j o p r,i j k r c,h j k r n,seen alphabets,a b m d e f g h i j k l c n o p q r s t u v w x y z,2,fix_pred_succ,5,out-of,i j k l c,0
1675,nocopy_20,s t n v w x k,s t u v w x k,d t e t f t g t n t i,d t e t f t g t h t i,unseen alphabets,a r c d e f g h i j p l m n o b q y s t u v w x k z,5,fix_interleave,6,out-of,d t e t f t g t h t i,1
1676,nocopy_20,z m a f i j,h y w l o g,b u q,n x k,unseen alphabets,e d r c z m a f i j h y w l o g v p s b u q n x k t,20,shift,3,out-of,b u d,0
1677,nocopy_20,s i j k n,m w f p a,k n m w f p a,c h u v d o y,unseen alphabets,x r l b g t e s i j k n m w f p a c h u v d o y q z,20,shift,7,out-of,k t f n d j,0
1678,nocopy_20,v w e z y,v w e y z,w v u,u v w,seen alphabets,a b c d x f g i r j k l m n o p q h s t u v w e y z,5,sort,3,in,u v w,1
1679,nocopy_20,n c d a o g h,x j b l m k i,l m k,i p q,seen alphabets,u n c d a o g h x j b l m k i p q r s t f v w e y z,10,shift,3,out-of,b m k,0
1680,nocopy_20,s d t d u d v d w d x d x,s d t d u d v d w d x,u w v w w w w,u w v w w,seen alphabets,a b m d e f g h i j k l c n o p q r s t u v w x y z,2,rr_interleave,7,in,t t t u u u v v v w w w x x x,0
1681,nocopy_20,d e f g,h i j p,p l m n o b q,y s t u v w x,unseen alphabets,a r c d e f g h i j p l m n o b q y s t u v w x k z,5,shift,7,out-of,k l m n o p q,0
1682,nocopy_20,c u c u v u z u t u q u h,c u v u z u t u q u h,r d g d g d y,r d g d y,seen alphabets,x l c v z t q h i a k b f e j o p r g y u d m n w s,20,rr_interleave,7,in,z u g u r r q u y u u u d d,0
1683,nocopy_20,y w l,h w l,s b u q n x,p b u q n x,unseen alphabets,e d r c z m a f i j h y w l o g v p s b u q n x k t,20,pred,6,in,s t u j w x,0
1684,nocopy_20,h i n,g i n k,c d e,b d e v,unseen alphabets,x b c d e v g h i n k l m w f p q r s t u z a y j o,10,extend_pred,3,out-of,c d e f,0
1685,nocopy_20,d c b,d c b e a,d c b e f,d c b e f a g,seen alphabets,l d c b e f a z g r k w n y s o u i q t h v x p m j,20,extend_extend_succ,5,out-of,d c b e a,0
1686,nocopy_20,y l m d o p q,j l m d o p r,s h q j,f h q y,unseen alphabets,g b c d e f s h i j y l m n o p q r k t u v w x a z,5,fix_pred_succ,4,out-of,o h q j,0
1687,nocopy_20,c d e u g h,c d e v g h i,b c d e t g h,b c d e v g h i,unseen alphabets,x b c d e v g h i n k l m w f p q r s t u z a y j o,10,fix_extend,7,in,b c d e f g h i,0
1688,nocopy_20,s p a x,d p a x f,n c v o,t c v o w,unseen alphabets,d s p a x f g h m i k e r z j u b q t n c v o w y l,20,extend_pred,4,out-of,n c d a o g,0
1689,nocopy_20,u v d r y,u v d o y q,m r l b,x r l b g,unseen alphabets,x r l b g t e s i j k n m w f p a c h u v d o y q z,20,fix_extend,4,in,m r n o p,0
1690,nocopy_20,n o p h,n o p h r,u u u z z z v v v x x x y y y,u u u z z z v v v x x x y y y l l l,unseen alphabets,a e q d w f g b i j k m c n o p h r s t u z v x y l,10,extend_group,5,out-of,u u u v v v c c c x x x y y y z z z,0
1691,nocopy_20,l t n o,k t n o p,k l t n o p q,j l t n o p q r,unseen alphabets,a b c d e f g h i j k l t n o p q r s m u v w x y z,2,extend_pred,7,out-of,k l m n o p q r,0
1692,nocopy_20,t c v y x a u,t c v y x a u t c v y x a u,z w t c v y,z w t c v y z w t c v y,seen alphabets,h s r d e f g b i j k l m n o p q z w t c v y x a u,10,replicate,6,out-of,c v y x a u u u t t z z e v,0
1693,nocopy_20,i i r r j j k k l l m m n n,i i r r j j k k l l m m n n o o,n n n o o o p p p q q q h h h,n n n o o o p p p q q q h h h s s s,seen alphabets,a b c d x f g i r j k l m n o p q h s t u v w e y z,5,extend_group,15,out-of,r r r j j j k k k l l l m m m n n n o o o,0
1694,nocopy_20,u v x,u v c x,h q j w,h i j w l,seen alphabets,a b g d e f s h i j w l m n o p q r k t u v c x y z,5,fix_extend,4,in,h i j w l,1
1695,nocopy_20,p q r s t u,p q r s t u v x,g h i,g h i j l,seen alphabets,a b c d e f g h i j k l m n o p q r s t u v w x z y,2,extend_extend_succ,3,out-of,g h j,0
1696,nocopy_20,q d o y d,d o y q,u o d d v y q z,u v d o y q z,unseen alphabets,x r l b g t e s i j k n m w f p a c h u v d o y q z,20,rr_sort,8,out-of,u d v w n y z,0
1697,nocopy_20,j d l m,j d l m f t,k n c e,k n c e y g,unseen alphabets,k n c e y a g h i j d l m f o t q r s b u v w x p z,10,extend_extend_succ,4,out-of,k n c f,0
1698,nocopy_20,z c d e f g h,a c d e f g h i,n o p q r s,m o p q r s t,seen alphabets,a z c d e f g h i j k l m n o p q r s t u v w x y b,2,extend_pred,6,out-of,n o p q r s t,0
1699,nocopy_20,y y x z,x y z,b q d d c f g l,b c d q f g l,seen alphabets,a b c d q f g l i j k p m n o e h r s t u v w x y z,5,rr_sort,8,out-of,b c d q f g i,0
1700,nocopy_20,c f p a w,w f p a c,k k j j i i n n,i i j j k k n n,unseen alphabets,x r l b g t e s i j k n m w f p a c h u v d o y q z,20,sort_group,4,in,i i j j k k,0
1701,nocopy_20,o b q y,o b q y s u,a r c d,a r c d e g,unseen alphabets,a r c d e f g h i j p l m n o b q y s t u v w x k z,5,extend_extend_succ,4,out-of,a s r d,0
1702,nocopy_20,p m c h u,p a c h u,n z m z l,n z m z w,unseen alphabets,x r l b g t e s i j k n m w f p a c h u v d o y q z,20,fix_interleave,3,out-of,l l m m n,0
1703,nocopy_20,c i a,a i c,b j k n m l o,b j k l m n o,unseen alphabets,a i c d e f g h b j k l m n o p q r s t u v w x y z,2,sort,7,in,i j k l m n o,0
1704,nocopy_20,r g y u d m n,r g y u d m w,x l c v z t q,x l c v z t h,seen alphabets,x l c v z t q h i a k b f e j o p r g y u d m n w s,20,succ,7,in,x l c v z t h,1
1705,nocopy_20,u i y w d,t i y w d r,m n o,l n o p,seen alphabets,a b c z j f g h v e k l m n o p q x s t u i y w d r,10,extend_pred,3,out-of,m n o p,0
1706,nocopy_20,l m n i o i,l m n o i,y c y d e f,y c d e f,unseen alphabets,a y c d e f g h p b k l m n o i q r s t u v w x j z,5,rr_sort,6,out-of,y c d e f,1
1707,nocopy_20,q r s t,q r s t u w,n o p q,n o p q r t,unseen alphabets,a c b v d f g h i j k l m n o p q r s t u e w x y z,5,extend_extend_succ,4,out-of,n o p r,0
1708,nocopy_20,h d k,h d k i,j r p q o,j r p q o s,seen alphabets,a b c u e v g h d k i l m j r p q o s t f n w x y z,10,extend_sequence,5,in,j r p q o s,1
1709,nocopy_20,l m n o,l m n o p,r s t u v w,r s t u v w x,unseen alphabets,f b c d e a g h i j k l m n o p q r s t u v w x y z,2,extend_sequence,6,in,r s t u v w x,1
1710,nocopy_20,g h q l f d k,r h q l f d k n,t u v w,s u v w x,unseen alphabets,a b m j e r g h q l f d k n o p i c s t u v w x y z,10,extend_pred,4,out-of,t u v w e,0
1711,nocopy_20,r s m u v,v u m s r,v w x,x w v,unseen alphabets,a b c d e f g h i j k l t n o p q r s m u v w x y z,2,reverse,3,out-of,v w y,0
1712,nocopy_20,n o o p q r s,n o p q r s,o o p q r,o p q r,unseen alphabets,a b c d e f g h i j k l t n o p q r s m u v w x y z,2,remove_redundant,5,in,o p q r,1
1713,nocopy_20,c d e a g h i,j k l m n o p,j k l m n,o p q r s,unseen alphabets,f b c d e a g h i j k l m n o p q r s t u v w x y z,2,shift,5,out-of,i k l m n,0
1714,nocopy_20,p s b,p s b p s b,w l o g,w l o g w l o g,unseen alphabets,e d r c z m a f i j h y w l o g v p s b u q n x k t,20,replicate,4,out-of,w l m n o,0
1715,nocopy_20,i k y i,i y k,r t t s,r s t,seen alphabets,a h c d e f g b i y k l m n o p q r s t u j w x v z,5,rr_sort,4,out-of,r s t,1
1716,nocopy_20,s t u,s t u v x,r g h q,r g h q l d,unseen alphabets,a b m j e r g h q l f d k n o p i c s t u v w x y z,10,extend_extend_succ,4,out-of,g h i m,0
1717,nocopy_20,e f s h i,e f s h j,g b c d,g b c e,unseen alphabets,g b c d e f s h i j y l m n o p q r k t u v w x a z,5,succ,4,in,a b c d,0
1718,nocopy_20,a f c d e b,a f c d e b g,s s t t u u v v w w x x y y,s s t t u u v v w w x x y y z z,unseen alphabets,a f c d e b g h i j k l m n o p q r s t u v w x y z,2,extend_group,7,out-of,s s t t u u v v w w x x y y,0
1719,nocopy_20,f g h i j k,f g h i j l,e f g h i,e f g h j,seen alphabets,a b c d e f g h i j k l m n o p q r s t u v w x y z,1,succ,5,in,e f g h j,1
1720,nocopy_20,l j c j n j o j p j p,l j c j n j o j p,r x s x t x t x u,r x s x t x u,seen alphabets,a b m d e f g h i j k l c n o p q r s t u v w x y z,2,rr_interleave,9,in,n n o o p p q q r r s s t t,0
1721,nocopy_20,e r f r g r n r i,e r f r g r h r i,e e f e g e n,e e f e g e h,seen alphabets,a z c d e f g h i j k l m n o p q r s t u v w x y b,2,fix_interleave,7,out-of,i e j e f e g e n,0
1722,nocopy_20,q l f d k n y,h l f d k n z,i r g,p r h,unseen alphabets,a b m j e r g h q l f d k n o p i c s t u v w x y z,10,fix_pred_succ,3,out-of,g r q,0
1723,nocopy_20,y a c d e,a y c d e,a c y,a y c,unseen alphabets,a y c d e f g h p b k l m n o i q r s t u v w x j z,5,sort,3,in,a c d,0
1724,nocopy_20,m a f,f a m,r c z m a f i,i f a m z c r,unseen alphabets,e d r c z m a f i j h y w l o g v p s b u q n x k t,20,reverse,7,out-of,r h a l m,0
1725,nocopy_20,j i y k l m n,u i y k l m o,o p q c,n p q d,seen alphabets,a h c d e f g b i y k l m n o p q r s t u j w x v z,5,fix_pred_succ,4,out-of,n p q c,0
1726,nocopy_20,a o g h,d o g h x,n c d,u c d a,seen alphabets,u n c d a o g h x j b l m k i p q r s t f v w e y z,10,extend_pred,3,out-of,n c d a,0
1727,nocopy_20,c v y x a u,c v y x a u c v y x a u,j k l m,j k l m j k l m,seen alphabets,h s r d e f g b i j k l m n o p q z w t c v y x a u,10,replicate,4,out-of,x j b l m k i,0
1728,nocopy_20,l l m n,l m n,c a d a e a e a f,c a d a e a f,unseen alphabets,a y c d e f g h p b k l m n o i q r s t u v w x j z,5,rr_interleave,5,in,c a d a e a f,1
1729,nocopy_20,b u c,b c u,m o n,m n o,seen alphabets,a b c u e f g h i j k l m n o p q r s t d v w x y z,2,sort,3,in,m n o,1
1730,nocopy_20,c v o,c v w,i k e r z j,i k e r z u,unseen alphabets,d s p a x f g h m i k e r z j u b q t n c v o w y l,20,succ,6,in,i r j k k,0
1731,nocopy_20,b c z z j f g h,b c z j f g h,w d r r,w d r,seen alphabets,a b c z j f g h v e k l m n o p q x s t u i y w d r,10,remove_redundant,4,in,w d r,1
1732,nocopy_20,h i a k b f,q i a k b f,k b f e j o,a b f e j o,seen alphabets,x l c v z t q h i a k b f e j o p r g y u d m n w s,20,pred,6,in,a b f e j o,1
1733,nocopy_20,w b n n,b w n,t e l s q q,l e t s q,unseen alphabets,r d v i o f g m y b w n h u j p c l e t s q a x k z,20,rr_sort,6,out-of,t q l e,0
1734,nocopy_20,p q r s t u v,p q r s t u v w y,b c d e,b c d e a h,unseen alphabets,f b c d e a g h i j k l m n o p q r s t u v w x y z,2,extend_extend_succ,4,out-of,b c d e f,0
1735,nocopy_20,q r k t u v w,q r k t u v w x,m m n n o o p p q q r r k k,m m n n o o p p q q r r k k t t,unseen alphabets,g b c d e f s h i j y l m n o p q r k t u v w x a z,5,extend_group,7,out-of,m m n n o o p p q q r r s s,0
1736,nocopy_20,a g u d e f b,a b u d e f g,q r n o p l,l r n o p q,seen alphabets,a b u d e f g h i m k l r n o p q c s t j v w x y z,5,sort,6,in,l r n o p q,1
1737,nocopy_20,a a z a g a r a k a k a w a n,a a z a g a r a k a w a n,z d z d g d r d k d w,z d g d r d k d w,seen alphabets,l d c b e f a z g r k w n y s o u i q t h v x p m j,20,rr_interleave,11,in,a a a z z z g g g r r r k k k w w w n d d,0
1738,nocopy_20,r s t u,r s t u r s t u,m n o,m n o m n o,unseen alphabets,a c b v d f g h i j k l m n o p q r s t u e w x y z,5,replicate,3,out-of,m n o p,0
1739,nocopy_20,y x w,w x y,b j k n m l o,b j k l m n o,unseen alphabets,a i c d e f g h b j k l m n o p q r s t u v w x y z,2,sort,7,in,i j k l m n o,0
1740,nocopy_20,g h i,g h i j,f f f c c c d d d e e e b b b g g g,f f f c c c d d d e e e b b b g g g h h h,unseen alphabets,a f c d e b g h i j k l m n o p q r s t u v w x y z,2,extend_group,6,out-of,b b b c c c d d d e e e f f f g g g,0
1741,nocopy_20,x x x s s s t t t u u u i i i y y y,x x x s s s t t t u u u i i i y y y w w w,z z z j j j f f f,z z z j j j f f f g g g,seen alphabets,a b c z j f g h v e k l m n o p q x s t u i y w d r,10,extend_group,9,out-of,x x x s s s t t t u u u i i i y y y w w w,0
1742,nocopy_20,d s e f d,d e f s,s h i h j,s h i j,unseen alphabets,g b c d e f s h i j y l m n o p q r k t u v w x a z,5,rr_sort,5,out-of,s h i w,0
1743,nocopy_20,w g h u,w n h u,p v l e t s q,p c l e t s q,unseen alphabets,r d v i o f g m y b w n h u j p c l e t s q a x k z,20,fix_alphabetic_seq,7,in,p v x s l c q,0
1744,nocopy_20,h i j k k,h i j l,b c d d g,b c d f,seen alphabets,a b c d g f e h i j k l m n o p q r s t u v w x y z,2,rr_succ,5,in,b c d f,1
1745,nocopy_20,d a o g,c a o g,s t f v,r t f v,seen alphabets,u n c d a o g h x j b l m k i p q r s t f v w e y z,10,pred,4,in,r t f v,1
1746,nocopy_20,q r s,q r s q r s,n g p q r,n g p q r n g p q r,unseen alphabets,o b c d i f a h e j k l m n g p q r s t u v w x y z,5,replicate,5,out-of,n o p q r s,0
1747,nocopy_20,o b d b e b f b g b b,r b d b e b f b g b b,k g e g f g g g b g i g j,d g e g f g g g b g i g j,seen alphabets,h s r d e f g b i j k l m n o p q z w t c v y x a u,10,fix_interleave,13,out-of,e g g f f b e g g b b b i i i j j j k k k,0
1748,nocopy_20,j h k h g h o h q h n,j h k h g h f h q h n,s r a r c r e r y r u r t,s r l r c r e r y r u r t,seen alphabets,m r j k g f q n i b h a w d o p v x s l c e y u t z,20,fix_interleave,13,out-of,f r q r h h i r a r k r b h,0
1749,nocopy_20,q a n a t a b a h a a,q a n a i a b a h a a,y j d j t j z,y j u j t j z,seen alphabets,m r j k g f q n i b h a w d o p v x s l c e y u t z,20,fix_interleave,7,out-of,b a h a a a w a d a j a z,0
1750,nocopy_20,q d e b,c d e b,v w x y a,v w x y z,unseen alphabets,a f c d e b g h i j k l m n o p q r s t u v w x y z,2,fix_alphabetic_seq,5,in,v w x y z,1
1751,nocopy_20,m n o p q z w,t c v y x a u,i j k l,m n o p,seen alphabets,h s r d e f g b i j k l m n o p q z w t c v y x a u,10,shift,4,out-of,b j k l,0
1752,nocopy_20,m p i k,m k i p,u o c d a n,u n c d a o,seen alphabets,u n c d a o g h x j b l m k i p q r s t f v w e y z,10,sort,6,in,u n c d a o,1
1753,nocopy_20,n w x y z,n w x y z n w x y z,c u e v,c u e v c u e v,seen alphabets,a b c u e v g h d k i l m j r p q o s t f n w x y z,10,replicate,4,out-of,c u e v g,0
1754,nocopy_20,k r m n o,k l m n o,h x e k l,h v e k l,seen alphabets,a b c z j f g h v e k l m n o p q x s t u i y w d r,10,fix_alphabetic_seq,5,in,h x j k l,0
1755,nocopy_20,p i j k l,l k j i p,i j k l m n,n m l k j i,seen alphabets,a s r d u f g p i j k l m n o h q b c t z e w x y v,10,reverse,6,out-of,i j k l m o,0
1756,nocopy_20,g z m o,o m z g,s t g z m o,o m z g t s,seen alphabets,q k i d v f r h a l e b x c n w j p s t g z m o y u,20,reverse,6,out-of,p t g z m o,0
1757,nocopy_20,l m y o i,k m y o p,t c d k i,q c d k p,unseen alphabets,q t c d e i p h b j k l m y o a f r s n u v w x g z,10,fix_pred_succ,5,out-of,t c d k l,0
1758,nocopy_20,z z z g g g r r r k k k w w w,z z z g g g r r r k k k w w w n n n,d d d c c c b b b e e e,d d d c c c b b b e e e f f f,seen alphabets,l d c b e f a z g r k w n y s o u i q t h v x p m j,20,extend_group,12,out-of,z z z g g g r r r k k k w w w n n n y y y,0
1759,nocopy_20,q r s b,q r s b u,r s b u v,r s b u v w,unseen alphabets,k n c e y a g h i j d l m f o t q r s b u v w x p z,10,extend_sequence,5,in,r s t u v w,0
1760,nocopy_20,q d w f g,q d w f g q d w f g,w f g,w f g w f g,unseen alphabets,a e q d w f g b i j k m c n o p h r s t u z v x y l,10,replicate,3,out-of,e f g b,0
1761,nocopy_20,o p q h s,o p q h t,r j k l m n o,r j k l m n p,seen alphabets,a b c d x f g i r j k l m n o p q h s t u v w e y z,5,succ,7,in,r j k l m n p,1
1762,nocopy_20,d e c g h i j,m e c g h i k,j k l c n v,i k l c n w,seen alphabets,a b m d e f g h i j k l c n o p q r s t u v w x y z,2,fix_pred_succ,6,out-of,j k l c n p,0
1763,nocopy_20,e e e k k k b b b f f f a a a j j j,a a a k k k b b b f f f e e e j j j,o o o j j j e e e,e e e j j j o o o,seen alphabets,x l c v z t q h i a k b f e j o p r g y u d m n w s,20,sort_group,9,in,a a a k k k b b b f f f e e e j j j o o o,0
1764,nocopy_20,l j y s t,l j y s t d o,q h c,q h c p r,unseen alphabets,u q h c p n r v g f k a m w i l j y s t d b o x e z,20,extend_extend_succ,3,out-of,q h s,0
1765,nocopy_20,m n o,m n o m n o,o p q x s t u,o p q x s t u o p q x s t u,seen alphabets,a b c z j f g h v e k l m n o p q x s t u i y w d r,10,replicate,7,out-of,o p q x s t u i,0
1766,nocopy_20,h i d,h i j k,r s t q v,r s t d v w,seen alphabets,a b c u e f g h i j k l m n o p q r s t d v w x y z,2,fix_extend,5,in,r s t u v w,0
1767,nocopy_20,v y x w,v w x y,a c d i f b,b c d i f a,unseen alphabets,o b c d i f a h e j k l m n g p q r s t u v w x y z,5,sort,6,in,a b c d e f,0
1768,nocopy_20,o n q,o b q y,j p l s n,j p l m n o,unseen alphabets,a r c d e f g h i j p l m n o b q y s t u v w x k z,5,fix_extend,5,in,j k l m n o,0
1769,nocopy_20,j i k l m n,i j k l m n,d r s,s r d,seen alphabets,h s r d e f g b i j k l m n o p q z w t c v y x a u,10,sort,3,in,q r s,0
1770,nocopy_20,g k l m y o,j k l m y o a,o s n u v,r s n u v w,unseen alphabets,q t c d e i p h b j k l m y o a f r s n u v w x g z,10,fix_extend,5,in,o s t u v w,0
1771,nocopy_20,m n o p q r k,k r q p o n m,b g d e f,f e d g b,seen alphabets,a b g d e f s h i j w l m n o p q r k t u v c x y z,5,reverse,5,out-of,a g d e f,0
1772,nocopy_20,r q y k t f,n d j o i w,r q y k,t f n d,seen alphabets,a e c h x l g r q y k t f n d j o i w u v b m p s z,20,shift,4,out-of,r q y t,0
1773,nocopy_20,x t f f n w s,s t f n w x,e v g h i k k d,e v g h d k i,seen alphabets,a b c u e v g h d k i l m j r p q o s t f n w x y z,10,rr_sort,8,out-of,e v g h d k i,1
1774,nocopy_20,c d e,c d a,o p q r s t u,o p q r s t v,unseen alphabets,f b c d e a g h i j k l m n o p q r s t u v w x y z,2,succ,7,in,n p q r s t u,0
1775,nocopy_20,y w x w z,w x y z,l h q q g f d,g h q l f d,unseen alphabets,a b m j e r g h q l f d k n o p i c s t u v w x y z,10,rr_sort,7,out-of,l q h q b c,0
1776,nocopy_20,j k l c n o w,j k l c n o p,n o p q z,n o p q r,seen alphabets,a b m d e f g h i j k l c n o p q r s t u v w x y z,2,fix_alphabetic_seq,5,in,n o p q w,0
1777,nocopy_20,n n o p q r s t,n o p q r s d,a b c u e e,a b c u f,seen alphabets,a b c u e f g h i j k l m n o p q r s t d v w x y z,2,rr_succ,6,in,a b c u e,0
1778,nocopy_20,h b j k l t,g b j k l n,s q u v w x,r q u v w y,unseen alphabets,a b c d e f g h i j k l t n o p q r s m u v w x y z,2,fix_pred_succ,6,out-of,s t u v w x,0
1779,nocopy_20,c c c l l l k k k n n n o o o p p p,k k k l l l c c c n n n o o o p p p,b b b a a a m m m,a a a b b b m m m,seen alphabets,a b m d e f g h i j k l c n o p q r s t u v w x y z,2,sort_group,9,in,a a a k k k l l l c c c n n n o o o p p p,0
1780,nocopy_20,z x e x w x w x x x y,z x e x w x x x y,l e m e m e n e o e h e q e b,l e m e n e o e h e q e b,seen alphabets,a s r d u f g p i j k l m n o h q b c t z e w x y v,10,rr_interleave,15,in,e e w w x x y y b b l l m m n n n n o o o,0
1781,nocopy_20,n m w f,k m w f,i j k n,s j k n,unseen alphabets,x r l b g t e s i j k n m w f p a c h u v d o y q z,20,pred,4,in,i j k p,0
1782,nocopy_20,y x a u,v x a u,p q z w t c v,o q z w t c v,seen alphabets,h s r d e f g b i j k l m n o p q z w t c v y x a u,10,pred,7,in,o q z w t c v,1
1783,nocopy_20,i o k l m n j,i j k l m n o,e g b,e b g,unseen alphabets,a f c d e b g h i j k l m n o p q r s t u v w x y z,2,sort,3,in,e f g,0
1784,nocopy_20,l m n o,p q x s,o p q,x s t,seen alphabets,a b c z j f g h v e k l m n o p q x s t u i y w d r,10,shift,3,out-of,n p q,0
1785,nocopy_20,r k t u v c c,r k t u v x,u v c c,u v x,seen alphabets,a b g d e f s h i j w l m n o p q r k t u v c x y z,5,rr_succ,4,in,u v c,0
1786,nocopy_20,a b c d e f,f e d c b a,x y z,z y x,unseen alphabets,a b c d e f g h i j k l t n o p q r s m u v w x y z,2,reverse,3,out-of,w y z,0
1787,nocopy_20,j o i w u v,d o i w u v,t f n d j o i,k f n d j o i,seen alphabets,a e c h x l g r q y k t f n d j o i w u v b m p s z,20,pred,7,in,k f n d j o i,1
1788,nocopy_20,c c c b b b e e e f f f a a a z z z,c c c b b b e e e f f f a a a z z z g g g,o o o u u u i i i q q q,o o o u u u i i i q q q t t t,seen alphabets,l d c b e f a z g r k w n y s o u i q t h v x p m j,20,extend_group,12,out-of,c c c b b b e e e f f f a a a z z z g g g,0
1789,nocopy_20,b c u e,b c u e v h,l m j r p,l m j r p q s,seen alphabets,a b c u e v g h d k i l m j r p q o s t f n w x y z,10,extend_extend_succ,5,out-of,i m j r p,0
1790,nocopy_20,a e r z j,k e r z j,u b g,u b q,unseen alphabets,d s p a x f g h m i k e r z j u b q t n c v o w y l,20,fix_alphabetic_seq,3,in,b u d,0
1791,nocopy_20,v n o,m n o p,f g b i v k l,f g b i j k l m,seen alphabets,h s r d e f g b i j k l m n o p q z w t c v y x a u,10,fix_extend,7,in,f g b i j k l m,1
1792,nocopy_20,o v w y,v o w y,y w o l,o w y l,unseen alphabets,d s p a x f g h m i k e r z j u b q t n c v o w y l,20,sort,4,in,y k l,0
1793,nocopy_20,e f g h h i m,e f g h i k,u d d e f g h i,u d e f g h m,seen alphabets,a b u d e f g h i m k l r n o p q c s t j v w x y z,5,rr_succ,8,in,u d e f g h m,1
1794,nocopy_20,a w d o p v x,a w d o p v s,b h a w d o p,b h a w d o v,seen alphabets,m r j k g f q n i b h a w d o p v x s l c e y u t z,20,succ,7,in,b h a w d o v,1
1795,nocopy_20,w d r,r d w,n o p q x,x q p o n,seen alphabets,a b c z j f g h v e k l m n o p q x s t u i y w d r,10,reverse,5,out-of,m o p q x,0
1796,nocopy_20,q k i,q k i q k i,m o y,m o y m o y,seen alphabets,q k i d v f r h a l e b x c n w j p s t g z m o y u,20,replicate,3,out-of,m o y u,0
1797,nocopy_20,l g r q y k,x g r q y k,h x l g r,c x l g r,seen alphabets,a e c h x l g r q y k t f n d j o i w u v b m p s z,20,pred,5,in,h x l g q,0
1798,nocopy_20,o b q y s t t,o b q y s u,a r c c,a r d,unseen alphabets,a r c d e f g h i j p l m n o b q y s t u v w x k z,5,rr_succ,4,in,a s r,0
1799,nocopy_20,p q r,p q r s u,c d e f g h i,c d e f g h i j l,seen alphabets,a b c d e f g h i j k l m n o p q r s t u v w x z y,2,extend_extend_succ,7,out-of,b d e f g h i,0
1800,nocopy_20,u v w z y x,u v w x y z,e m d b f,b m d e f,seen alphabets,a b m d e f g h i j k l c n o p q r s t u v w x y z,2,sort,5,in,b m d e f,1
1801,nocopy_20,e a g,d a g h,i j k l m n,h j k l m n o,unseen alphabets,f b c d e a g h i j k l m n o p q r s t u v w x y z,2,extend_pred,6,out-of,i j k l m n o,0
1802,nocopy_20,o t q r s b u,f t q r s b u,l m f o t q,d m f o t q,unseen alphabets,k n c e y a g h i j d l m f o t q r s b u v w x p z,10,pred,6,in,l m n o p q,0
1803,nocopy_20,v z t q h i,v z t q h a,q h i a k b f,q h i a k b e,seen alphabets,x l c v z t q h i a k b f e j o p r g y u d m n w s,20,succ,7,in,t h i a k b f,0
1804,nocopy_20,p o n,n o p,u v x w,u v w x,unseen alphabets,f b c d e a g h i j k l m n o p q r s t u v w x y z,2,sort,4,in,u v w x,1
1805,nocopy_20,q q r s t,q r s t,x x b e d c,x b c d e,unseen alphabets,x b c d e v g h i n k l m w f p q r s t u z a y j o,10,rr_sort,6,out-of,x b x c,0
1806,nocopy_20,o p q,o p r,h i j k l m n,h i j k l m o,seen alphabets,a b c d e f g h i j k l m n o p q r s t u v w x z y,2,succ,7,in,h i j k l m o,1
1807,nocopy_20,i l m,i l m i l m,t f n w x y,t f n w x y t f n w x y,seen alphabets,a b c u e v g h d k i l m j r p q o s t f n w x y z,10,replicate,6,out-of,t f n w x y z,0
1808,nocopy_20,c o v v w,c v o w,n y v o w w c,n c v o w y,unseen alphabets,d s p a x f g h m i k e r z j u b q t n c v o w y l,20,rr_sort,7,out-of,n y s o u,0
1809,nocopy_20,m n o p q x s,l n o p q x s t,h v e k l,g v e k l m,seen alphabets,a b c z j f g h v e k l m n o p q x s t u i y w d r,10,extend_pred,5,out-of,h v e k l m,0
1810,nocopy_20,u u i i y y w w,u u i i y y w w d d,g g g h h h v v v e e e k k k l l l m m m,g g g h h h v v v e e e k k k l l l m m m n n n,seen alphabets,a b c z j f g h v e k l m n o p q x s t u i y w d r,10,extend_group,21,out-of,d d d g g g h h h v v v e e e k k k l l l,0
1811,nocopy_20,a b b c d q,a b c d q,s t t u,s t u,seen alphabets,a b c d q f g l i j k p m n o e h r s t u v w x y z,5,remove_redundant,4,in,s t u,1
1812,nocopy_20,r k t,q k t u,b c d,g c d e,unseen alphabets,g b c d e f s h i j y l m n o p q r k t u v w x a z,5,extend_pred,3,out-of,b c d q,0
1813,nocopy_20,n p o,n o p,j j j k k k l l l o o o n n n m m m p p p,j j j k k k l l l m m m n n n o o o p p p,unseen alphabets,a i c d e f g h b j k l m n o p q r s t u v w x y z,2,sort_group,7,in,j j j k k k l l l m m m n n n o o o p p p,1
1814,nocopy_20,i j s,i j k,d e v,d e b,unseen alphabets,a f c d e b g h i j k l m n o p q r s t u v w x y z,2,fix_alphabetic_seq,3,in,d e g,0
1815,nocopy_20,k l m f o,k l m y o,h b j k c m,h b j k l m,unseen alphabets,q t c d e i p h b j k l m y o a f r s n u v w x g z,10,fix_alphabetic_seq,6,in,h i j k l m,0
1816,nocopy_20,q r s t u z,q r s t u z q r s t u z,f p q r s t,f p q r s t f p q r s t,unseen alphabets,x b c d e v g h i n k l m w f p q r s t u z a y j o,10,replicate,6,out-of,o u i q t h v x,0
1817,nocopy_20,h p b k l,h p b k l m o,a y c d e f,a y c d e f g p,unseen alphabets,a y c d e f g h p b k l m n o i q r s t u v w x j z,5,extend_extend_succ,6,out-of,a b c d e f,0
1818,nocopy_20,t t t u u u v v v w w w,t t t u u u v v v w w w x x x,u u u v v v w w w,u u u v v v w w w x x x,seen alphabets,a z c d e f g h i j k l m n o p q r s t u v w x y b,2,extend_group,9,out-of,u u u v v v w w w x x x y y y,0
1819,nocopy_20,e y b,c y u,q r s a,t r s g,unseen alphabets,k n c e y a g h i j d l m f o t q r s b u v w x p z,10,fix_pred_succ,4,out-of,q r s t,0
1820,nocopy_20,t l k,k l t,o p q r m s u,o p q r s m u,unseen alphabets,a b c d e f g h i j k l t n o p q r s m u v w x y z,2,sort,7,in,o p q r s t u,0
1821,nocopy_20,v x w,v w x,v v u u w w,u u v v w w,unseen alphabets,a b c d e f g h i j k l t n o p q r s m u v w x y z,2,sort_group,3,in,u u v v w w,1
1822,nocopy_20,j k l m n,j k l m n o,s t u v w e y,s t u v w e y z,seen alphabets,a b c d x f g i r j k l m n o p q h s t u v w e y z,5,extend_sequence,7,in,s t u v w e y z,1
1823,nocopy_20,x w y z,w x y z,b b f f c c,f f b b c c,unseen alphabets,f b c d e a g h i j k l m n o p q r s t u v w x y z,2,sort_group,3,in,b b c c z z,0
1824,nocopy_20,s n u v w x,r n u v w x g,o a f r s n,y a f r s n u,unseen alphabets,q t c d e i p h b j k l m y o a f r s n u v w x g z,10,extend_pred,6,out-of,o s t f n w,0
1825,nocopy_20,g p i j k l m,g p i j k l m n h,a s r d u f,a s r d u f g i,seen alphabets,a s r d u f g p i j k l m n o h q b c t z e w x y v,10,extend_extend_succ,6,out-of,a s r d u f g,0
1826,nocopy_20,h r s t t u v,h r s t u v,x y y z,x y z,seen alphabets,a b c d q f g l i j k p m n o e h r s t u v w x y z,5,remove_redundant,4,in,x y z,1
1827,nocopy_20,g h i j j,g h i j,j k l l c n o p,j k l c n o p,seen alphabets,a b m d e f g h i j k l c n o p q r s t u v w x y z,2,remove_redundant,8,in,j k l c n o p,1
1828,nocopy_20,f i j j h y w,f i j h y w,b u q q n x k t,b u q n x k t,unseen alphabets,e d r c z m a f i j h y w l o g v p s b u q n x k t,20,remove_redundant,8,in,b u d q n i,0
1829,nocopy_20,p q o s t f,p q o s t f n x,g h d k i l,g h d k i l m r,seen alphabets,a b c u e v g h d k i l m j r p q o s t f n w x y z,10,extend_extend_succ,6,out-of,g h d k i m,0
1830,nocopy_20,c v v v y v x v x,c v v v y v x,t o c o v o y o y o x o a o u,t o c o v o y o x o a o u,seen alphabets,h s r d e f g b i j k l m n o p q z w t c v y x a u,10,rr_interleave,15,in,t o c o v o y o x o a o u,1
1831,nocopy_20,u r s t q z a,q r s t u z a,r s a u z t y,r s t u z a y,unseen alphabets,x b c d e v g h i n k l m w f p q r s t u z a y j o,10,sort,7,in,r s t u i y,0
1832,nocopy_20,c w g,c d g f,t u v g,t u v w x,seen alphabets,a b c d g f e h i j k l m n o p q r s t u v w x y z,2,fix_extend,4,in,t u v w x,1
1833,nocopy_20,f m y o,l m y o,i a f r s,o a f r s,unseen alphabets,q t c d e i p h b j k l m y o a f r s n u v w x g z,10,fix_alphabetic_seq,5,in,i s r d f,0
1834,nocopy_20,v b d f g,b v d f g,r s t u x w e,r s t u e w x,unseen alphabets,a c b v d f g h i j k l m n o p q r s t u e w x y z,5,sort,7,in,r s t u v w x,0
1835,nocopy_20,m r j f g k f q,m r j k g f q,n g g f q k i b,k g f q n i b,seen alphabets,m r j k g f q n i b h a w d o p v x s l c e y u t z,20,rr_sort,8,out-of,n g f q n i b,0
1836,nocopy_20,b k l m z o i,b k l m n o i,y i q r s t,o i q r s t,unseen alphabets,a y c d e f g h p b k l m n o i q r s t u v w x j z,5,fix_alphabetic_seq,6,in,p i r s t,0
1837,nocopy_20,c b e f a a z g,c b e f a z g,w n n y,w n y,seen alphabets,l d c b e f a z g r k w n y s o u i q t h v x p m j,20,remove_redundant,4,in,w n s,0
1838,nocopy_20,i l m j r p,k l m j r p q,m j r p q,l j r p q o,seen alphabets,a b c u e v g h d k i l m j r p q o s t f n w x y z,10,extend_pred,5,out-of,m j r p q o,0
1839,nocopy_20,a y c d e f g,a y c d e f g h,c c c d d d e e e f f f g g g,c c c d d d e e e f f f g g g h h h,unseen alphabets,a y c d e f g h p b k l m n o i q r s t u v w x j z,5,extend_group,5,out-of,c c c d d d e e e f f f g g g,0
1840,nocopy_20,r s t u u,r s t u,t r u r v r w r w r x r y,t r u r v r w r x r y,unseen alphabets,f b c d e a g h i j k l m n o p q r s t u v w x y z,2,rr_interleave,7,in,t r u r v r w r x r y,1
1841,nocopy_20,t u v w x a,t u v w x k z,j t u v w,s t u v w x,unseen alphabets,a r c d e f g h i j p l m n o b q y s t u v w x k z,5,fix_extend,5,in,s t u v w x,1
1842,nocopy_20,b w e,y w t,y b r n,m b r h,unseen alphabets,r d v i o f g m y b w n h u j p c l e t s q a x k z,20,fix_pred_succ,4,out-of,r b f n,0
1843,nocopy_20,k w l w z w n w o,k w l w c w n w o,h j c j n j o j p,l j c j n j o j p,seen alphabets,a b m d e f g h i j k l c n o p q r s t u v w x y z,2,fix_interleave,9,out-of,w j n j o j p,0
1844,nocopy_20,s p a,d p a,e r z j,k r z j,unseen alphabets,d s p a x f g h m i k e r z j u b q t n c v o w y l,20,pred,4,in,e j o,0
1845,nocopy_20,b c d,b c d e,j k l t,j k l t n,unseen alphabets,a b c d e f g h i j k l t n o p q r s m u v w x y z,2,extend_sequence,4,in,j k l m n,0
1846,nocopy_20,a f r s,a f r s a f r s,d e i,d e i d e i,unseen alphabets,q t c d e i p h b j k l m y o a f r s n u v w x g z,10,replicate,3,out-of,d e f g,0
1847,nocopy_20,n h u p j c,n h u j p c,b y m,m y b,unseen alphabets,r d v i o f g m y b w n h u j p c l e t s q a x k z,20,sort,3,in,b m p,0
1848,nocopy_20,r s t u v w x,r s t u v w x y,d e f g,d e f g h,unseen alphabets,a m c d e f g h i j k l b n o p q r s t u v w x y z,2,extend_sequence,4,in,d e f g h,1
1849,nocopy_20,n i b h,q i b h a,h a w d o p v,b a w d o p v x,seen alphabets,m r j k g f q n i b h a w d o p v x s l c e y u t z,20,extend_pred,7,out-of,h a w d o p v x,0
1850,nocopy_20,h i i j y,h i j l,d d e f s,d e f h,unseen alphabets,g b c d e f s h i j y l m n o p q r k t u v w x a z,5,rr_succ,5,in,d e f g,0
1851,nocopy_20,l t x o p q,l t n o p q,h f k f j,h f i f j,unseen alphabets,a b c d e f g h i j k l t n o p q r s m u v w x y z,2,fix_interleave,3,out-of,h i j k l,0
1852,nocopy_20,p i j d l m f,h i j d l m f,t d r s b,t q r s b,unseen alphabets,k n c e y a g h i j d l m f o t q r s b u v w x p z,10,fix_alphabetic_seq,5,in,t q r s t,0
1853,nocopy_20,e x c n w j p,b x c n w j p s,c k i d,q k i d v,seen alphabets,q k i d v f r h a l e b x c n w j p s t g z m o y u,20,fix_extend,4,in,c k i d v,0
1854,nocopy_20,j h y w,i h y w l,z m a,c m a f,unseen alphabets,e d r c z m a f i j h y w l o g v p s b u q n x k t,20,extend_pred,3,out-of,z m o y,0
1855,nocopy_20,n g p q r s,n g p q r s t,t t u u v v w w x x y y,t t u u v v w w x x y y z z,unseen alphabets,o b c d i f a h e j k l m n g p q r s t u v w x y z,5,extend_group,6,out-of,t t u u v v w w x x y y z,0
1856,nocopy_20,f p q r s t u,f p q r s t u z y,r s t u z,r s t u z a j,unseen alphabets,x b c d e v g h i n k l m w f p q r s t u z a y j o,10,extend_extend_succ,5,out-of,r s t u j w,0
1857,nocopy_20,r r w w t t u u v v s s x x,r r s s t t u u v v w w x x,m m n n o o p p r r q q s s,m m n n o o p p q q r r s s,seen alphabets,a z c d e f g h i j k l m n o p q r s t u v w x y b,2,sort_group,14,in,r r s s t t u u v v w w x x,0
1858,nocopy_20,u j p c,u j p l,d v i o f g m,d v i o f g y,unseen alphabets,r d v i o f g m y b w n h u j p c l e t s q a x k z,20,succ,7,in,d v f r h a,0
1859,nocopy_20,c c s t u v w x,c s t u v w y,a a b m j e r,a b m j e g,unseen alphabets,a b m j e r g h q l f d k n o p i c s t u v w x y z,10,rr_succ,7,in,a b m j r,0
1860,nocopy_20,i j k m n w f,i j k n m w f,w a p f,w f p a,unseen alphabets,x r l b g t e s i j k n m w f p a c h u v d o y q z,20,sort,4,in,w j p s,0
1861,nocopy_20,d f e g h,d e f g h,l m k i,i m k l,seen alphabets,a b u d e f g h i m k l r n o p q c s t j v w x y z,5,sort,4,in,l m k p,0
1862,nocopy_20,m a f i j h,m a f i j h y l,g v p s,g v p s b q,unseen alphabets,e d r c z m a f i j h y w l o g v p s b u q n x k t,20,extend_extend_succ,4,out-of,p v x s,0
1863,nocopy_20,h i j w l m n,o p q r k t u,d e f s h,i j w l m,seen alphabets,a b g d e f s h i j w l m n o p q r k t u v c x y z,5,shift,5,out-of,d e f s i,0
1864,nocopy_20,v w x g z,z g x w v,b j k l m y o,o y m l k j b,unseen alphabets,q t c d e i p h b j k l m y o a f r s n u v w x g z,10,reverse,7,out-of,b i j k l m n,0
1865,nocopy_20,f d y n,f d k n o,c s t p v,c s t u v w,unseen alphabets,a b m j e r g h q l f d k n o p i c s t u v w x y z,10,fix_extend,5,in,c s t j v w,0
1866,nocopy_20,i j d l,b j d m,g o p,f o q,seen alphabets,h s r d e f g b i j k l m n o p q z w t c v y x a u,10,fix_pred_succ,3,out-of,n o p,0
1867,nocopy_20,t u v v w x y z,t u v w x y z,f c d c d c k c n,f c d c k c n,unseen alphabets,a b m j e r g h q l f d k n o p i c s t u v w x y z,10,rr_interleave,5,in,f c n c d c k c n,0
1868,nocopy_20,h i j,h i j h i j,e f g h i j,e f g h i j e f g h i j,seen alphabets,a b m d e f g h i j k l c n o p q r s t u v w x y z,2,replicate,6,out-of,e f g h i j k,0
1869,nocopy_20,x l g,h l g r,u v b,w v b m,seen alphabets,a e c h x l g r q y k t f n d j o i w u v b m p s z,20,extend_pred,3,out-of,u v b m,0
1870,nocopy_20,b c s e f d,b c d e f s,d c e,c d e,unseen alphabets,g b c d e f s h i j y l m n o p q r k t u v w x a z,5,sort,3,in,c d e,1
1871,nocopy_20,o r q p s t,o p q r s t,w v u,u v w,seen alphabets,a b c d e f g h i j k l m n o p q r s t u v w x y z,1,sort,3,in,u v w,1
1872,nocopy_20,l l e e b b x x c c,l l e e b b x x c c n n,b b x x c c,b b x x c c n n,seen alphabets,q k i d v f r h a l e b x c n w j p s t g z m o y u,20,extend_group,6,out-of,b x x x c x n x w,0
1873,nocopy_20,s y j t,j y s t,i i i y y y j j j l l l,i i i l l l j j j y y y,unseen alphabets,u q h c p n r v g f k a m w i l j y s t d b o x e z,20,sort_group,4,in,i i i l l l m m m j j j,0
1874,nocopy_20,j k l,j k l j k l,d u f g p,d u f g p d u f g p,seen alphabets,a s r d u f g p i j k l m n o h q b c t z e w x y v,10,replicate,5,out-of,d u f g p i,0
1875,nocopy_20,k k k l l l n n n m m m o o o,k k k l l l m m m n n n o o o,g g h h i i j j l l k k,g g h h i i j j k k l l,seen alphabets,a b c d e f g h i j k l m n o p q r s t u v w x z y,2,sort_group,12,in,j j j k k k l l l m m m n n n o o o h h h,0
1876,nocopy_20,e f a z g r k,w n y s o u i,s o u i q,t h v x p,seen alphabets,l d c b e f a z g r k w n y s o u i q t h v x p m j,20,shift,5,out-of,y o u i q,0
1877,nocopy_20,i j z,i j k l,r e f,d e f g,seen alphabets,a z c d e f g h i j k l m n o p q r s t u v w x y b,2,fix_extend,3,in,d e f g,1
1878,nocopy_20,t q h,p q h s,w g i,f g i r,seen alphabets,a b c d x f g i r j k l m n o p q h s t u v w e y z,5,fix_extend,3,in,f g i r,1
1879,nocopy_20,r s t u z a y,r s t u z a j,v g h i n,v g h i k,unseen alphabets,x b c d e v g h i n k l m w f p q r s t u z a y j o,10,succ,5,in,v g h d,0
1880,nocopy_20,f g h i m k l,e g h i m k l,q c s,p c s,seen alphabets,a b u d e f g h i m k l r n o p q c s t j v w x y z,5,pred,3,in,p c s,1
1881,nocopy_20,k g f q n,k g f q n i h,n i b h,n i b h a d,seen alphabets,m r j k g f q n i b h a w d o p v x s l c e y u t z,20,extend_extend_succ,4,out-of,n i b h a,0
1882,nocopy_20,i l m j,i l m j r,n w x y,n w x y z,seen alphabets,a b c u e v g h d k i l m j r p q o s t f n w x y z,10,extend_sequence,4,in,n w x y z,1
1883,nocopy_20,l f p k n,l f d k n,y t u v,s t u v,unseen alphabets,a b m j e r g h q l f d k n o p i c s t u v w x y z,10,fix_alphabetic_seq,4,in,s t u v,1
1884,nocopy_20,l q h f f d,h q l f d,h h f l q d k,h q l f d k,unseen alphabets,a b m j e r g h q l f d k n o p i c s t u v w x y z,10,rr_sort,7,out-of,h d k i l,0
1885,nocopy_20,q r s,t u v,l m n o p q,r s t u v w,unseen alphabets,a f c d e b g h i j k l m n o p q r s t u v w x y z,2,shift,6,out-of,l m n o p r,0
1886,nocopy_20,x j o i w,h j o i u,l g n q,x g n y,seen alphabets,a e c h x l g r q y k t f n d j o i w u v b m p s z,20,fix_pred_succ,4,out-of,l g r q,0
1887,nocopy_20,a b m d e f,a b m d e g,m d e,m d f,seen alphabets,a b m d e f g h i j k l c n o p q r s t u v w x y z,2,succ,3,in,b d e,0
1888,nocopy_20,p s b u q n,p s b u q n x,v v p p s s b b u u,v v p p s s b b u u q q,unseen alphabets,e d r c z m a f i j h y w l o g v p s b u q n x k t,20,extend_group,5,out-of,v v b m p p s s t t u u,0
1889,nocopy_20,s k l,x k m,n z p q x s,m z p q x t,seen alphabets,a b c z j f g h v e k l m n o p q x s t u i y w d r,10,fix_pred_succ,6,out-of,n o p q x s,0
1890,nocopy_20,k k k g g g r r r z z z w w w n n n,z z z g g g r r r k k k w w w n n n,c c e e b b f f a a,c c b b e e f f a a,seen alphabets,l d c b e f a z g r k w n y s o u i q t h v x p m j,20,sort_group,10,in,a a a z z z g g g r r r k k k w w w n n n,0
1891,nocopy_20,q r s t f v w,q r s t f v w e z,p q r s t,p q r s t f w,seen alphabets,u n c d a o g h x j b l m k i p q r s t f v w e y z,10,extend_extend_succ,5,out-of,p q r s t f,0
1892,nocopy_20,a e q d w,f g b i j,f g b i j k m,c n o p h r s,unseen alphabets,a e q d w f g b i j k m c n o p h r s t u z v x y l,10,shift,7,out-of,f g b i j k l,0
1893,nocopy_20,m i k e,h i k e,f g h m,x g h m,unseen alphabets,d s p a x f g h m i k e r z j u b q t n c v o w y l,20,pred,4,in,f g h i,0
1894,nocopy_20,t u v d x k,t u v w x k,o b q f,o b q y,unseen alphabets,a r c d e f g h i j p l m n o b q y s t u v w x k z,5,fix_alphabetic_seq,4,in,o h q b,0
1895,nocopy_20,k l r n o,k l r n o p c,n o p q c,n o p q c s j,seen alphabets,a b u d e f g h i m k l r n o p q c s t j v w x y z,5,extend_extend_succ,5,out-of,n o p q s,0
1896,nocopy_20,u o d v y q,u v d o y q,z z z q q q y y y,y y y q q q z z z,unseen alphabets,x r l b g t e s i j k n m w f p a c h u v d o y q z,20,sort_group,3,in,q q q y y y z z z,0
1897,nocopy_20,r q y,r q k,c h x,c h l,seen alphabets,a e c h x l g r q y k t f n d j o i w u v b m p s z,20,succ,3,in,c h l,1
1898,nocopy_20,a x d,a x f,q v t v n v g,q v t v n v c,unseen alphabets,d s p a x f g h m i k e r z j u b q t n c v o w y l,20,fix_interleave,4,out-of,q v t v g,0
1899,nocopy_20,t f y w,t f v w e,o w e y,v w e y z,seen alphabets,u n c d a o g h x j b l m k i p q r s t f v w e y z,10,fix_extend,4,in,v w e y z,1
1900,nocopy_20,i i i l l l m m m j j j,i i i l l l m m m j j j r r r,j j r r p p q q,j j r r p p q q o o,seen alphabets,a b c u e v g h d k i l m j r p q o s t f n w x y z,10,extend_group,8,out-of,l l l m m m j j j r r r p p p q q q o o o,0
1901,nocopy_20,r g w,r k w,l d c b e f k,l d c b e f a,seen alphabets,l d c b e f a z g r k w n y s o u i q t h v x p m j,20,fix_alphabetic_seq,7,in,l d c b e f a,1
1902,nocopy_20,e f g h i j k,e f g h i j l,k l m n o,k l m n p,seen alphabets,a b c d e f g h i j k l m n o p q r s t u v w x y z,1,succ,5,in,j l m n o,0
1903,nocopy_20,e k l m y o,e k l m n o p,f g r v e k l,f g h v e k l m,seen alphabets,a b c z j f g h v e k l m n o p q x s t u i y w d r,10,fix_extend,7,in,f g b i j k l m,0
1904,nocopy_20,j k l m,n o p q,z c d e f,g h i j k,seen alphabets,a z c d e f g h i j k l m n o p q r s t u v w x y b,2,shift,5,out-of,a c d e f,0
1905,nocopy_20,g h m i k e,f h m i k e r,h m i k,g m i k e,unseen alphabets,d s p a x f g h m i k e r z j u b q t n c v o w y l,20,extend_pred,4,out-of,h i m k l,0
1906,nocopy_20,f p a c,w p a c,w f p a c h u,m f p a c h u,unseen alphabets,x r l b g t e s i j k n m w f p a c h u v d o y q z,20,pred,7,in,w u v c h a,0
1907,nocopy_20,t n c v,t n c v t n c v,j u b,j u b j u b,unseen alphabets,d s p a x f g h m i k e r z j u b q t n c v o w y l,20,replicate,3,out-of,j b l m,0
1908,nocopy_20,n o b q y s t,m o b q y s t u,y s t u v w,q s t u v w x,unseen alphabets,a r c d e f g h i j p l m n o b q y s t u v w x k z,5,extend_pred,6,out-of,h s t u v w e,0
1909,nocopy_20,b u q n x r t,b u q n x k t,d r c o m,d r c z m,unseen alphabets,e d r c z m a f i j h y w l o g v p s b u q n x k t,20,fix_alphabetic_seq,5,in,d r b f m,0
1910,nocopy_20,n k k l m,n k l w,b c d e v g g h,b c d e v g i,unseen alphabets,x b c d e v g h i n k l m w f p q r s t u z a y j o,10,rr_succ,8,in,b c d e v g d,0
1911,nocopy_20,i j k l m,h j k l m n,b v d f g h,c v d f g h i,unseen alphabets,a c b v d f g h i j k l m n o p q r s t u e w x y z,5,extend_pred,6,out-of,b c d g f e h i,0
1912,nocopy_20,x j o i w,h j o i u,f n y j o i w,t n y j o i u,seen alphabets,a e c h x l g r q y k t f n d j o i w u v b m p s z,20,fix_pred_succ,7,out-of,f n d j o i w,0
1913,nocopy_20,n o p,p o n,n o p q,q p o n,unseen alphabets,f b c d e a g h i j k l m n o p q r s t u v w x y z,2,reverse,4,out-of,m o p q,0
1914,nocopy_20,o f a h e j,i f a h e j k,e j k u m n g,e j k l m n g p,unseen alphabets,o b c d i f a h e j k l m n g p q r s t u v w x y z,5,fix_extend,7,in,e j f g h i,0
1915,nocopy_20,v g h i i n k l,v g h i n k l,r h s h s h t h u h z,r h s h t h u h z,unseen alphabets,x b c d e v g h i n k l m w f p q r s t u z a y j o,10,rr_interleave,6,in,r h s h t h u h z,1
1916,nocopy_20,t e u e u e v e w e x,t e u e v e w e x,o r o r p r q,o r p r q,seen alphabets,a b c d e f g h i j k l m n o p q r s t u v w x z y,2,rr_interleave,7,in,e e j j r r p p q q o o s s,0
1917,nocopy_20,a e q d w f g,a e q d w f g b,a e q d w,a e q d w f,unseen alphabets,a e q d w f g b i j k m c n o p h r s t u z v x y l,10,extend_sequence,5,in,a w d o p,0
1918,nocopy_20,h i j k l,h i j k l h i j k l,s t u v w,s t u v w s t u v w,seen alphabets,a b c d g f e h i j k l m n o p q r s t u v w x y z,2,replicate,5,out-of,s t u v w x,0
1919,nocopy_20,a h e j k l,f h e j k l m,l m n,k m n g,unseen alphabets,o b c d i f a h e j k l m n g p q r s t u v w x y z,5,extend_pred,3,out-of,l m n o,0
1920,nocopy_20,t j v v w x y z,t j v w x y z,t j j v w,t j v w,seen alphabets,a b u d e f g h i m k l r n o p q c s t j v w x y z,5,remove_redundant,5,in,t j v x,0
1921,nocopy_20,g p q r r s t,g p q r s u,l m n n g p,l m n g q,unseen alphabets,o b c d i f a h e j k l m n g p q r s t u v w x y z,5,rr_succ,6,in,l m n o p,0
1922,nocopy_20,e f l z,e f a z,q t j,q t h,seen alphabets,l d c b e f a z g r k w n y s o u i q t h v x p m j,20,fix_alphabetic_seq,3,in,t f j,0
1923,nocopy_20,u z a y j o,o j y a z u,v g h i n k,k n i h g v,unseen alphabets,x b c d e v g h i n k l m w f p q r s t u z a y j o,10,reverse,6,out-of,v g h d k,0
1924,nocopy_20,n m l o i q r,l m n o i q r,e e f f g g h h b b p p,e e f f g g h h p p b b,unseen alphabets,a y c d e f g h p b k l m n o i q r s t u v w x j z,5,sort_group,6,in,e e f f g g h h i i,0
1925,nocopy_20,t u v w w,t u v w,e q f q g q h q i q j q j,e q f q g q h q i q j,unseen alphabets,a r c d e f g h i j p l m n o b q y s t u v w x k z,5,rr_interleave,7,in,e q f q g q h q i q j,1
1926,nocopy_20,t u j w,t u j w t u j w,q r s t u j,q r s t u j q r s t u j,seen alphabets,a h c d e f g b i y k l m n o p q r s t u j w x v z,5,replicate,6,out-of,q r s t u j w,0
1927,nocopy_20,j k l m n o p p,j k l m n o p,h i i j k,h i j k,unseen alphabets,a c b v d f g h i j k l m n o p q r s t u e w x y z,5,remove_redundant,5,in,h i j k,1
1928,nocopy_20,p q r k t,p q r k t u,a b g,a b g d,seen alphabets,a b g d e f s h i j w l m n o p q r k t u v c x y z,5,extend_sequence,3,in,a b g d,1
1929,nocopy_20,f g p i j k,l m n o h q,g p i j,k l m n,seen alphabets,a s r d u f g p i j k l m n o h q b c t z e w x y v,10,shift,4,out-of,f p i j,0
1930,nocopy_20,r s t,r s f,s t f v w e y,s t f v w e z,seen alphabets,u n c d a o g h x j b l m k i p q r s t f v w e y z,10,succ,7,in,r t f v w e y,0
1931,nocopy_20,p p q q h h s s t t,p p q q h h s s t t u u,v v w w e e y y,v v w w e e y y z z,seen alphabets,a b c d x f g i r j k l m n o p q h s t u v w e y z,5,extend_group,8,out-of,s s t t u u v v w w e e y y,0
1932,nocopy_20,p q r s t u,p q r s t u v x,d e f g,d e f g h j,seen alphabets,a b c d e f g h i j k l m n o p q r s t u v w x y z,1,extend_extend_succ,4,out-of,d e f h,0
1933,nocopy_20,v w x y,u w x y,e f g h i j,d f g h i j,seen alphabets,a b m d e f g h i j k l c n o p q r s t u v w x y z,2,pred,6,in,d f g h i j,1
1934,nocopy_20,p b k,p b k l,u v w,u v w x,unseen alphabets,a y c d e f g h p b k l m n o i q r s t u v w x j z,5,extend_sequence,3,in,u v w e,0
1935,nocopy_20,o f g m y,o f g m y b,o o f f g g m m y y,o o f f g g m m y y b b,unseen alphabets,r d v i o f g m y b w n h u j p c l e t s q a x k z,20,extend_group,5,out-of,o o g g y y u u,0
1936,nocopy_20,h r s t u v,e r s t u v,c d q f,b d q f,seen alphabets,a b c d q f g l i j k p m n o e h r s t u v w x y z,5,pred,4,in,b d q f,1
1937,nocopy_20,b c z j f g h,b c z j f g h v k,g h v e k l,g h v e k l m o,seen alphabets,a b c z j f g h v e k l m n o p q x s t u i y w d r,10,extend_extend_succ,6,out-of,g h v e k l m,0
1938,nocopy_20,u v w,u v w x z,o p q r k,o p q r k t v,unseen alphabets,g b c d e f s h i j y l m n o p q r k t u v w x a z,5,extend_extend_succ,5,out-of,o p q r s,0
1939,nocopy_20,x y z z,x y z,e f g g,e f g,seen alphabets,a b c u e f g h i j k l m n o p q r s t d v w x y z,2,remove_redundant,4,in,e f g,1
1940,nocopy_20,q r s t u,u t s r q,a h c d e,e d c h a,seen alphabets,a h c d e f g b i y k l m n o p q r s t u j w x v z,5,reverse,5,out-of,a h c d f,0
1941,nocopy_20,m i o n,m n o i,w j x,w x j,unseen alphabets,a y c d e f g h p b k l m n o i q r s t u v w x j z,5,sort,3,in,j w x,0
1942,nocopy_20,t n o p q r s,t n o p q r m,g h i j k l t,g h i j k l n,unseen alphabets,a b c d e f g h i j k l t n o p q r s m u v w x y z,2,succ,7,in,g h i j k l m,0
1943,nocopy_20,o p q,o p q h,f g i r j k l,f g i r j k l m,seen alphabets,a b c d x f g i r j k l m n o p q h s t u v w e y z,5,extend_sequence,7,in,f g i r j k l m,1
1944,nocopy_20,g h i j,f h i j,i j k l t n o,h j k l t n o,unseen alphabets,a b c d e f g h i j k l t n o p q r s m u v w x y z,2,pred,7,in,i j k l m n o,0
1945,nocopy_20,e e c c h h,e e c c h h x x,n n d d j j o o i i w w,n n d d j j o o i i w w u u,seen alphabets,a e c h x l g r q y k t f n d j o i w u v b m p s z,20,extend_group,12,out-of,n n d d j j o o i i w w,0
1946,nocopy_20,b c d e v v g,b c d e v g,l m w f f,l m w f,unseen alphabets,x b c d e v g h i n k l m w f p q r s t u z a y j o,10,remove_redundant,5,in,l m n,0
1947,nocopy_20,w y z x,w x z y,t u v x w,t u v w x,seen alphabets,a b c d e f g h i j k l m n o p q r s t u v w x z y,2,sort,5,in,t u v w x,1
1948,nocopy_20,b o m o z o e o f o g o h,b o m o d o e o f o g o h,b a m a d a a a f,b a m a d a e a f,seen alphabets,a b m d e f g h i j k l c n o p q r s t u v w x y z,2,fix_interleave,9,out-of,m a d o e a f f g g h h i i,0
1949,nocopy_20,f k a m w,g k a m w,w i l j y s,m i l j y s,unseen alphabets,u q h c p n r v g f k a m w i l j y s t d b o x e z,20,pred,6,in,w i y k l,0
1950,nocopy_20,d h a o g d x j,d a o g h x j,r f t s f v,r s t f v,seen alphabets,u n c d a o g h x j b l m k i p q r s t f v w e y z,10,rr_sort,6,out-of,r f s f t f v,0
1951,nocopy_20,g q r s t u,p q r s t u,a g h i u k,a g h i j k,unseen alphabets,f b c d e a g h i j k l m n o p q r s t u v w x y z,2,fix_alphabetic_seq,6,in,g h i j k,0
1952,nocopy_20,g r k w f y,g r k w n y s,u g q t,u i q t h,seen alphabets,l d c b e f a z g r k w n y s o u i q t h v x p m j,20,fix_extend,4,in,u i q t h,1
1953,nocopy_20,i h e,e h i,r p q o s,o p q r s,seen alphabets,a b c d g f e h i j k l m n o p q r s t u v w x y z,2,sort,5,in,o p q r s,1
1954,nocopy_20,f g a m w,f k a m w,x e r,x e z,unseen alphabets,u q h c p n r v g f k a m w i l j y s t d b o x e z,20,fix_alphabetic_seq,3,in,e j o,0
1955,nocopy_20,j x w v x y,j v w x y,n o c p q o s,n o p q c s,seen alphabets,a b u d e f g h i m k l r n o p q c s t j v w x y z,5,rr_sort,7,out-of,n o o o p o q,0
1956,nocopy_20,p q r s t u v,v u t s r q p,e f g h,h g f e,unseen alphabets,a i c d e f g h b j k l m n o p q r s t u v w x y z,2,reverse,4,out-of,e f g i,0
1957,nocopy_20,n o o p q,n o p r,s h i j y y,s h i j l,unseen alphabets,g b c d e f s h i j y l m n o p q r k t u v w x a z,5,rr_succ,6,in,s h i j w,0
1958,nocopy_20,e f g h,i j k l,j k l c,n o p q,seen alphabets,a b m d e f g h i j k l c n o p q r s t u v w x y z,2,shift,4,out-of,i k l c,0
1959,nocopy_20,r q s t,q r s t,r s a u z t y,r s t u z a y,unseen alphabets,x b c d e v g h i n k l m w f p q r s t u z a y j o,10,sort,7,in,r s t u i y,0
1960,nocopy_20,k p m n o,k p m n o e r,h r s t u v,h r s t u v w y,seen alphabets,a b c d q f g l i j k p m n o e h r s t u v w x y z,5,extend_extend_succ,6,out-of,e r s t u v,0
1961,nocopy_20,e f g h i b k,e f g h i j k l,r s t q v,r s t d v w,seen alphabets,a b c u e f g h i j k l m n o p q r s t d v w x y z,2,fix_extend,5,in,r s t u v w,0
1962,nocopy_20,x s l,x s c,b h a w d o p,b h a w d o v,seen alphabets,m r j k g f q n i b h a w d o p v x s l c e y u t z,20,succ,7,in,b h a w d o v,1
1963,nocopy_20,g d f e s,g d e f s,f g d e b s,b g d e f s,seen alphabets,a b g d e f s h i j w l m n o p q r k t u v c x y z,5,sort,6,in,b g d e f s,1
1964,nocopy_20,m n o i q r,l n o i q r,b k l m,p k l m,unseen alphabets,a y c d e f g h p b k l m n o i q r s t u v w x j z,5,pred,4,in,j k l m,0
1965,nocopy_20,s t u v w,y t u v w x,c d e f g h,r d e f g h i,unseen alphabets,a r c d e f g h i j p l m n o b q y s t u v w x k z,5,extend_pred,6,out-of,c d e f g h i,0
1966,nocopy_20,t u v,s u v w,k l m n,j l m n o,seen alphabets,a b c d e f g h i j k l m n o p q r s t u v w x y z,1,extend_pred,4,out-of,k l m n o,0
1967,nocopy_20,f p a,f p a c u,c h u v,c h u v d y,unseen alphabets,x r l b g t e s i j k n m w f p a c h u v d o y q z,20,extend_extend_succ,4,out-of,t h v,0
1968,nocopy_20,f f f g g g j j j i i i l l l,f f f g g g l l l i i i j j j,c c d d l l f f g g q q i i,c c d d q q f f g g l l i i,seen alphabets,a b c d q f g l i j k p m n o e h r s t u v w x y z,5,sort_group,14,in,q q q f f f g g g l l l i i i j j j k k k,0
1969,nocopy_20,p q r s,p q r s t,f g h,f g h i,seen alphabets,a b c d e f g h i j k l m n o p q r s t u v w x z y,2,extend_sequence,3,in,f g h i,1
1970,nocopy_20,d w f g,d w f g b j,j k m c n o p,j k m c n o p h s,unseen alphabets,a e q d w f g b i j k m c n o p h r s t u z v x y l,10,extend_extend_succ,7,out-of,j k l c n o p,0
1971,nocopy_20,o t q r,o t q r s u,g h i j d,g h i j d l f,unseen alphabets,k n c e y a g h i j d l m f o t q r s b u v w x p z,10,extend_extend_succ,5,out-of,g h i j k l,0
1972,nocopy_20,c d e f g g h i,c d e f g h j,f g h i j j,f g h i k,unseen alphabets,a b c d e f g h i j k l t n o p q r s m u v w x y z,2,rr_succ,6,in,f g h i j,0
1973,nocopy_20,b c d,a c d x,r j k l m n,i j k l m n o,seen alphabets,a b c d x f g i r j k l m n o p q h s t u v w e y z,5,extend_pred,6,out-of,r j k l m n o,0
1974,nocopy_20,t u v v,t u w,u v w w x k,u v w x z,unseen alphabets,a r c d e f g h i j p l m n o b q y s t u v w x k z,5,rr_succ,6,in,u v w x,0
1975,nocopy_20,a b c d q f,a b c d x f g,w u v,t u v w,seen alphabets,a b c d x f g i r j k l m n o p q h s t u v w e y z,5,fix_extend,3,in,t u v w,1
1976,nocopy_20,c b v d,c b v d f,h i j k l,h i j k l m,unseen alphabets,a c b v d f g h i j k l m n o p q r s t u e w x y z,5,extend_sequence,5,in,h i j k l m,1
1977,nocopy_20,i f g b w,w f g b i,r t s,r s t,unseen alphabets,a e q d w f g b i j k m c n o p h r s t u z v x y l,10,sort,3,in,r s t,1
1978,nocopy_20,d v f r,h a l e,b x c,n w j,seen alphabets,q k i d v f r h a l e b x c n w j p s t g z m o y u,20,shift,3,out-of,b x n,0
1979,nocopy_20,v z t q h i a,v z t q h i a v z t q h i a,h i a k b f,h i a k b f h i a k b f,seen alphabets,x l c v z t q h i a k b f e j o p r g y u d m n w s,20,replicate,6,out-of,z t q h h h i i a a k k b b,0
1980,nocopy_20,j y j s,j y s,u q h c p c,u q h c p,unseen alphabets,u q h c p n r v g f k a m w i l j y s t d b o x e z,20,rr_sort,6,out-of,u q h c,0
1981,nocopy_20,d d s s r r h h,h h s s r r d d,w w t t x x v v y y c c,w w t t c c v v y y x x,seen alphabets,h s r d e f g b i j k l m n o p q z w t c v y x a u,10,sort_group,12,in,w w t t c c v v y y x x a,0
1982,nocopy_20,o p q r s t u,o p q r s t u v x,k l m n o,k l m n o p r,unseen alphabets,a i c d e f g h b j k l m n o p q r s t u v w x y z,2,extend_extend_succ,5,out-of,k l m n o p,0
1983,nocopy_20,f q n n,f q n,c e e y,c e y,seen alphabets,m r j k g f q n i b h a w d o p v x s l c e y u t z,20,remove_redundant,4,in,c e y,1
1984,nocopy_20,w n h u j,w n h u j p,c c l l e e t t s s q q a a,c c l l e e t t s s q q a a x x,unseen alphabets,r d v i o f g m y b w n h u j p c l e t s q a x k z,20,extend_group,7,out-of,s s l l c c e e y y u u t t,0
1985,nocopy_20,n n o o q q p p r r s s,n n o o p p q q r r s s,c c c e e e d d d,c c c d d d e e e,seen alphabets,a b c d e f g h i j k l m n o p q r s t u v w x z y,2,sort_group,9,in,p p p q q q r r r s s s t t t d d d e e e,0
1986,nocopy_20,c d e f f g,c d e f h,i j j k,i j l,unseen alphabets,a b c d e f g h i j k l t n o p q r s m u v w x y z,2,rr_succ,4,in,i j k,0
1987,nocopy_20,c d e f,c d e f g,c c c d d d e e e f f f g g g,c c c d d d e e e f f f g g g h h h,unseen alphabets,a y c d e f g h p b k l m n o i q r s t u v w x j z,5,extend_group,5,out-of,c c c d d d e e e f f f g g g,0
1988,nocopy_20,q y k,q y k q y k,u v b m,u v b m u v b m,seen alphabets,a e c h x l g r q y k t f n d j o i w u v b m p s z,20,replicate,4,out-of,u v b m p,0
1989,nocopy_20,m n o i q r,m n o i q r s,a a a y y y c c c d d d e e e f f f g g g,a a a y y y c c c d d d e e e f f f g g g h h h,unseen alphabets,a y c d e f g h p b k l m n o i q r s t u v w x j z,5,extend_group,7,out-of,a a a b b b c c c d d d e e e f f f g g g,0
1990,nocopy_20,n o p q,n o p q r t,h i j w l m,h i j w l m n p,seen alphabets,a b g d e f s h i j w l m n o p q r k t u v c x y z,5,extend_extend_succ,6,out-of,s i j w l m,0
1991,nocopy_20,i b b y,b i y,r t t s,r s t,seen alphabets,a h c d e f g b i y k l m n o p q r s t u j w x v z,5,rr_sort,4,out-of,r s t,1
1992,nocopy_20,b a f e,b e f a,e z a f,e f a z,seen alphabets,l d c b e f a z g r k w n y s o u i q t h v x p m j,20,sort,4,in,e f a z,1
1993,nocopy_20,l i j k p m n,g i j k p m n o,o e h r s t u,n e h r s t u v,seen alphabets,a b c d q f g l i j k p m n o e h r s t u v w x y z,5,extend_pred,7,out-of,o e h r s t u v,0
1994,nocopy_20,b h a w,i h a w d,i b h,n b h a,seen alphabets,m r j k g f q n i b h a w d o p v x s l c e y u t z,20,extend_pred,3,out-of,i b h a,0
1995,nocopy_20,r n o p,r n o q,s t j v w,s t j v x,seen alphabets,a b u d e f g h i m k l r n o p q c s t j v w x y z,5,succ,5,in,c t j v w,0
1996,nocopy_20,n o b,n o q,a r c d e,a r c d f,unseen alphabets,a r c d e f g h i j p l m n o b q y s t u v w x k z,5,succ,5,in,a s r d e,0
1997,nocopy_20,s p a x f g,h m i k e r,r z j u b,q t n c v,unseen alphabets,d s p a x f g h m i k e r z j u b q t n c v o w y l,20,shift,5,out-of,r j k g b,0
1998,nocopy_20,p q r s,o q r s t,l m n o p q,k m n o p q r,unseen alphabets,a f c d e b g h i j k l m n o p q r s t u v w x y z,2,extend_pred,6,out-of,l m n o p q r,0
1999,nocopy_20,u i t q h,u i q t h,f g z a r,f a z g r,seen alphabets,l d c b e f a z g r k w n y s o u i q t h v x p m j,20,sort,5,in,f a z g r,1
2000,nocopy_20,c s t u v,c s t u v w,u v w,u v w x,unseen alphabets,a b m j e r g h q l f d k n o p i c s t u v w x y z,10,extend_sequence,3,in,u v w e,0
2001,nocopy_20,v g p s b u,g v p s b u,d r c z a m,d r c z m a,unseen alphabets,e d r c z m a f i j h y w l o g v p s b u q n x k t,20,sort,6,in,d r h a z m,0
2002,nocopy_20,i q a h e,d q a h j,k l s,j l t,unseen alphabets,o b c d i f a h e j k l m n g p q r s t u v w x y z,5,fix_pred_succ,3,out-of,k l m,0
2003,nocopy_20,o b c,o b d,u v w x y,u v w x z,unseen alphabets,o b c d i f a h e j k l m n g p q r s t u v w x y z,5,succ,5,in,t v w x y,0
2004,nocopy_20,s s s d d d r r r e e e f f f g g g b b b,s s s r r r d d d e e e f f f g g g b b b,j j j i i i k k k l l l,i i i j j j k k k l l l,seen alphabets,h s r d e f g b i j k l m n o p q z w t c v y x a u,10,sort_group,12,in,g g g b b b i i i r r r j j j k k k l l l,0
2005,nocopy_20,b c d q,f g l i,j k p m n o,e h r s t u,seen alphabets,a b c d q f g l i j k p m n o e h r s t u v w x y z,5,shift,6,out-of,i k p m n o,0
2006,nocopy_20,c h x l g,r q y k t,l g r,q y k,seen alphabets,a e c h x l g r q y k t f n d j o i w u v b m p s z,20,shift,3,out-of,l g q,0
2007,nocopy_20,h i m k l r n,h i m k l r o,q c s t j v w,q c s t j v x,seen alphabets,a b u d e f g h i m k l r n o p q c s t j v w x y z,5,succ,7,in,p c s t j v w,0
2008,nocopy_20,e e e f f f g g g h h h,e e e f f f g g g h h h i i i,p p p q q q r r r,p p p q q q r r r s s s,seen alphabets,a b c d e f g h i j k l m n o p q r s t u v w x y z,1,extend_group,9,out-of,f f f g g g h h h i i i j j j k k k l l l,0
2009,nocopy_20,n o q h,n o h q,c z t,c t z,seen alphabets,a s r d u f g p i j k l m n o h q b c t z e w x y v,10,sort,3,in,c t z,1
2010,nocopy_20,o p q z,o p q r,n s v s p s q s r,n s o s p s q s r,unseen alphabets,a i c d e f g h b j k l m n o p q r s t u v w x y z,2,fix_interleave,5,out-of,n s o s p s q s r,1
2011,nocopy_20,p q r,p q r p q r,p q r k t u,p q r k t u p q r k t u,seen alphabets,a b g d e f s h i j w l m n o p q r k t u v c x y z,5,replicate,6,out-of,p q r k t u v,0
2012,nocopy_20,q r s t u v w,p r s t u v w,c d e,z d e,seen alphabets,a z c d e f g h i j k l m n o p q r s t u v w x y b,2,pred,3,in,c d f,0
2013,nocopy_20,j u t,t u j,i b g y k l,g b i y k l,seen alphabets,a h c d e f g b i y k l m n o p q r s t u j w x v z,5,sort,6,in,g b i y k l,1
2014,nocopy_20,l m f o o,l m f t,a g g h,a g i,unseen alphabets,k n c e y a g h i j d l m f o t q r s b u v w x p z,10,rr_succ,4,in,a g h,0
2015,nocopy_20,t u v w,t u v w x z,f g h i j k,f g h i j k l n,seen alphabets,a b c d e f g h i j k l m n o p q r s t u v w x y z,1,extend_extend_succ,6,out-of,e g h i j k,0
2016,nocopy_20,c p n r,v g f k,w i l j,y s t d,unseen alphabets,u q h c p n r v g f k a m w i l j y s t d b o x e z,20,shift,4,out-of,l i j w,0
2017,nocopy_20,d e a g,h i j k,l m n o p,q r s t u,unseen alphabets,f b c d e a g h i j k l m n o p q r s t u v w x y z,2,shift,5,out-of,l m n o q,0
2018,nocopy_20,d u f,r u f g,h q b,o q b c,seen alphabets,a s r d u f g p i j k l m n o h q b c t z e w x y v,10,extend_pred,3,out-of,h q b c,0
2019,nocopy_20,z g r k w w n,z g r k w n,d d c b,d c b,seen alphabets,l d c b e f a z g r k w n y s o u i q t h v x p m j,20,remove_redundant,4,in,d c b,1
2020,nocopy_20,o o n n m m e e h h,m m n n o o e e h h,c c c q q q d d d f f f,c c c d d d q q q f f f,seen alphabets,a b c d q f g l i j k p m n o e h r s t u v w x y z,5,sort_group,12,in,a e e c c c d d d q q q f f f,0
2021,nocopy_20,g v v p s b u q,g v p s b u n,o g v p s b b,o g v p s u,unseen alphabets,e d r c z m a f i j h y w l o g v p s b u q n x k t,20,rr_succ,7,in,o g h v e,0
2022,nocopy_20,m w i l,m w i l m w i l,a m w i l j,a m w i l j a m w i l j,unseen alphabets,u q h c p n r v g f k a m w i l j y s t d b o x e z,20,replicate,6,out-of,i j w l m n,0
2023,nocopy_20,w x g z,w x g z w x g z,g z,g z g z,unseen alphabets,q t c d e i p h b j k l m y o a f r s n u v w x g z,10,replicate,2,out-of,g z j,0
2024,nocopy_20,u v w l,u v w x y,p i r s,p q r s t,unseen alphabets,a m c d e f g h i j k l b n o p q r s t u v w x y z,2,fix_extend,4,in,p q r s t,1
2025,nocopy_20,c z m,r z m a,j h y w,i h y w l,unseen alphabets,e d r c z m a f i j h y w l o g v p s b u q n x k t,20,extend_pred,4,out-of,j b l m,0
2026,nocopy_20,k l l m n o,k l m n p,m n o p p,m n o q,unseen alphabets,f b c d e a g h i j k l m n o p q r s t u v w x y z,2,rr_succ,5,in,m n o q,1
2027,nocopy_20,c e y z t u,c e y u t z,v x l s,v x s l,seen alphabets,m r j k g f q n i b h a w d o p v x s l c e y u t z,20,sort,4,in,v x s l,1
2028,nocopy_20,g h x j,g h i j,v w x z n,v w x z y,seen alphabets,a b c d e f g h i j k l m n o p q r s t u v w x z y,2,fix_alphabetic_seq,5,in,v w x z y,1
2029,nocopy_20,n o p q,n o p q n o p q,o p q r s t u,o p q r s t u o p q r s t u,seen alphabets,a b c d g f e h i j k l m n o p q r s t u v w x y z,2,replicate,7,out-of,o p q r s t u v,0
2030,nocopy_20,e k l n m o p,e k l m n o p,x n o p q m s,m n o p q x s,seen alphabets,a b c z j f g h v e k l m n o p q x s t u i y w d r,10,sort,7,in,m n o p q x s,1
2031,nocopy_20,m n o p q h,m n o p q r,q x y,w x y,unseen alphabets,a i c d e f g h b j k l m n o p q r s t u v w x y z,2,fix_alphabetic_seq,3,in,w x y,1
2032,nocopy_20,t c d e i f,q c d e i r,t c d k i,q c d k p,unseen alphabets,q t c d e i p h b j k l m y o a f r s n u v w x g z,10,fix_pred_succ,5,out-of,t c d k l,0
2033,nocopy_20,b b r b u b e b f b g b h,b b c b u b e b f b g b h,f z g z k z i,f z g z h z i,seen alphabets,a b c u e f g h i j k l m n o p q r s t d v w x y z,2,fix_interleave,7,out-of,c b u b e b f b g b h b i i,0
2034,nocopy_20,y w z o g,y w l o g,s o b o o o q o n o x o k,s o b o u o q o n o x o k,unseen alphabets,e d r c z m a f i j h y w l o g v p s b u q n x k t,20,fix_interleave,7,out-of,n o o o q o x o s o t,0
2035,nocopy_20,l m n o p q h,l m n o p q h l m n o p q h,d x f,d x f d x f,seen alphabets,a b c d x f g i r j k l m n o p q h s t u v w e y z,5,replicate,3,out-of,m n o p q h s t,0
2036,nocopy_20,e h r s,o h r s t,h r s t u v,e r s t u v w,seen alphabets,a b c d q f g l i j k p m n o e h r s t u v w x y z,5,extend_pred,6,out-of,h r s t u v w,0
2037,nocopy_20,t z,u z,x s l c e y u,v s l c e y u,seen alphabets,m r j k g f q n i b h a w d o p v x s l c e y u t z,20,pred,7,in,v s l c e y u,1
2038,nocopy_20,h h e l a b x,h a l e b x,v v d f r h,d v f r h,seen alphabets,q k i d v f r h a l e b x c n w j p s t g z m o y u,20,rr_sort,6,out-of,v f r h,0
2039,nocopy_20,k l b n o p,q r s t u v,o p q r s,t u v w x,unseen alphabets,a m c d e f g h i j k l b n o p q r s t u v w x y z,2,shift,5,out-of,n p q r s,0
2040,nocopy_20,e c v z,f c v t,f y j o,b y j p,seen alphabets,x l c v z t q h i a k b f e j o p r g y u d m n w s,20,fix_pred_succ,4,out-of,f e j o,0
2041,nocopy_20,r l b g t e s,i j k n m w f,a c h u v,d o y q z,unseen alphabets,x r l b g t e s i j k n m w f p a c h u v d o y q z,20,shift,5,out-of,b c h a v,0
2042,nocopy_20,i f a,i f a i f a,n g p q r,n g p q r n g p q r,unseen alphabets,o b c d i f a h e j k l m n g p q r s t u v w x y z,5,replicate,5,out-of,n o p q r s,0
2043,nocopy_20,v w z y x,v w x y z,b b f f c c,f f b b c c,unseen alphabets,f b c d e a g h i j k l m n o p q r s t u v w x y z,2,sort_group,3,in,b b c c z z,0
2044,nocopy_20,u t s,s t u,z u v w x t,t u v w x z,seen alphabets,a b c d e f g h i j k l m n o p q r s t u v w x z y,2,sort,6,in,t u v w x z,1
2045,nocopy_20,c d e,c d e f,s s t t u u v v w w x x y y,s s t t u u v v w w x x y y z z,unseen alphabets,a m c d e f g h i j k l b n o p q r s t u v w x y z,2,extend_group,7,out-of,s s t t u u v v w w x x y y,0
2046,nocopy_20,t u v v,t u v,s q s q t q u q v q w q x q j,s q t q u q v q w q x q j,unseen alphabets,a y c d e f g h p b k l m n o i q r s t u v w x j z,5,rr_interleave,8,in,s q t q u q v q w q x q j,1
2047,nocopy_20,m n o p,q r k t,s h i j y l m,n o p q r k t,unseen alphabets,g b c d e f s h i j y l m n o p q r k t u v w x a z,5,shift,7,out-of,s h i j k l m,0
2048,nocopy_20,f d w,l d x,k n o l,d n o f,unseen alphabets,a b m j e r g h q l f d k n o p i c s t u v w x y z,10,fix_pred_succ,4,out-of,k l m n,0
2049,nocopy_20,s p a x,s p a x f h,x f g h m,x f g h m i e,unseen alphabets,d s p a x f g h m i k e r z j u b q t n c v o w y l,20,extend_extend_succ,5,out-of,x f g h i,0
2050,nocopy_20,g h i j k l m,g h i j k l m n p,j k l,j k l m o,unseen alphabets,a f c d e b g h i j k l m n o p q r s t u v w x y z,2,extend_extend_succ,3,out-of,j k l m,0
2051,nocopy_20,d e q g,c e q h,c x e v,b x e g,unseen alphabets,x b c d e v g h i n k l m w f p q r s t u z a y j o,10,fix_pred_succ,4,out-of,v x s l,0
2052,nocopy_20,y x a,v x a u,n o p q z w,m o p q z w t,seen alphabets,h s r d e f g b i j k l m n o p q z w t c v y x a u,10,extend_pred,6,out-of,n o p q z w t,0
2053,nocopy_20,j f t,j f g,y w d z,y w d r,seen alphabets,a b c z j f g h v e k l m n o p q x s t u i y w d r,10,fix_alphabetic_seq,4,in,i w d z,0
2054,nocopy_20,m r j,m r j k f,q n i b h,q n i b h a d,seen alphabets,m r j k g f q n i b h a w d o p v x s l c e y u t z,20,extend_extend_succ,5,out-of,f n i b h,0
2055,nocopy_20,c d e b,c d e b g,s s t t u u v v w w x x y y,s s t t u u v v w w x x y y z z,unseen alphabets,a f c d e b g h i j k l m n o p q r s t u v w x y z,2,extend_group,7,out-of,s s t t u u v v w w x x y y,0
2056,nocopy_20,d e f g h,h g f e d,o p q c s,s c q p o,seen alphabets,a b u d e f g h i m k l r n o p q c s t j v w x y z,5,reverse,5,out-of,n p q c s,0
2057,nocopy_20,c s s t j,c s t j,b u d e f f,b u d e f,seen alphabets,a b u d e f g h i m k l r n o p q c s t j v w x y z,5,remove_redundant,6,in,b u d e g,0
2058,nocopy_20,s t u v,s t u v s t u v,g h i j k l,g h i j k l g h i j k l,seen alphabets,a b c d e f g h i j k l m n o p q r s t u v w x y z,1,replicate,6,out-of,g h i j k l m,0
2059,nocopy_20,h h i j,h i j,v w x y z z,v w x y z,unseen alphabets,f b c d e a g h i j k l m n o p q r s t u v w x y z,2,remove_redundant,6,in,v w x y z,1
2060,nocopy_20,u w j w w w x w v w v w z,u w j w w w x w v w z,e h f h f h g h b h i h y h k,e h f h g h b h i h y h k,seen alphabets,a h c d e f g b i y k l m n o p q r s t u j w x v z,5,rr_interleave,15,in,j w w w x w f w g w h h v v v e w w d d d,0
2061,nocopy_20,s l c e m,s l c e y,d o p v t,d o p v x,seen alphabets,m r j k g f q n i b h a w d o p v x s l c e y u t z,20,fix_alphabetic_seq,5,in,d o p v x,1
2062,nocopy_20,a b j d e f g,a b c d e f g,f w x,v w x,seen alphabets,a b c d e f g h i j k l m n o p q r s t u v w x y z,1,fix_alphabetic_seq,3,in,v w x,1
2063,nocopy_20,p a c h u,p a c h u v o,c h u v d,c h u v d o q,unseen alphabets,x r l b g t e s i j k n m w f p a c h u v d o y q z,20,extend_extend_succ,5,out-of,t h v d,0
2064,nocopy_20,g g g s s s t t t p p p,p p p s s s t t t g g g,c c n n w w s s p p j j,c c n n w w j j p p s s,seen alphabets,q k i d v f r h a l e b x c n w j p s t g z m o y u,20,sort_group,12,in,c c c s s s t t t g g g z z z m m m n n n,0
2065,nocopy_20,v x w,v w x,z u v w x t,t u v w x z,seen alphabets,a b c d e f g h i j k l m n o p q r s t u v w x z y,2,sort,6,in,t u v w x z,1
2066,nocopy_20,t d b o x e z,z e x o b d t,s t d b o,o b d t s,unseen alphabets,u q h c p n r v g f k a m w i l j y s t d b o x e z,20,reverse,5,out-of,s t g d o,0
2067,nocopy_20,m n o p,q r k t,d e f s h,i j w l m,seen alphabets,a b g d e f s h i j w l m n o p q r k t u v c x y z,5,shift,5,out-of,d e f s i,0
2068,nocopy_20,r s t,r s u,t u j w x v,t u j w x z,seen alphabets,a h c d e f g b i y k l m n o p q r s t u j w x v z,5,succ,6,in,s u j w x v,0
2069,nocopy_20,w x y,y x w,x y z,z y x,unseen alphabets,f b c d e a g h i j k l m n o p q r s t u v w x y z,2,reverse,3,out-of,w y z,0
2070,nocopy_20,n u v w,t u v w,d w x y,v w x y,seen alphabets,a b m d e f g h i j k l c n o p q r s t u v w x y z,2,fix_alphabetic_seq,4,in,v w x y,1
2071,nocopy_20,m o y,m o y u,g z m o,g z m o y,seen alphabets,q k i d v f r h a l e b x c n w j p s t g z m o y u,20,extend_sequence,4,in,g z m o y,1
2072,nocopy_20,p q g s,p q r s,e f g a,e f g h,unseen alphabets,a i c d e f g h b j k l m n o p q r s t u v w x y z,2,fix_alphabetic_seq,4,in,e f g h,1
2073,nocopy_20,t t u u w w y y i i d d,t t u u i i y y w w d d,s s s p p p q q q x x x o o o,o o o p p p q q q x x x s s s,seen alphabets,a b c z j f g h v e k l m n o p q x s t u i y w d r,10,sort_group,15,in,u u u i i i y y y w w w d d d o o o p p p,0
2074,nocopy_20,g g d e,g d f,l m m n o p q r,l m n o p q k,seen alphabets,a b g d e f s h i j w l m n o p q r k t u v c x y z,5,rr_succ,8,in,l m n o p q k,1
2075,nocopy_20,i j k m c n o,i j k m c n o p,d w f,d w f g,unseen alphabets,a e q d w f g b i j k m c n o p h r s t u z v x y l,10,extend_sequence,3,in,d e f g,0
2076,nocopy_20,e f g h i,i h g f e,l m n o p,p o n m l,seen alphabets,a b c d e f g h i j k l m n o p q r s t u v w x y z,1,reverse,5,out-of,l m n o q,0
2077,nocopy_20,o w y,o w y o w y,z j u b q t,z j u b q t z j u b q t,unseen alphabets,d s p a x f g h m i k e r z j u b q t n c v o w y l,20,replicate,6,out-of,z j r p q o s,0
2078,nocopy_20,t e s i j k,t e s i j k n,u v d o y q,u v d o y q z,unseen alphabets,x r l b g t e s i j k n m w f p a c h u v d o y q z,20,extend_sequence,6,in,u v c x y z,0
2079,nocopy_20,i r w r w r u r v,i r w r u r v,j s o s i s i s w s u s v,j s o s i s w s u s v,seen alphabets,a e c h x l g r q y k t f n d j o i w u v b m p s z,20,rr_interleave,13,in,j s o s i s w s u s v,1
2080,nocopy_20,m n o p,m n o p q s,k l m n o,k l m n o p r,unseen alphabets,a c b v d f g h i j k l m n o p q r s t u e w x y z,5,extend_extend_succ,5,out-of,j l m n o,0
2081,nocopy_20,r r j k,r j k,g i i r j,g i r j,seen alphabets,a b c d x f g i r j k l m n o p q h s t u v w e y z,5,remove_redundant,5,in,g i r k,0
2082,nocopy_20,h r s t u,u t s r h,q d w f,f w d q,unseen alphabets,a e q d w f g b i j k m c n o p h r s t u z v x y l,10,reverse,4,out-of,d q f,0
2083,nocopy_20,e w x h,e w x y,e a w a x a h,e a w a x a y,unseen alphabets,a c b v d f g h i j k l m n o p q r s t u e w x y z,5,fix_interleave,4,out-of,e a w a x a h,0
2084,nocopy_20,c c l e,c l t,n n h u,n h j,unseen alphabets,r d v i o f g m y b w n h u j p c l e t s q a x k z,20,rr_succ,4,in,n d,0
2085,nocopy_20,c d d e a g,c d e a g,t r u r v r w r w r x r y,t r u r v r w r x r y,unseen alphabets,f b c d e a g h i j k l m n o p q r s t u v w x y z,2,rr_interleave,7,in,t r u r v r w r x r y,1
2086,nocopy_20,g h i j,g h i j k t,f g h i j,f g h i j k t,unseen alphabets,a b c d e f g h i j k l t n o p q r s m u v w x y z,2,extend_extend_succ,5,out-of,e g h i j,0
2087,nocopy_20,r k w n y,r k w n y r k w n y,s o u i q t h,s o u i q t h s o u i q t h,seen alphabets,l d c b e f a z g r k w n y s o u i q t h v x p m j,20,replicate,7,out-of,s o u i q t h v,0
2088,nocopy_20,e f g h p b,k l m n o i,p b k l m n o,i q r s t u v,unseen alphabets,a y c d e f g h p b k l m n o i q r s t u v w x j z,5,shift,7,out-of,k b l m n o,0
2089,nocopy_20,o p q r s,o p q r s o p q r s,l m n o,l m n o l m n o,unseen alphabets,a f c d e b g h i j k l m n o p q r s t u v w x y z,2,replicate,4,out-of,l m n o p,0
2090,nocopy_20,f i j h y y,f i j h y,p x p x s x b x u x q x n x x,p x s x b x u x q x n x x,unseen alphabets,e d r c z m a f i j h y w l o g v p s b u q n x k t,20,rr_interleave,8,in,p x q x x x s x t x u x n,0
2091,nocopy_20,j w j w k w l w m w n w o w p,j w k w l w m w n w o w p,n s o s p s p s q,n s o s p s q,seen alphabets,a b c d e f g h i j k l m n o p q r s t u v w x y z,1,rr_interleave,9,in,j j j k k k l l l m m w n n n o o o p p p,0
2092,nocopy_20,b v m,v b m,h g l x,h x l g,seen alphabets,a e c h x l g r q y k t f n d j o i w u v b m p s z,20,sort,4,in,h x l g,1
2093,nocopy_20,m t q,d t h,m a k b f,d a k b e,seen alphabets,x l c v z t q h i a k b f e j o p r g y u d m n w s,20,fix_pred_succ,5,out-of,i a k b f,0
2094,nocopy_20,v w x y,u w x y,f g h i,e g h i,seen alphabets,a z c d e f g h i j k l m n o p q r s t u v w x y b,2,pred,4,in,e g h i,1
2095,nocopy_20,v w x p p z,v w x p z,b b u v w x,b u v w x,unseen alphabets,k n c e y a g h i j d l m f o t q r s b u v w x p z,10,remove_redundant,6,in,t u v w y,0
2096,nocopy_20,g h i j k,g h i j l,o p q r s t,o p q r s u,unseen alphabets,a m c d e f g h i j k l b n o p q r s t u v w x y z,2,succ,6,in,n p q r s t,0
2097,nocopy_20,n d c d c d d d a d o d g d h,n d c d d d a d o d g d h,r b s b s b t,r b s b t,seen alphabets,u n c d a o g h x j b l m k i p q r s t f v w e y z,10,rr_interleave,7,in,n d c d d d a d o d g d r r,0
2098,nocopy_20,p q r,o q r,c d e f g,b d e f g,seen alphabets,a b c d e f g h i j k l m n o p q r s t u v w x y z,1,pred,5,in,b d e f g,1
2099,nocopy_20,l b n o,o n b l,x y z,z y x,unseen alphabets,a m c d e f g h i j k l b n o p q r s t u v w x y z,2,reverse,3,out-of,w y z,0
2100,nocopy_20,i j k l t t n,i j k l t n,o o p q r,o p q r,unseen alphabets,a b c d e f g h i j k l t n o p q r s m u v w x y z,2,remove_redundant,5,in,o p q r,1
2101,nocopy_20,u v w x y z,u v w x y z u v w x y z,b j k l,b j k l b j k l,unseen alphabets,a i c d e f g h b j k l m n o p q r s t u v w x y z,2,replicate,4,out-of,x j b l m k,0
2102,nocopy_20,d k n o,d k n o d k n o,e r g h,e r g h e r g h,unseen alphabets,a b m j e r g h q l f d k n o p i c s t u v w x y z,10,replicate,4,out-of,e f g h i,0
2103,nocopy_20,z h c p n,e h c p r,j a s t d b,l a s t d o,unseen alphabets,u q h c p n r v g f k a m w i l j y s t d b o x e z,20,fix_pred_succ,6,out-of,j k t f n d,0
2104,nocopy_20,j k g f q n i,j k g f q n i b,k g f q,k g f q n,seen alphabets,m r j k g f q n i b h a w d o p v x s l c e y u t z,20,extend_sequence,4,in,k g f q n,1
2105,nocopy_20,h i j d l m,h i j d l f,n c e y a g,n c e y a h,unseen alphabets,k n c e y a g h i j d l m f o t q r s b u v w x p z,10,succ,6,in,n c d e f g,0
2106,nocopy_20,e x g h i j k,e f g h i j k l,j k g m,j k l m n,seen alphabets,a z c d e f g h i j k l m n o p q r s t u v w x y b,2,fix_extend,4,in,j k l m n,1
2107,nocopy_20,s u i u f u n,s u t u f u n,z e i e l,k e i e l,seen alphabets,a b c u e v g h d k i l m j r p q o s t f n w x y z,10,fix_interleave,5,out-of,z e w l,0
2108,nocopy_20,u x w v,u v w x,i t k l j n o,i j k l t n o,unseen alphabets,a b c d e f g h i j k l t n o p q r s m u v w x y z,2,sort,7,in,i j k l m n o,0
2109,nocopy_20,t u j w,s u j w x,c d e f g,h d e f g b,seen alphabets,a h c d e f g b i y k l m n o p q r s t u j w x v z,5,extend_pred,5,out-of,c d e f g b,0
2110,nocopy_20,s q t n,b q t n,r e z e f e u,r e z e j e u,unseen alphabets,d s p a x f g h m i k e r z j u b q t n c v o w y l,20,fix_interleave,4,out-of,r e d e u e f e,0
2111,nocopy_20,m w f p a c,m w f p a c h,b b b g g g t t t e e e s s s i i i,b b b g g g t t t e e e s s s i i i j j j,unseen alphabets,x r l b g t e s i j k n m w f p a c h u v d o y q z,20,extend_group,6,out-of,b b b g g g d d d e e e f f f s s s h h h,0
2112,nocopy_20,d d e e f f g g h h i i j j,d d e e f f g g h h i i j j k k,h h h i i i j j j k k k l l l c c c,h h h i i i j j j k k k l l l c c c n n n,seen alphabets,a b m d e f g h i j k l c n o p q r s t u v w x y z,2,extend_group,18,out-of,c c c d d d e e e f f f g g g h h h i i i,0
2113,nocopy_20,m m n n o o h h q q b b c c,m m n n o o h h q q b b c c t t,n n n o o o h h h q q q,n n n o o o h h h q q q b b b,seen alphabets,a s r d u f g p i j k l m n o h q b c t z e w x y v,10,extend_group,12,out-of,m m m n n n o o o h h h q q q b b b c c c,0
2114,nocopy_20,b v d,b v d f,v d f g h i,v d f g h i j,unseen alphabets,a c b v d f g h i j k l m n o p q r s t u e w x y z,5,extend_sequence,6,in,d e f g h i j,0
2115,nocopy_20,g d e f s h i,g d e f s h i j,d e f s,d e f s h,seen alphabets,a b g d e f s h i j w l m n o p q r k t u v c x y z,5,extend_sequence,4,in,d e f s h,1
2116,nocopy_20,s m u v w x,s m u v w y,j k l,j k t,unseen alphabets,a b c d e f g h i j k l t n o p q r s m u v w x y z,2,succ,3,in,j k m,0
2117,nocopy_20,e t f t f t g t h t i t m t k,e t f t g t h t i t m t k,e s e s f s g s h s i s m,e s f s g s h s i s m,seen alphabets,a b u d e f g h i m k l r n o p q c s t j v w x y z,5,rr_interleave,13,in,e s s t t t f f f v v v w w w e e e h h h,0
2118,nocopy_20,c d i f a h e,e h a f i d c,o b c d,d c b o,unseen alphabets,o b c d i f a h e j k l m n g p q r s t u v w x y z,5,reverse,4,out-of,a b c d,0
2119,nocopy_20,h i j k l,h i j k l c o,r s t u v w,r s t u v w x z,seen alphabets,a b m d e f g h i j k l c n o p q r s t u v w x y z,2,extend_extend_succ,6,out-of,q s t u v w,0
2120,nocopy_20,h b j k x m,h b j k l m y,w x u,w x g z,unseen alphabets,q t c d e i p h b j k l m y o a f r s n u v w x g z,10,fix_extend,3,in,w x y z,0
2121,nocopy_20,i j p,i j l,a r c d e,a r c d f,unseen alphabets,a r c d e f g h i j p l m n o b q y s t u v w x k z,5,succ,5,in,a s r d e,0
2122,nocopy_20,o y p y q y r y k y t y u y u,o y p y q y r y k y t y u,h t h t i t j t w t l t m,h t i t j t w t l t m,seen alphabets,a b g d e f s h i j w l m n o p q r k t u v c x y z,5,rr_interleave,13,in,o o p p q q r r r k k k t t t u u u j j j,0
2123,nocopy_20,d r c y m,e r c y a,n x q,q x n,unseen alphabets,e d r c z m a f i j h y w l o g v p s b u q n x k t,20,fix_pred_succ,3,out-of,n o p q,0
2124,nocopy_20,g g g f f f e e e h h h i i i j j j,e e e f f f g g g h h h i i i j j j,p p o o n n q q,n n o o p p q q,seen alphabets,a b m d e f g h i j k l c n o p q r s t u v w x y z,2,sort_group,8,in,n n n o o o p p p q q q h h h i i i j j j,0
2125,nocopy_20,i j k n m w,f p a c h u,h u v d,o y q z,unseen alphabets,x r l b g t e s i j k n m w f p a c h u v d o y q z,20,shift,4,out-of,t u v d,0
2126,nocopy_20,k k k l l l m m m n n n o o o p p p,k k k l l l m m m n n n o o o p p p q q q,t t t d d d v v v w w w x x x y y y,t t t d d d v v v w w w x x x y y y z z z,seen alphabets,a b c u e f g h i j k l m n o p q r s t d v w x y z,2,extend_group,18,out-of,y y y k k k l l l m m m n n n o o o p p p,0
2127,nocopy_20,b c d g f e,a c d g f e h,j k l m n o,i k l m n o p,seen alphabets,a b c d g f e h i j k l m n o p q r s t u v w x y z,2,extend_pred,6,out-of,j k l m n o p,0
2128,nocopy_20,i j m l k n,i j k l m n,v i f g h d,v d f g h i,unseen alphabets,a c b v d f g h i j k l m n o p q r s t u e w x y z,5,sort,6,in,v f g h d k,0
2129,nocopy_20,r h a l,r h a e,w j p,w j s,seen alphabets,q k i d v f r h a l e b x c n w j p s t g z m o y u,20,succ,3,in,n j p,0
2130,nocopy_20,r i j,q i k,r y t,q y d,seen alphabets,a b c u e f g h i j k l m n o p q r s t d v w x y z,2,fix_pred_succ,3,out-of,r s t,0
2131,nocopy_20,j k l m s,j k l m n o,v w c,v w x y,unseen alphabets,a i c d e f g h b j k l m n o p q r s t u v w x y z,2,fix_extend,3,in,v w x y,1
2132,nocopy_20,p q r s,t u v w,d e b g h i j,k l m n o p q,unseen alphabets,a f c d e b g h i j k l m n o p q r s t u v w x y z,2,shift,7,out-of,d e f g h i j,0
2133,nocopy_20,g g b b i i y y k k l l m m,g g b b i i y y k k l l m m n n,r r s s t t u u j j,r r s s t t u u j j w w,seen alphabets,a h c d e f g b i y k l m n o p q r s t u j w x v z,5,extend_group,10,out-of,g g b b i i y y k k l l m m n n n n w w w,0
2134,nocopy_20,h r s t f,h r s t u,p h a,p h r,unseen alphabets,a e q d w f g b i j k m c n o p h r s t u z v x y l,10,fix_alphabetic_seq,3,in,b h a,0
2135,nocopy_20,b c d q q f g l,b c d q f g l,u v w x x y z,u v w x y z,seen alphabets,a b c d q f g l i j k p m n o e h r s t u v w x y z,5,remove_redundant,7,in,u v w x y z,1
2136,nocopy_20,n s b u q p,p s b u q n,f a i,a f i,unseen alphabets,e d r c z m a f i j h y w l o g v p s b u q n x k t,20,sort,3,in,f a z,0
2137,nocopy_20,q r s,q r t,g b i y,g b i k,seen alphabets,a h c d e f g b i y k l m n o p q r s t u j w x v z,5,succ,4,in,f b i y,0
2138,nocopy_20,z m a f i,z m a f i j y,a f i j h y,a f i j h y w o,unseen alphabets,e d r c z m a f i j h y w l o g v p s b u q n x k t,20,extend_extend_succ,6,out-of,f s h i j w,0
2139,nocopy_20,k l m n o o,k l m n o,j y k y k y l y m y n y o,j y k y l y m y n y o,unseen alphabets,a c b v d f g h i j k l m n o p q r s t u e w x y z,5,rr_interleave,7,in,j y k y l y m y n y o,1
2140,nocopy_20,i j b l,h j b m,l m n o p d r,k m n o p d s,seen alphabets,a b c d e f g h i j k l m n o p q r s t u v w x z y,2,fix_pred_succ,7,out-of,l m n o p q r,0
2141,nocopy_20,e f g h i j,e f g h i j e f g h i j,o p q r s t u,o p q r s t u o p q r s t u,seen alphabets,a b m d e f g h i j k l c n o p q r s t u v w x y z,2,replicate,7,out-of,h i j k l c n o p q r s t u v,0
2142,nocopy_20,h y w w l,h y w o,v p s b b u q n,v p s b u q x,unseen alphabets,e d r c z m a f i j h y w l o g v p s b u q n x k t,20,rr_succ,8,in,v p q r s t u,0
2143,nocopy_20,q r s t t,q r s t,h x j j,h x j,seen alphabets,u n c d a o g h x j b l m k i p q r s t f v w e y z,10,remove_redundant,4,in,h x b,0
2144,nocopy_20,h i j k l,g i j k l t,k l t n o p q,j l t n o p q r,unseen alphabets,a b c d e f g h i j k l t n o p q r s m u v w x y z,2,extend_pred,7,out-of,k l m n o p q r,0
2145,nocopy_20,a b c d e f,a b c d e f a b c d e f,q r s m u v,q r s m u v q r s m u v,unseen alphabets,a b c d e f g h i j k l t n o p q r s m u v w x y z,2,replicate,6,out-of,d e f g h i m j,0
2146,nocopy_20,d e a v h i,d e a g h i j,j k t m n,j k l m n o,unseen alphabets,f b c d e a g h i j k l m n o p q r s t u v w x y z,2,fix_extend,5,in,j k l m n o,1
2147,nocopy_20,m n o,m n h,c t z e w,c t z e x,seen alphabets,a s r d u f g p i j k l m n o h q b c t z e w x y v,10,succ,5,in,c t z e x,1
2148,nocopy_20,p j c c,j p c,v r d r,r d v,unseen alphabets,r d v i o f g m y b w n h u j p c l e t s q a x k z,20,rr_sort,4,out-of,v r d,0
2149,nocopy_20,h j u,h u j,x x z z k k,x x k k z z,unseen alphabets,r d v i o f g m y b w n h u j p c l e t s q a x k z,20,sort_group,3,in,x x y y z z,0
2150,nocopy_20,k l m n,j l m n,p q r s t,o q r s t,unseen alphabets,a f c d e b g h i j k l m n o p q r s t u v w x y z,2,pred,5,in,o q r s t,1
2151,nocopy_20,n n m m o o p p q q,m m n n o o p p q q,n n q q p p o o r r k k,n n o o p p q q r r k k,seen alphabets,a b g d e f s h i j w l m n o p q r k t u v c x y z,5,sort_group,12,in,p p p q q q r r r k k k t t t,0
2152,nocopy_20,t d v w x y,t d v w x y t d v w x y,p q r s,p q r s p q r s,seen alphabets,a b c u e f g h i j k l m n o p q r s t d v w x y z,2,replicate,4,out-of,w x y z t c v,0
2153,nocopy_20,n o p,q r s,l m n o p q,r s t u v w,seen alphabets,a b c d e f g h i j k l m n o p q r s t u v w x y z,1,shift,6,out-of,l m n o p r,0
2154,nocopy_20,o t q r s,o t q r s b v,d l m f o t q,d l m f o t q r b,unseen alphabets,k n c e y a g h i j d l m f o t q r s b u v w x p z,10,extend_extend_succ,7,out-of,d l m n o p q,0
2155,nocopy_20,d r c z m f a,d r c z m a f,h h m m a a f f i i j j z z,z z m m a a f f i i j j h h,unseen alphabets,e d r c z m a f i j h y w l o g v p s b u q n x k t,20,sort_group,7,in,f f a a z z m m j j f f,0
2156,nocopy_20,n u p q r s t,n o p q r s t,p q r s w u e,p q r s t u e,unseen alphabets,a c b v d f g h i j k l m n o p q r s t u e w x y z,5,fix_alphabetic_seq,7,in,p q r s t u v,0
2157,nocopy_20,a b m j e e r,a b m j e r,k o k o n o o o p,k o n o o o p,unseen alphabets,a b m j e r g h q l f d k n o p i c s t u v w x y z,10,rr_interleave,5,in,k o l o m o n o o,0
2158,nocopy_20,s t f,s t f v,u n c d a,u n c d a o,seen alphabets,u n c d a o g h x j b l m k i p q r s t f v w e y z,10,extend_sequence,5,in,u n c d a o,1
2159,nocopy_20,r s t d v,r s t d v w,o p q r s t d,o p q r s t d v,seen alphabets,a b c u e f g h i j k l m n o p q r s t d v w x y z,2,extend_sequence,7,in,o p q r s t d v,1
2160,nocopy_20,i j w l,i j w l m,l m n,l m n o,seen alphabets,a b g d e f s h i j w l m n o p q r k t u v c x y z,5,extend_sequence,3,in,l m n o,1
2161,nocopy_20,s l c,s l e,d o p v x s,d o p v x l,seen alphabets,m r j k g f q n i b h a w d o p v x s l c e y u t z,20,succ,6,in,w o p v x s,0
2162,nocopy_20,a c d e f g h,r c d e f g h,u s w x k,u v w x k,unseen alphabets,a r c d e f g h i j p l m n o b q y s t u v w x k z,5,fix_alphabetic_seq,5,in,u v w x,0
2163,nocopy_20,r n o p q m,m n o p q r,j j j m m m l l l k k k n n n o o o,j j j k k k l l l m m m n n n o o o,unseen alphabets,a f c d e b g h i j k l m n o p q r s t u v w x y z,2,sort_group,6,in,j j j k k k l l l m m m n n n o o o,1
2164,nocopy_20,i p r,k p s,c p q r,n p q s,seen alphabets,u n c d a o g h x j b l m k i p q r s t f v w e y z,10,fix_pred_succ,4,out-of,o p q r,0
2165,nocopy_20,q r k t o v,q r k t u v c,k o p,n o p q,seen alphabets,a b g d e f s h i j w l m n o p q r k t u v c x y z,5,fix_extend,3,in,k i p q,0
2166,nocopy_20,b d l m n o,b k l m n o,e k f k g k h k q k b k k,e k f k g k h k p k b k k,unseen alphabets,a y c d e f g h p b k l m n o i q r s t u v w x j z,5,fix_interleave,7,out-of,e k f k g k h k q k b,0
2167,nocopy_20,u t s v,s t u v,u u u r r r s s s t t t q q q,q q q r r r s s s t t t u u u,unseen alphabets,f b c d e a g h i j k l m n o p q r s t u v w x y z,2,sort_group,5,in,q q q r r r s s s t t t u u u,1
2168,nocopy_20,g h i j,j i h g,h i j k,k j i h,seen alphabets,a b m d e f g h i j k l c n o p q r s t u v w x y z,2,reverse,4,out-of,g i j k,0
2169,nocopy_20,q r r r s r t r e r j r w,q r r r s r t r u r j r w,n x u x p,n x o x p,seen alphabets,a h c d e f g b i y k l m n o p q r s t u j w x v z,5,fix_interleave,5,out-of,r r s r t r u r j r w r x,0
2170,nocopy_20,u g q t,u i q t h,d c b e w a z,d c b e f a z g,seen alphabets,l d c b e f a z g r k w n y s o u i q t h v x p m j,20,fix_extend,7,in,d c b e f a z g,1
2171,nocopy_20,e n f n g n h n i n i,e n f n g n h n i,l b c b n b o b p b p b q b r,l b c b n b o b p b q b r,seen alphabets,a b m d e f g h i j k l c n o p q r s t u v w x y z,2,rr_interleave,15,in,n n o o h h q q b b c c t t,0
2172,nocopy_20,k l m y o a f,k l m y o a f r,q t c d e i,q t c d e i p,unseen alphabets,q t c d e i p h b j k l m y o a f r s n u v w x g z,10,extend_sequence,6,in,q t c d e f g,0
2173,nocopy_20,s t u,s t u v e,d x f g,d x f g i j,seen alphabets,a b c d x f g i r j k l m n o p q h s t u v w e y z,5,extend_extend_succ,4,out-of,c x f g,0
2174,nocopy_20,v b c,c b v,n p o q,n o p q,unseen alphabets,a c b v d f g h i j k l m n o p q r s t u e w x y z,5,sort,4,in,n o p q,1
2175,nocopy_20,a h k,a x k z,r k v i,r d v i o,unseen alphabets,r d v i o f g m y b w n h u j p c l e t s q a x k z,20,fix_extend,4,in,r k i d,0
2176,nocopy_20,y h l o g v p,y w l o g v p,d r c o m,d r c z m,unseen alphabets,e d r c z m a f i j h y w l o g v p s b u q n x k t,20,fix_alphabetic_seq,5,in,d r b f m,0
2177,nocopy_20,e y a g h i j,c y a g h i j,n c e y a g h,k c e y a g h,unseen alphabets,k n c e y a g h i j d l m f o t q r s b u v w x p z,10,pred,7,in,n c d e f g h,0
2178,nocopy_20,o p p q r,o p q r,e d d f s,d e f s,seen alphabets,a b g d e f s h i j w l m n o p q r k t u v c x y z,5,rr_sort,5,out-of,e d s,0
2179,nocopy_20,g m y b b,g m y b,d v i i o,d v i o,unseen alphabets,r d v i o f g m y b w n h u j p c l e t s q a x k z,20,remove_redundant,5,in,d v f,0
2180,nocopy_20,v w x,u w x z,k l m n,j l m n o,seen alphabets,a b c d e f g h i j k l m n o p q r s t u v w x z y,2,extend_pred,4,out-of,k l m n o,0
2181,nocopy_20,i m k o l r n l,i m k l r n o,r o n p p,r n o p,seen alphabets,a b u d e f g h i m k l r n o p q c s t j v w x y z,5,rr_sort,5,out-of,r n o p,1
2182,nocopy_20,q r s t u,q r s t v,m d e,m d f,seen alphabets,a b m d e f g h i j k l c n o p q r s t u v w x y z,2,succ,3,in,b d e,0
2183,nocopy_20,c d e d,c d e,b j b k l m,b j k l m,unseen alphabets,a i c d e f g h b j k l m n o p q r s t u v w x y z,2,rr_sort,6,out-of,b j k l m,1
2184,nocopy_20,j l k b n o p,j k l b n o p,b b o o n n p p q q,b b n n o o p p q q,unseen alphabets,a m c d e f g h i j k l b n o p q r s t u v w x y z,2,sort_group,5,in,n n o o p p q q,0
2185,nocopy_20,k l m n,o i q r,c d e f g h p,b k l m n o i,unseen alphabets,a y c d e f g h p b k l m n o i q r s t u v w x j z,5,shift,7,out-of,c d e f g h i,0
2186,nocopy_20,w a y,v a z,j k g m n o p,i k g m n o q,seen alphabets,a b c d g f e h i j k l m n o p q r s t u v w x y z,2,fix_pred_succ,7,out-of,j k l m n o p,0
2187,nocopy_20,s t u i y,x t u i y,w d r,y d r,seen alphabets,a b c z j f g h v e k l m n o p q x s t u i y w d r,10,pred,3,in,w d r,0
2188,nocopy_20,t t t d d d v v v w w w x x x,t t t d d d v v v w w w x x x y y y,b b c c u u e e f f g g,b b c c u u e e f f g g h h,seen alphabets,a b c u e f g h i j k l m n o p q r s t d v w x y z,2,extend_group,12,out-of,t t t d d d v v v w w w x x x y y y b b b,0
2189,nocopy_20,u e f g h i,u e f g h i j l,c u e,c u e f h,seen alphabets,a b c u e f g h i j k l m n o p q r s t d v w x y z,2,extend_extend_succ,3,out-of,b u e,0
2190,nocopy_20,s t u v w,w v u t s,c d x f g,g f x d c,seen alphabets,a b c d x f g i r j k l m n o p q h s t u v w e y z,5,reverse,5,out-of,b d x f g,0
2191,nocopy_20,f g h i p k l,f g h i j k l,u k l t,j k l t,unseen alphabets,a b c d e f g h i j k l t n o p q r s m u v w x y z,2,fix_alphabetic_seq,4,in,j k l u,0
2192,nocopy_20,p y p y s y t y g y z y m y o,p y s y t y g y z y m y o,n r n r w r j,n r w r j,seen alphabets,q k i d v f r h a l e b x c n w j p s t g z m o y u,20,rr_interleave,7,in,p y s y t y g g z z m m o o,0
2193,nocopy_20,i j p l m,i j p l m n,u v w,u v w x,unseen alphabets,a r c d e f g h i j p l m n o b q y s t u v w x k z,5,extend_sequence,3,in,u v w x,1
2194,nocopy_20,f g h i j p,f g h i j p l,h h i i j j,h h i i j j p p,unseen alphabets,a r c d e f g h i j p l m n o b q y s t u v w x k z,5,extend_group,3,out-of,h i j k l m,0
2195,nocopy_20,d l m f o o t q,d l m f o t r,j j d l m f o,j d l m f t,unseen alphabets,k n c e y a g h i j d l m f o t q r s b u v w x p z,10,rr_succ,7,in,j k l m n o,0
2196,nocopy_20,e w x y,y x w e,r s t u e,e u t s r,unseen alphabets,a c b v d f g h i j k l m n o p q r s t u e w x y z,5,reverse,5,out-of,q s t u e,0
2197,nocopy_20,x z y,x y z,s u t e,s t u e,unseen alphabets,a c b v d f g h i j k l m n o p q r s t u e w x y z,5,sort,4,in,s t u e,1
2198,nocopy_20,j v y x w,j v w x y,h i m k r l,h i m k l r,seen alphabets,a b u d e f g h i m k l r n o p q c s t j v w x y z,5,sort,6,in,h i m k l r,1
2199,nocopy_20,g r k w n,g r k w n y o,i q t,i q t h x,seen alphabets,l d c b e f a z g r k w n y s o u i q t h v x p m j,20,extend_extend_succ,3,out-of,u q t,0
2200,nocopy_20,w x l,v x m,b c d e f g q,a c d e f g r,seen alphabets,a b c d e f g h i j k l m n o p q r s t u v w x y z,1,fix_pred_succ,7,out-of,b c d e f g h,0
2201,nocopy_20,p p q q r r s s t t u u v v,p p q q r r s s t t u u v v w w,u u v v w w x x y y,u u v v w w x x y y z z,seen alphabets,a b c d g f e h i j k l m n o p q r s t u v w x y z,2,extend_group,10,out-of,q q r r s s t t d u v v w w x x x x y y y,0
2202,nocopy_20,d v v f,d v f,z m o y u u,z m o y u,seen alphabets,q k i d v f r h a l e b x c n w j p s t g z m o y u,20,remove_redundant,6,in,z m o y u,1
2203,nocopy_20,r k g u v,q k g u w,y q m n o p,j q m n o q,unseen alphabets,g b c d e f s h i j y l m n o p q r k t u v w x a z,5,fix_pred_succ,6,out-of,l q n o p,0
2204,nocopy_20,r l n l o l g l q,r l n l o l p l q,e n f n g n h n i n o,e n f n g n h n i n m,seen alphabets,a b u d e f g h i m k l r n o p q c s t j v w x y z,5,fix_interleave,11,out-of,l n e n f n g n h n i n o,0
2205,nocopy_20,d v f,d v f r a,x c n,x c n w p,seen alphabets,q k i d v f r h a l e b x c n w j p s t g z m o y u,20,extend_extend_succ,3,out-of,x c w,0
2206,nocopy_20,g b i j k l m,g b i j k l n,l m n o p,l m n o q,seen alphabets,h s r d e f g b i j k l m n o p q z w t c v y x a u,10,succ,5,in,l m n o q,1
2207,nocopy_20,d d e f g b i,d e f g b j,e f g b i i,e f g b j,seen alphabets,h s r d e f g b i j k l m n o p q z w t c v y x a u,10,rr_succ,6,in,e f g b j,1
2208,nocopy_20,n o p h r,s t u z v,b i j k,m c n o,unseen alphabets,a e q d w f g b i j k m c n o p h r s t u z v x y l,10,shift,4,out-of,b i j l,0
2209,nocopy_20,b p h i,i p h b,n r s f,f r s n,unseen alphabets,q t c d e i p h b j k l m y o a f r s n u v w x g z,10,sort,4,in,f r s t,0
2210,nocopy_20,s t u j w,s t u j w s t u j w,i y k l m,i y k l m i y k l m,seen alphabets,a h c d e f g b i y k l m n o p q r s t u j w x v z,5,replicate,5,out-of,i y k l m n,0
2211,nocopy_20,j k l m n,j k l m n j k l m n,u v w x z y,u v w x z y u v w x z y,seen alphabets,a b c d e f g h i j k l m n o p q r s t u v w x z y,2,replicate,6,out-of,u v w x z y z,0
2212,nocopy_20,c d a o,o a d c,m k i p q r,r q p i k m,seen alphabets,u n c d a o g h x j b l m k i p q r s t f v w e y z,10,reverse,6,out-of,m k i p q s,0
2213,nocopy_20,c b v d f g,c b v d f g h,a a a c c c b b b v v v d d d,a a a c c c b b b v v v d d d f f f,unseen alphabets,a c b v d f g h i j k l m n o p q r s t u e w x y z,5,extend_group,5,out-of,a a a b b b c c c d d d v v v,0
2214,nocopy_20,c d a o g,n d a o g h,o g h,a g h x,seen alphabets,u n c d a o g h x j b l m k i p q r s t f v w e y z,10,extend_pred,3,out-of,o g h x,0
2215,nocopy_20,k l r n o p q,k l r n o p q c,e f g h i m,e f g h i m k,seen alphabets,a b u d e f g h i m k l r n o p q c s t j v w x y z,5,extend_sequence,6,in,e f g h i m k,1
2216,nocopy_20,l t n o p q r,k t n o p q r,r s m u v,q s m u v,unseen alphabets,a b c d e f g h i j k l t n o p q r s m u v w x y z,2,pred,5,in,r s t u v,0
2217,nocopy_20,z q r s t u p,p q r s t u z,w w l l m m k k f f p p,k k l l m m w w f f p p,unseen alphabets,x b c d e v g h i n k l m w f p q r s t u z a y j o,10,sort_group,6,in,w w l l m m k k i i p p,0
2218,nocopy_20,u b c d q,t b c d f,o e k r s,n e k r t,seen alphabets,a b c d q f g l i j k p m n o e h r s t u v w x y z,5,fix_pred_succ,5,out-of,o e h r s,0
2219,nocopy_20,f e j k l,h e j k l,k q r,p q r,unseen alphabets,o b c d i f a h e j k l m n g p q r s t u v w x y z,5,fix_alphabetic_seq,3,in,p q r,1
2220,nocopy_20,o q q p,o p q,l m n o n p q,l m n o p q,seen alphabets,a b c z j f g h v e k l m n o p q x s t u i y w d r,10,rr_sort,7,out-of,l m n o p x,0
2221,nocopy_20,k l m n o p q,k l m n o p z,k l m n o,k l m n p,seen alphabets,h s r d e f g b i j k l m n o p q z w t c v y x a u,10,succ,5,in,k l m n p,1
2222,nocopy_20,i j k l,l k j i,x y z,z y x,unseen alphabets,a m c d e f g h i j k l b n o p q r s t u v w x y z,2,reverse,3,out-of,w y z,0
2223,nocopy_20,k l m w f p,p f w m l k,a y j o,o j y a,unseen alphabets,x b c d e v g h i n k l m w f p q r s t u z a y j o,10,reverse,4,out-of,a k b,0
2224,nocopy_20,g h b,j k l,k l m n o p q,r s t u v w x,unseen alphabets,a i c d e f g h b j k l m n o p q r s t u v w x y z,2,shift,7,out-of,j l m n o p q,0
2225,nocopy_20,q q q r r r s s s t t t f f f,q q q r r r s s s t t t f f f v v v,o o g g h h x x j j b b l l,o o g g h h x x j j b b l l m m,seen alphabets,u n c d a o g h x j b l m k i p q r s t f v w e y z,10,extend_group,14,out-of,q q q r r r s s s t t t f f f v v v w w w,0
2226,nocopy_20,w w x a,w x a,d s e s e s f s s s h s i s j,d s e s f s s s h s i s j,unseen alphabets,g b c d e f s h i j y l m n o p q r k t u v w x a z,5,rr_interleave,8,in,d s e s f s s s h s i s j,1
2227,nocopy_20,i j k l,i j k l m,f g h,f g h i,seen alphabets,a z c d e f g h i j k l m n o p q r s t u v w x y b,2,extend_sequence,3,in,f g h i,1
2228,nocopy_20,h i j,h i j h i j,e f g h i j,e f g h i j e f g h i j,seen alphabets,a b c u e f g h i j k l m n o p q r s t d v w x y z,2,replicate,6,out-of,e f g h i j k,0
2229,nocopy_20,h d r d j,h d i d j,p j q j r j s j l j u j v,p j q j r j s j t j u j v,seen alphabets,a b c d e f g h i j k l m n o p q r s t u v w x z y,2,fix_interleave,13,out-of,p j q j r j s j t j u j v,1
2230,nocopy_20,s y d u f g p,s r d u f g p i,i j m l,i j k l m,seen alphabets,a s r d u f g p i j k l m n o h q b c t z e w x y v,10,fix_extend,4,in,i j k l m,1
2231,nocopy_20,s v u t w,s t u v w,n m o,m n o,seen alphabets,a b c d e f g h i j k l m n o p q r s t u v w x y z,1,sort,3,in,m n o,1
2232,nocopy_20,g v p s,b u q n,d r c,z m a,unseen alphabets,e d r c z m a f i j h y w l o g v p s b u q n x k t,20,shift,3,out-of,d c b,0
2233,nocopy_20,r r s t f v,r s t f w,f f v w e y,f v w e z,seen alphabets,u n c d a o g h x j b l m k i p q r s t f v w e y z,10,rr_succ,6,in,f v w e z,1
2234,nocopy_20,i j t l k n,i j k l t n,u u u z z z w w w x x x y y y v v v,u u u v v v w w w x x x y y y z z z,unseen alphabets,a b c d e f g h i j k l t n o p q r s m u v w x y z,2,sort_group,6,in,u u u v v v w w w x x x y y y z z z,1
2235,nocopy_20,e e y a g h i,e y a g h i,r r s r b r u r v r v r w,r r s r b r u r v r w,unseen alphabets,k n c e y a g h i j d l m f o t q r s b u v w x p z,10,rr_interleave,7,in,r r s r t r u r v r w,0
2236,nocopy_20,i j p l,i j k l m,g k l,j k l m,seen alphabets,a b c d g f e h i j k l m n o p q r s t u v w x y z,2,fix_extend,3,in,j k l m,1
2237,nocopy_20,c f g h b,e f g h b,n s v s p s q s r,n s o s p s q s r,unseen alphabets,a i c d e f g h b j k l m n o p q r s t u v w x y z,2,fix_interleave,5,out-of,n s o s p s q s r,1
2238,nocopy_20,c s q a x,t s q a x k,f g s y,f g m y b,unseen alphabets,r d v i o f g m y b w n h u j p c l e t s q a x k z,20,fix_extend,4,in,f g b i y,0
2239,nocopy_20,w x y o,w x y z,r f c f s,i f c f s,unseen alphabets,a b m j e r g h q l f d k n o p i c s t u v w x y z,10,fix_interleave,3,out-of,r c s s,0
2240,nocopy_20,d e f,d e g,j k l m n o,j k l m n p,seen alphabets,a b c d e f g h i j k l m n o p q r s t u v w x y z,1,succ,6,in,i k l m n o,0
2241,nocopy_20,j y s t d b o,j y s t d b o x,i i i l l l j j j,i i i l l l j j j y y y,unseen alphabets,u q h c p n r v g f k a m w i l j y s t d b o x e z,20,extend_group,3,out-of,i i i l l l m m m j j j,0
2242,nocopy_20,s r h e f,h r h e g,v y t,c y c,seen alphabets,h s r d e f g b i j k l m n o p q z w t c v y x a u,10,fix_pred_succ,3,out-of,t y v,0
2243,nocopy_20,o o s s t t f f n n w w,o o s s t t f f n n w w x x,o o o s s s t t t f f f n n n w w w x x x,o o o s s s t t t f f f n n n w w w x x x y y y,seen alphabets,a b c u e v g h d k i l m j r p q o s t f n w x y z,10,extend_group,21,out-of,s s s t t t f f f n n n w w w x x x y y y,0
2244,nocopy_20,j l k m y,j k l m y,n r s f,f r s n,unseen alphabets,q t c d e i p h b j k l m y o a f r s n u v w x g z,10,sort,4,in,f r s t,0
2245,nocopy_20,u v w,t v w,t u v w x y,s u v w x y,unseen alphabets,o b c d i f a h e j k l m n g p q r s t u v w x y z,5,pred,6,in,s u v w x y,1
2246,nocopy_20,t q h i,t q h a,g y u d,g y u m,seen alphabets,x l c v z t q h i a k b f e j o p r g y u d m n w s,20,succ,4,in,r y u d,0
2247,nocopy_20,u u v w x,u v w x,r l s l m l u l v l w l w l x,r l s l m l u l v l w l x,unseen alphabets,a b c d e f g h i j k l t n o p q r s m u v w x y z,2,rr_interleave,8,in,r l s l t l u l v l w l x,0
2248,nocopy_20,f z h b,f g h b,m m y m o m p m q,m m n m o m p m q,unseen alphabets,a i c d e f g h b j k l m n o p q r s t u v w x y z,2,fix_interleave,5,out-of,m m n m o m p m q,1
2249,nocopy_20,o x l,h x l,j o i w m,j o i w u,seen alphabets,a e c h x l g r q y k t f n d j o i w u v b m p s z,20,fix_alphabetic_seq,5,in,j o i w l,0
2250,nocopy_20,m n o p q r s,l n o p q r s,p q r s t,o q r s t,unseen alphabets,f b c d e a g h i j k l m n o p q r s t u v w x y z,2,pred,5,in,o q r s t,1
2251,nocopy_20,o p q r s t,o p q r s t u,v w x y,v w x y b,seen alphabets,a z c d e f g h i j k l m n o p q r s t u v w x y b,2,extend_sequence,4,in,v w x y b,1
2252,nocopy_20,l j w j x,v j w j x,a o b o c o d o t,a o b o c o d o e,seen alphabets,a b c d e f g h i j k l m n o p q r s t u v w x y z,1,fix_interleave,9,out-of,a o b o c o d o,0
2253,nocopy_20,b c d e f g,g f e d c b,x y z,z y x,unseen alphabets,a b c d e f g h i j k l t n o p q r s m u v w x y z,2,reverse,3,out-of,w y z,0
2254,nocopy_20,e r g h y l f,e r g h q l f d,p i c m t,p i c s t u,unseen alphabets,a b m j e r g h q l f d k n o p i c s t u v w x y z,10,fix_extend,5,in,p q c s t j,0
2255,nocopy_20,h s r d e,h s r d e f,h s r d e f,h s r d e f g,seen alphabets,h s r d e f g b i j k l m n o p q z w t c v y x a u,10,extend_sequence,6,in,h s r d e f g,1
2256,nocopy_20,x c d,f c d,n f o f p f f f r,n f o f p f q f r,unseen alphabets,a f c d e b g h i j k l m n o p q r s t u v w x y z,2,fix_interleave,5,out-of,n f o f p f r,0
2257,nocopy_20,x s n u v,r s n u v,h b j k c m,h b j k l m,unseen alphabets,q t c d e i p h b j k l m y o a f r s n u v w x g z,10,fix_alphabetic_seq,6,in,h i j k l m,0
2258,nocopy_20,v v z z e e y y w w,v v w w e e y y z z,b b b g g g h h h x x x j j j o o o,o o o g g g h h h x x x j j j b b b,seen alphabets,u n c d a o g h x j b l m k i p q r s t f v w e y z,10,sort_group,18,in,e e e b b b x x x j y j z z z,0
2259,nocopy_20,f g p,u g p i,c t z e w x,b t z e w x y,seen alphabets,a s r d u f g p i j k l m n o h q b c t z e w x y v,10,extend_pred,6,out-of,c t z e w x y,0
2260,nocopy_20,p q z w,t c v y,i j k l,m n o p,seen alphabets,h s r d e f g b i j k l m n o p q z w t c v y x a u,10,shift,4,out-of,b j k l,0
2261,nocopy_20,i p q r s t,i p q r s t f,b l m k i,b l m k i p,seen alphabets,u n c d a o g h x j b l m k i p q r s t f v w e y z,10,extend_sequence,5,in,b l m k i p,1
2262,nocopy_20,e e a r c z m d,e d r c z m a,m a f j i f,m a f i j,unseen alphabets,e d r c z m a f i j h y w l o g v p s b u q n x k t,20,rr_sort,6,out-of,m r j k,0
2263,nocopy_20,j r p q,q p r j,v g h d k,k d h g v,seen alphabets,a b c u e v g h d k i l m j r p q o s t f n w x y z,10,reverse,5,out-of,v g h d i,0
2264,nocopy_20,a b c c d,a b c d,d x f g i r j j,d x f g i r j,seen alphabets,a b c d x f g i r j k l m n o p q h s t u v w e y z,5,remove_redundant,8,in,d x f g i r k,0
2265,nocopy_20,g h i j d,d j i h g,j d l,l d j,unseen alphabets,k n c e y a g h i j d l m f o t q r s b u v w x p z,10,reverse,3,out-of,j k l,0
2266,nocopy_20,b f c j o p,b f e j o p r,i a t,i a k b,seen alphabets,x l c v z t q h i a k b f e j o p r g y u d m n w s,20,fix_extend,3,in,i a k b,1
2267,nocopy_20,i j w l l m n o,i j w l m n o,p q r k k t u v,p q r k t u v,seen alphabets,a b g d e f s h i j w l m n o p q r k t u v c x y z,5,remove_redundant,8,in,p q r k t u v,1
2268,nocopy_20,d k n o p,f k n o p i,q l f d k n o,h l f d k n o p,unseen alphabets,a b m j e r g h q l f d k n o p i c s t u v w x y z,10,extend_pred,7,out-of,q k t f n d j o,0
2269,nocopy_20,y l m m,y l m,b b c d e,b c d e,unseen alphabets,g b c d e f s h i j y l m n o p q r k t u v w x a z,5,remove_redundant,5,in,b c d e,1
2270,nocopy_20,t s r u,r s t u,u v x w,u v w x,unseen alphabets,f b c d e a g h i j k l m n o p q r s t u v w x y z,2,sort,4,in,u v w x,1
2271,nocopy_20,t s e a,t s q a,d s i o f g m,d v i o f g m,unseen alphabets,r d v i o f g m y b w n h u j p c l e t s q a x k z,20,fix_alphabetic_seq,7,in,d j o i w u,0
2272,nocopy_20,k l w n o,k l m n o p,n o w q x s t,n o p q x s t u,seen alphabets,a b c z j f g h v e k l m n o p q x s t u i y w d r,10,fix_extend,7,in,n o p q x s t u,1
2273,nocopy_20,p q z w t,p q z w t c y,h s r,h s r d f,seen alphabets,h s r d e f g b i j k l m n o p q z w t c v y x a u,10,extend_extend_succ,3,out-of,h s d,0
2274,nocopy_20,d n x k,q n x k t,r x z,r c z m,unseen alphabets,e d r c z m a f i j h y w l o g v p s b u q n x k t,20,fix_extend,3,in,r k w n,0
2275,nocopy_20,j k k l m y,j k l m o,d e i p p h b j,d e i p h b k,unseen alphabets,q t c d e i p h b j k l m y o a f r s n u v w x g z,10,rr_succ,8,in,d e h i j,0
2276,nocopy_20,i j k l m n o,i j k l m n p,g f e h,g f e i,seen alphabets,a b c d g f e h i j k l m n o p q r s t u v w x y z,2,succ,4,in,e f g h,0
2277,nocopy_20,b n v n d,b n c n d,f t i t j t k,h t i t j t k,seen alphabets,a b c d e f g h i j k l m n o p q r s t u v w x y z,1,fix_interleave,7,out-of,f t i t j t k,0
2278,nocopy_20,c p n r v,c p n r v g,p p p n n n r r r,p p p n n n r r r v v v,unseen alphabets,u q h c p n r v g f k a m w i l j y s t d b o x e z,20,extend_group,3,out-of,p p p r r r g n n,0
2279,nocopy_20,e c d b f g,b c d e f g,o n p q r s m,n o p q r s m,unseen alphabets,a b c d e f g h i j k l t n o p q r s m u v w x y z,2,sort,7,in,n o p q r s t,0
2280,nocopy_20,o s i c p,o p i c s,p p s s c c i i,p p i i c c s s,unseen alphabets,a b m j e r g h q l f d k n o p i c s t u v w x y z,10,sort_group,4,in,c c s s i i p p,0
2281,nocopy_20,l o n m o p,l m n o p,x y y z,x y z,seen alphabets,a b c d e f g h i j k l m n o p q r s t u v w x y z,1,rr_sort,4,out-of,x y z,1
2282,nocopy_20,f s f h,f s h,s s i h j w l,s h i j w l,seen alphabets,a b g d e f s h i j w l m n o p q r k t u v c x y z,5,rr_sort,7,out-of,s h i j w l,1
2283,nocopy_20,q u s t h u,q h s t u,x c d b f f g i,b c d x f g i,seen alphabets,a b c d x f g i r j k l m n o p q h s t u v w e y z,5,rr_sort,8,out-of,x c d x f g i,0
2284,nocopy_20,l n m n m n n n o n p,l n m n n n o n p,f i g i h i h i v,f i g i h i v,seen alphabets,a b c z j f g h v e k l m n o p q x s t u i y w d r,10,rr_interleave,9,in,n n o o p p q q h h i i,0
2285,nocopy_20,k b f e j,a b f e j o,j o p,e o p r,seen alphabets,x l c v z t q h i a k b f e j o p r g y u d m n w s,20,extend_pred,3,out-of,j o p r,0
2286,nocopy_20,u z z a,u z y,c d d e v g h i,c d e v g h n,unseen alphabets,x b c d e v g h i n k l m w f p q r s t u z a y j o,10,rr_succ,8,in,c d e f g h i,0
2287,nocopy_20,w x y,y x w,e b g h i j,j i h g b e,unseen alphabets,a f c d e b g h i j k l m n o p q r s t u v w x y z,2,reverse,6,out-of,e f g h i j,0
2288,nocopy_20,o l p l q l r l i l t,o l p l q l r l s l t,f z g z k z i,f z g z h z i,seen alphabets,a b c u e f g h i j k l m n o p q r s t d v w x y z,2,fix_interleave,7,out-of,r r s s t t f f v v w w x i,0
2289,nocopy_20,h b j,h b j k,n u v w,n u v w x,unseen alphabets,q t c d e i p h b j k l m y o a f r s n u v w x g z,10,extend_sequence,4,in,t u v w e,0
2290,nocopy_20,h h r r s s t t u u v v w w,h h r r s s t t u u v v w w x x,o o o e e e h h h r r r s s s,o o o e e e h h h r r r s s s t t t,seen alphabets,a b c d q f g l i j k p m n o e h r s t u v w x y z,5,extend_group,15,out-of,h h h r r r s s s t t t u u u v v v w w w,0
2291,nocopy_20,h d k i f m,h d k i l m,b d u e,b c u e,seen alphabets,a b c u e v g h d k i l m j r p q o s t f n w x y z,10,fix_alphabetic_seq,4,in,b u d e,0
2292,nocopy_20,n n d d j j o o i i w w u u,n n d d j j o o i i w w u u v v,u u u v v v b b b,u u u v v v b b b m m m,seen alphabets,a e c h x l g r q y k t f n d j o i w u v b m p s z,20,extend_group,9,out-of,d d d j j j o o o i i i w w w u u u v v v,0
2293,nocopy_20,w t c v v,w t c v,e f g b i j j k,e f g b i j k,seen alphabets,h s r d e f g b i j k l m n o p q z w t c v y x a u,10,remove_redundant,8,in,e f g b i j k,1
2294,nocopy_20,o g v p,o g v p s,v p s,v p s b,unseen alphabets,e d r c z m a f i j h y w l o g v p s b u q n x k t,20,extend_sequence,3,in,v b m p,0
2295,nocopy_20,s b q q y o t,o b q y s t,j p m l p,j p l m,unseen alphabets,a r c d e f g h i j p l m n o b q y s t u v w x k z,5,rr_sort,5,out-of,j p m p,0
2296,nocopy_20,m f o g q,m f o t q r,l m r,l m f o,unseen alphabets,k n c e y a g h i j d l m f o t q r s b u v w x p z,10,fix_extend,3,in,l m j r,0
2297,nocopy_20,h u v d o y,c u v d o y,c h u v d o,a h u v d o,unseen alphabets,x r l b g t e s i j k n m w f p a c h u v d o y q z,20,pred,6,in,t h v e k,0
2298,nocopy_20,l m y o a f r,l m y o a f s,h b j k l,h b j k m,unseen alphabets,q t c d e i p h b j k l m y o a f r s n u v w x g z,10,succ,5,in,h i j k l,0
2299,nocopy_20,k l m n g,j l m n p,j k l o n,i k l o o,seen alphabets,a s r d u f g p i j k l m n o h q b c t z e w x y v,10,fix_pred_succ,5,out-of,j k l c n,0
2300,nocopy_20,d c m,m c d,i j k b l n,i j k l b n,unseen alphabets,a m c d e f g h i j k l b n o p q r s t u v w x y z,2,sort,6,in,i j k l m n,0
2301,nocopy_20,h v w,g v d,e k t m,v k t n,seen alphabets,a b c z j f g h v e k l m n o p q x s t u i y w d r,10,fix_pred_succ,4,out-of,e k l m,0
2302,nocopy_20,v d o y,v d o y q,t t e e s s i i j j,t t e e s s i i j j k k,unseen alphabets,x r l b g t e s i j k n m w f p a c h u v d o y q z,20,extend_group,5,out-of,t t f e e e j j o o p p r,0
2303,nocopy_20,a h l,f h m,r h t,q h u,unseen alphabets,o b c d i f a h e j k l m n g p q r s t u v w x y z,5,fix_pred_succ,3,out-of,r s t,0
2304,nocopy_20,b m e d e,b m d e,c n c o p,c n o p,seen alphabets,a b m d e f g h i j k l c n o p q r s t u v w x y z,2,rr_sort,5,out-of,c n o p,1
2305,nocopy_20,p j q j o j o j s j t j f j n,p j q j o j s j t j f j n,h j d j k j k j i,h j d j k j i,seen alphabets,a b c u e v g h d k i l m j r p q o s t f n w x y z,10,rr_interleave,9,in,p j q j o j s j t j f j n j,0
2306,nocopy_20,i j k l m n o,h j k l m n o,f g h i,e g h i,seen alphabets,a b c d e f g h i j k l m n o p q r s t u v w x y z,1,pred,4,in,e g h i,1
2307,nocopy_20,g g h i j k l,g h i j k l,m e n e n e o e p e q,m e n e o e p e q,unseen alphabets,f b c d e a g h i j k l m n o p q r s t u v w x y z,2,rr_interleave,6,in,m e n e o e p e q,1
2308,nocopy_20,c d h i p e b b,c d e i p h b,r f f s n,f r s n,unseen alphabets,q t c d e i p h b j k l m y o a f r s n u v w x g z,10,rr_sort,5,out-of,r f g i,0
2309,nocopy_20,t u v w x y y,t u v w x y,g u h u i u i u j,g u h u i u j,unseen alphabets,a f c d e b g h i j k l m n o p q r s t u v w x y z,2,rr_interleave,5,in,g u h u i u j,1
2310,nocopy_20,g d e f s h,g d e f s h g d e f s h,d e f s h i j,d e f s h i j d e f s h i j,seen alphabets,a b g d e f s h i j w l m n o p q r k t u v c x y z,5,replicate,7,out-of,f s h i j w l m,0
2311,nocopy_20,t a k b,z a k f,v z t h,c z t i,seen alphabets,x l c v z t q h i a k b f e j o p r g y u d m n w s,20,fix_pred_succ,4,out-of,v z t q,0
2312,nocopy_20,e j g h i f,e f g h i j,t w v u x,t u v w x,seen alphabets,a z c d e f g h i j k l m n o p q r s t u v w x y b,2,sort,5,in,t u v w x,1
2313,nocopy_20,t u i y,t u i w,j f g h,j f g v,seen alphabets,a b c z j f g h v e k l m n o p q x s t u i y w d r,10,succ,4,in,z f g h,0
2314,nocopy_20,s h i j w,l m n o p,b g d,e f s,seen alphabets,a b g d e f s h i j w l m n o p q r k t u v c x y z,5,shift,3,out-of,a g d,0
2315,nocopy_20,v w x p p z,v w x p z,x x p z,x p z,unseen alphabets,k n c e y a g h i j d l m f o t q r s b u v w x p z,10,remove_redundant,4,in,x p z,1
2316,nocopy_20,d e f s h i,d e f s h i d e f s h i,r k t,r k t r k t,unseen alphabets,g b c d e f s h i j y l m n o p q r k t u v w x a z,5,replicate,3,out-of,s h i j k l m,0
2317,nocopy_20,k g f q n i,k g f q n i b,o p v x,o p v x s,seen alphabets,m r j k g f q n i b h a w d o p v x s l c e y u t z,20,extend_sequence,4,in,o p v x s,1
2318,nocopy_20,g h i j k,g h i j k l,a a a c c c b b b v v v d d d,a a a c c c b b b v v v d d d f f f,unseen alphabets,a c b v d f g h i j k l m n o p q r s t u e w x y z,5,extend_group,5,out-of,a a a b b b c c c d d d v v v,0
2319,nocopy_20,s h i y j,s h i j y,u v a x w,u v w x a,unseen alphabets,g b c d e f s h i j y l m n o p q r k t u v w x a z,5,sort,5,in,u v w x y,0
2320,nocopy_20,b y c y d y q y f y v y l,b y c y d y q y f y g y l,m g n g o g i g h,m g n g o g e g h,seen alphabets,a b c d q f g l i j k p m n o e h r s t u v w x y z,5,fix_interleave,9,out-of,c c d d q q f f g g l l i i,0
2321,nocopy_20,k m l m n,k l m n,o i s q r q,o i q r s,unseen alphabets,a y c d e f g h p b k l m n o i q r s t u v w x j z,5,rr_sort,6,out-of,o i q r s,1
2322,nocopy_20,e j r g,j e r g,n o p c i s t,n o p i c s t,unseen alphabets,a b m j e r g h q l f d k n o p i c s t u v w x y z,10,sort,7,in,n o p q c s t,0
2323,nocopy_20,u v w w x y z,u v w x y z,g h h i,g h i,seen alphabets,a b c d e f g h i j k l m n o p q r s t u v w x y z,1,remove_redundant,4,in,g h i,1
2324,nocopy_20,c d t,c d i f,e s t,r s t u,unseen alphabets,o b c d i f a h e j k l m n g p q r s t u v w x y z,5,fix_extend,3,in,r s t u,1
2325,nocopy_20,f g h i j,f g h i k,a b m d e,a b m d f,seen alphabets,a b m d e f g h i j k l c n o p q r s t u v w x y z,2,succ,5,in,a b m d f,1
2326,nocopy_20,c t z e w x y,c t z e w x y c t z e w x y,u f g p i,u f g p i u f g p i,seen alphabets,a s r d u f g p i j k l m n o h q b c t z e w x y v,10,replicate,5,out-of,t u v w x y z,0
2327,nocopy_20,b f e j o,b f e j o p g,b f e j o p,b f e j o p r y,seen alphabets,x l c v z t q h i a k b f e j o p r g y u d m n w s,20,extend_extend_succ,6,out-of,b f e j o r,0
2328,nocopy_20,x y b b,x y b,k l m n o o p q,k l m n o p q,seen alphabets,a z c d e f g h i j k l m n o p q r s t u v w x y b,2,remove_redundant,8,in,k l m n o p q,1
2329,nocopy_20,c c a y x v u,c v y x a u,v a x y a,v y x a,seen alphabets,h s r d e f g b i j k l m n o p q z w t c v y x a u,10,rr_sort,5,out-of,v y x a,1
2330,nocopy_20,n m w f p a c,n m w f p a c n m w f p a c,m w f p,m w f p m w f p,unseen alphabets,x r l b g t e s i j k n m w f p a c h u v d o y q z,20,replicate,4,out-of,f f a a w w d d o o p p,0
2331,nocopy_20,t f n d i o j,t f n d j o i,b p m,b m p,seen alphabets,a e c h x l g r q y k t f n d j o i w u v b m p s z,20,sort,3,in,v p m,0
2332,nocopy_20,p q r k t,u v w x a,h i j,y l m,unseen alphabets,g b c d e f s h i j y l m n o p q r k t u v w x a z,5,shift,3,out-of,h i k,0
2333,nocopy_20,i n k l m w f,i n k l m w p,c d e v g h,c d e v g i,unseen alphabets,x b c d e v g h i n k l m w f p q r s t u z a y j o,10,succ,6,in,h c d e v g h,0
2334,nocopy_20,b j k l,b j k m,u v w x y,u v w x z,unseen alphabets,a i c d e f g h b j k l m n o p q r s t u v w x y z,2,succ,5,in,t v w x y,0
2335,nocopy_20,s h i j y,s h i j y l n,g b c d e f s,g b c d e f s h j,unseen alphabets,g b c d e f s h i j y l m n o p q r k t u v w x a z,5,extend_extend_succ,7,out-of,a b c d e f g h,0
2336,nocopy_20,n o p h,r s t u,f g b i j k m,c n o p h r s,unseen alphabets,a e q d w f g b i j k m c n o p h r s t u z v x y l,10,shift,7,out-of,e g b i j k l,0
2337,nocopy_20,d e f v,d e f g h,l h n,l m n o,seen alphabets,a b c d e f g h i j k l m n o p q r s t u v w x y z,1,fix_extend,3,in,l m n o,1
2338,nocopy_20,s z t z u z v z v,s z t z u z v,m a m a n a o a p a q a r a s,m a n a o a p a q a r a s,seen alphabets,a z c d e f g h i j k l m n o p q r s t u v w x y b,2,rr_interleave,15,in,m a n a o a p a q a r a s,1
2339,nocopy_20,o p q,n p q,f s h i,e s h i,seen alphabets,a b g d e f s h i j w l m n o p q r k t u v c x y z,5,pred,4,in,e s h i,1
2340,nocopy_20,y y l l c c e e s s,s s l l c c e e y y,y y y t t t u u u,y y y u u u t t t,seen alphabets,m r j k g f q n i b h a w d o p v x s l c e y u t z,20,sort_group,9,in,c y e y y y u y t y u,0
2341,nocopy_20,i b h a w,i b h a w d p,q n i b h,q n i b h a d,seen alphabets,m r j k g f q n i b h a w d o p v x s l c e y u t z,20,extend_extend_succ,5,out-of,f n i b h,0
2342,nocopy_20,c d g f s,c d g f e,v w x b z,v w x y z,seen alphabets,a b c d g f e h i j k l m n o p q r s t u v w x y z,2,fix_alphabetic_seq,5,in,v w x y z,1
2343,nocopy_20,a k b f e j o,i k b f e j o,z t q h i a k,v t q h i a k,seen alphabets,x l c v z t q h i a k b f e j o p r g y u d m n w s,20,pred,7,in,z t q h i a b,0
2344,nocopy_20,v v e e g g,e e v v g g,y y x x w w z z,w w x x y y z z,seen alphabets,a b c u e v g h d k i l m j r p q o s t f n w x y z,10,sort_group,8,in,w w x x y y z z,1
2345,nocopy_20,u e f g g,u e f h,b c c u,b c e,seen alphabets,a b c u e f g h i j k l m n o p q r s t d v w x y z,2,rr_succ,4,in,b c u,0
2346,nocopy_20,j o y q,i o y z,l k g t,r k g e,unseen alphabets,x r l b g t e s i j k n m w f p a c h u v d o y q z,20,fix_pred_succ,4,out-of,l g r k,0
2347,nocopy_20,q r s t u v w,q r s t u v w x,h i j k l m n,h i j k l m n o,seen alphabets,a b c d e f g h i j k l m n o p q r s t u v w x y z,1,extend_sequence,7,in,h i j k l m n o,1
2348,nocopy_20,b n o p q q r,b n o p q r,m c d e e,m c d e,unseen alphabets,a m c d e f g h i j k l b n o p q r s t u v w x y z,2,remove_redundant,5,in,m d e,0
2349,nocopy_20,m g h,f g h i,u v s,u v w x,seen alphabets,a b c d e f g h i j k l m n o p q r s t u v w x z y,2,fix_extend,3,in,u v w x,1
2350,nocopy_20,s t v n w,s t f n w x,g h w,g h d k,seen alphabets,a b c u e v g h d k i l m j r p q o s t f n w x y z,10,fix_extend,3,in,g h d k,1
2351,nocopy_20,t u v,s u v w,i j k l m n,h j k l m n o,unseen alphabets,a f c d e b g h i j k l m n o p q r s t u v w x y z,2,extend_pred,6,out-of,i j k l m n o,0
2352,nocopy_20,l t n o p,l t n o q,g h i j k l t,g h i j k l n,unseen alphabets,a b c d e f g h i j k l t n o p q r s m u v w x y z,2,succ,7,in,g h i j k l m,0
2353,nocopy_20,d d b b c c a a e e f f,a a b b c c d d e e f f,v v x x w w,v v w w x x,seen alphabets,a b c d e f g h i j k l m n o p q r s t u v w x y z,1,sort_group,6,in,c c d d e e f f g g h h i j,0
2354,nocopy_20,w u v t x k,t u v w x k,j i p l,i j p l,unseen alphabets,a r c d e f g h i j p l m n o b q y s t u v w x k z,5,sort,4,in,l i j p,0
2355,nocopy_20,l m n o p q h,l m n o p q s,l m n o p,l m n o q,seen alphabets,a b c d x f g i r j k l m n o p q h s t u v w e y z,5,succ,5,in,l m n o q,1
2356,nocopy_20,i j q l t n,i j k l t n o,v l t,k l t n,unseen alphabets,a b c d e f g h i j k l t n o p q r s m u v w x y z,2,fix_extend,3,in,v z t q,0
2357,nocopy_20,q l f d,h l f d,k n o p,d n o p,unseen alphabets,a b m j e r g h q l f d k n o p i c s t u v w x y z,10,pred,4,in,m n o p,0
2358,nocopy_20,d e f g h i j,j i h g f e d,s t u v w x y,y x w v u t s,seen alphabets,a b m d e f g h i j k l c n o p q r s t u v w x y z,2,reverse,7,out-of,r t u v w x y,0
2359,nocopy_20,h k m i,h i m k,i m k l o n r,i m k l r n o,seen alphabets,a b u d e f g h i m k l r n o p q c s t j v w x y z,5,sort,7,in,i m k l r n o,1
2360,nocopy_20,h m i k e e r z,h m i k e r z,k g e g e g r g z g j g u,k g e g r g z g j g u,unseen alphabets,d s p a x f g h m i k e r z j u b q t n c v o w y l,20,rr_interleave,7,in,k g e g j g o g p,0
2361,nocopy_20,f f n d,f n j,r q q y k,r q y t,seen alphabets,a e c h x l g r q y k t f n d j o i w u v b m p s z,20,rr_succ,5,in,r q y k,0
2362,nocopy_20,p p c l,p c l,r v d v d v v v i,r v d v v v i,unseen alphabets,r d v i o f g m y b w n h u j p c l e t s q a x k z,20,rr_interleave,5,in,r v d v k v i,0
2363,nocopy_20,d e b g h f j j,d e f g h b j,a a i c d f e g,a i c d e f g,unseen alphabets,a i c d e f g h b j k l m n o p q r s t u v w x y z,2,rr_sort,8,out-of,a b c d e f g,0
2364,nocopy_20,k l l m,k l m,g f f e h i,g f e h i,seen alphabets,a b c d g f e h i j k l m n o p q r s t u v w x y z,2,remove_redundant,6,in,g f e h j,0
2365,nocopy_20,f c k e,a c k b,t u v w x r,s u v w x s,unseen alphabets,a f c d e b g h i j k l m n o p q r s t u v w x y z,2,fix_pred_succ,6,out-of,t u v w x y,0
2366,nocopy_20,m u v w,m u v w m u v w,e f g h i j,e f g h i j e f g h i j,unseen alphabets,a b c d e f g h i j k l t n o p q r s m u v w x y z,2,replicate,6,out-of,e f g h i j k,0
2367,nocopy_20,g b a,g b i,d e f g b i c,d e f g b i y,seen alphabets,a h c d e f g b i y k l m n o p q r s t u j w x v z,5,fix_alphabetic_seq,7,in,d e f g b i y,1
2368,nocopy_20,l b k p m n o,p b k l m n o,d c e,c d e,unseen alphabets,a y c d e f g h p b k l m n o i q r s t u v w x j z,5,sort,3,in,c d e,1
2369,nocopy_20,r s t,u v w,l m n o i q r,s t u v w x j,unseen alphabets,a y c d e f g h p b k l m n o i q r s t u v w x j z,5,shift,7,out-of,k m n o p q r,0
2370,nocopy_20,i f a h e j,i f a h e j k,f f a a h h e e j j k k l l,f f a a h h e e j j k k l l m m,unseen alphabets,o b c d i f a h e j k l m n g p q r s t u v w x y z,5,extend_group,7,out-of,f f e e h h i i j j k k l l,0
2371,nocopy_20,a b c d e f,a b c d e f g i,g h i j k l m,g h i j k l m n p,seen alphabets,a b c d e f g h i j k l m n o p q r s t u v w x y z,1,extend_extend_succ,7,out-of,g h i j k l n,0
2372,nocopy_20,m y a a o f,m y o a f,f s r f,f r s,unseen alphabets,q t c d e i p h b j k l m y o a f r s n u v w x g z,10,rr_sort,4,out-of,f s r,0
2373,nocopy_20,n y s o u,w y s o u,r k w n y,g k w n y,seen alphabets,l d c b e f a z g r k w n y s o u i q t h v x p m j,20,pred,5,in,g k w n y,1
2374,nocopy_20,j l y,l j y,c p n v r,c p n r v,unseen alphabets,u q h c p n r v g f k a m w i l j y s t d b o x e z,20,sort,5,in,c v z t,0
2375,nocopy_20,g h p b k,f h p b k l,r s t u v w x,q s t u v w x j,unseen alphabets,a y c d e f g h p b k l m n o i q r s t u v w x j z,5,extend_pred,7,out-of,r s t u v w x y,0
2376,nocopy_20,j j u b q,j u b q,k y k y e y r,k y e y r,unseen alphabets,d s p a x f g h m i k e r z j u b q t n c v o w y l,20,rr_interleave,4,in,k y e y h,0
2377,nocopy_20,u q n x k t,t k x n q u,i j h y w,w y h j i,unseen alphabets,e d r c z m a f i j h y w l o g v p s b u q n x k t,20,reverse,5,out-of,i j w l,0
2378,nocopy_20,p q r s t u v,p q r s t u v p q r s t u v,l m n o,l m n o l m n o,unseen alphabets,f b c d e a g h i j k l m n o p q r s t u v w x y z,2,replicate,4,out-of,q r s t u v w x,0
2379,nocopy_20,h h c p,h c p,n t r t v t g t g t f t k,n t r t v t g t f t k,unseen alphabets,u q h c p n r v g f k a m w i l j y s t d b o x e z,20,rr_interleave,7,in,n t f t g t r t k,0
2380,nocopy_20,j u q n x,b u q n x k,e d r s,e d r c z,unseen alphabets,e d r c z m a f i j h y w l o g v p s b u q n x k t,20,fix_extend,4,in,e j o p r,0
2381,nocopy_20,g h i j k,l m n o p,l m n,o p q,unseen alphabets,a c b v d f g h i j k l m n o p q r s t u e w x y z,5,shift,3,out-of,l m o,0
2382,nocopy_20,e f g h h,e f g i,l m m n o,l m n b,unseen alphabets,a r c d e f g h i j p l m n o b q y s t u v w x k z,5,rr_succ,5,in,l m n o,0
2383,nocopy_20,s t f n,w x y z,j r p q,o s t f,seen alphabets,a b c u e v g h d k i l m j r p q o s t f n w x y z,10,shift,4,out-of,m r p q,0
2384,nocopy_20,r j k,g f q,g f q,n i b,seen alphabets,m r j k g f q n i b h a w d o p v x s l c e y u t z,20,shift,3,out-of,k f q,0
2385,nocopy_20,g h i,g h i j,v w x y,v w x y b,seen alphabets,a z c d e f g h i j k l m n o p q r s t u v w x y b,2,extend_sequence,4,in,v w x y b,1
2386,nocopy_20,f g h i j,f g h i j k b,c d e f g h i,c d e f g h i j l,unseen alphabets,a m c d e f g h i j k l b n o p q r s t u v w x y z,2,extend_extend_succ,7,out-of,c d e f g h m,0
2387,nocopy_20,m j e r g h q,q h g r e j m,m j e,e j m,unseen alphabets,a b m j e r g h q l f d k n o p i c s t u v w x y z,10,reverse,3,out-of,m d e,0
2388,nocopy_20,i n k l,h n k l m,d e v g h,c e v g h i,unseen alphabets,x b c d e v g h i n k l m w f p q r s t u z a y j o,10,extend_pred,5,out-of,d e v g h d,0
2389,nocopy_20,y u d m m n,y u d m n,a k k b f e,a k b f e,seen alphabets,x l c v z t q h i a k b f e j o p r g y u d m n w s,20,remove_redundant,6,in,a k b f j,0
2390,nocopy_20,q h s t u,u t s h q,y z,z y,seen alphabets,a b c d x f g i r j k l m n o p q h s t u v w e y z,5,reverse,2,out-of,x z,0
2391,nocopy_20,j k m c,i k m c,u z v x y l,t z v x y l,unseen alphabets,a e q d w f g b i j k m c n o p h r s t u z v x y l,10,pred,6,in,u v w x y z,0
2392,nocopy_20,c b d x f f,b c d x f,r j j l k m,r j k l m,seen alphabets,a b c d x f g i r j k l m n o p q h s t u v w e y z,5,rr_sort,6,out-of,r j k l n,0
2393,nocopy_20,y h i,j h j,c d e g s,b d e g h,unseen alphabets,g b c d e f s h i j y l m n o p q r k t u v w x a z,5,fix_pred_succ,5,out-of,c d e f g,0
2394,nocopy_20,s t u z a y j,s t u z a y j o,d d e e v v g g h h,d d e e v v g g h h i i,unseen alphabets,x b c d e v g h i n k l m w f p q r s t u z a y j o,10,extend_group,5,out-of,d d e e v v g g h h d d k,0
2395,nocopy_20,i i i m m m k k k l l l r r r,i i i m m m k k k l l l r r r n n n,f f f g g g h h h i i i m m m k k k,f f f g g g h h h i i i m m m k k k l l l,seen alphabets,a b u d e f g h i m k l r n o p q c s t j v w x y z,5,extend_group,18,out-of,i i i m m m k k k l l l r r r n n n o o o,0
2396,nocopy_20,o p q,q p o,m n o p q z,z q p o n m,seen alphabets,h s r d e f g b i j k l m n o p q z w t c v y x a u,10,reverse,6,out-of,l n o p q z,0
2397,nocopy_20,d i c a e f,a i c d e f,u u w w v v x x,u u v v w w x x,unseen alphabets,a i c d e f g h b j k l m n o p q r s t u v w x y z,2,sort_group,4,in,u u v v w w x x,1
2398,nocopy_20,r e s e t e u e x,r e s e t e u e v,a j z j p j d j e,a j z j c j d j e,seen alphabets,a z c d e f g h i j k l m n o p q r s t u v w x y b,2,fix_interleave,9,out-of,e j v j g j z j e,0
2399,nocopy_20,b c d e f g,b c d e f g b c d e f g,e f g h,e f g h e f g h,unseen alphabets,a b c d e f g h i j k l t n o p q r s m u v w x y z,2,replicate,4,out-of,e e f f g g h i,0
2400,nocopy_20,p q x s t,o q x s t u,h v e k l,g v e k l m,seen alphabets,a b c z j f g h v e k l m n o p q x s t u i y w d r,10,extend_pred,5,out-of,h v e k l m,0
2401,nocopy_20,e v g h i n,d v g h i n k,p q r s,f q r s t,unseen alphabets,x b c d e v g h i n k l m w f p q r s t u z a y j o,10,extend_pred,4,out-of,p q r s t,0
2402,nocopy_20,d e f p,d e f g h,n s p q,n o p q r,unseen alphabets,a i c d e f g h b j k l m n o p q r s t u v w x y z,2,fix_extend,4,in,o p q r,0
2403,nocopy_20,h i m k l r,h i m k l r n,f g h,f g h i,seen alphabets,a b u d e f g h i m k l r n o p q c s t j v w x y z,5,extend_sequence,3,in,f g h i,1
2404,nocopy_20,c c v c z c t c y c h,c c v c z c t c q c h,y r u r d r z r n r w r s,y r u r d r m r n r w r s,seen alphabets,x l c v z t q h i a k b f e j o p r g y u d m n w s,20,fix_interleave,13,out-of,q r c r s r t r u r i r y,0
2405,nocopy_20,c k e k y k y k u k t,c k e k y k u k t,m k r k j k j k k,m k r k j k k,seen alphabets,m r j k g f q n i b h a w d o p v x s l c e y u t z,20,rr_interleave,9,in,r r k k t k u u j j k k,0
2406,nocopy_20,d c b e f a z,z a f e b c d,d c b,b c d,seen alphabets,l d c b e f a z g r k w n y s o u i q t h v x p m j,20,reverse,3,out-of,d c e,0
2407,nocopy_20,g d e,b d e f,f s h i j w,e s h i j w l,seen alphabets,a b g d e f s h i j w l m n o p q r k t u v c x y z,5,extend_pred,6,out-of,f s h i j w l,0
2408,nocopy_20,w t c v y x e,w t c v y x a,y b i,g b i,seen alphabets,h s r d e f g b i j k l m n o p q z w t c v y x a u,10,fix_alphabetic_seq,3,in,g b i,1
2409,nocopy_20,t n o p q r s,m u v w x y z,r s m u,v w x y,unseen alphabets,a b c d e f g h i j k l t n o p q r s m u v w x y z,2,shift,4,out-of,r s t u,0
2410,nocopy_20,w x u z,w x g z,s s f s u s v,s s n s u s v,unseen alphabets,q t c d e i p h b j k l m y o a f r s n u v w x g z,10,fix_interleave,4,out-of,s s t s u s v,0
2411,nocopy_20,h i j d l,h i j k l,n m o m x,n m o m p,unseen alphabets,f b c d e a g h i j k l m n o p q r s t u v w x y z,2,fix_interleave,3,out-of,m m n o,0
2412,nocopy_20,j f l m n o,i f l m n p,h i j k u m n,g i j k u m o,unseen alphabets,f b c d e a g h i j k l m n o p q r s t u v w x y z,2,fix_pred_succ,7,out-of,h i j k l m n,0
2413,nocopy_20,j k g f q,j k g f q j k g f q,a w d o p v x,a w d o p v x a w d o p v x,seen alphabets,m r j k g f q n i b h a w d o p v x s l c e y u t z,20,replicate,7,out-of,a w d o p v x s,0
2414,nocopy_20,w w z y x,w x y z,l j m m,l m j,seen alphabets,a b c u e v g h d k i l m j r p q o s t f n w x y z,10,rr_sort,4,out-of,l j m,0
2415,nocopy_20,e h i,t h j,w f p r,m f p l,unseen alphabets,x r l b g t e s i j k n m w f p a c h u v d o y q z,20,fix_pred_succ,4,out-of,w d o p r,0
2416,nocopy_20,d e f f g b,d e f g i,k l m m n o p,k l m n o q,seen alphabets,h s r d e f g b i j k l m n o p q z w t c v y x a u,10,rr_succ,7,in,k l m n o p,0
2417,nocopy_20,n o p q r,s t d v w,i j k l,m n o p,seen alphabets,a b c u e f g h i j k l m n o p q r s t d v w x y z,2,shift,4,out-of,h j k l,0
2418,nocopy_20,t e s i p k,g e s i p n,c b g t e s,a b g t e i,unseen alphabets,x r l b g t e s i j k n m w f p a c h u v d o y q z,20,fix_pred_succ,6,out-of,c b g d e f,0
2419,nocopy_20,w j s p t t g z,w j p s t g z,j p s z g g t m,j p s t g z m,seen alphabets,q k i d v f r h a l e b x c n w j p s t g z m o y u,20,rr_sort,8,out-of,j p s t g z m,1
2420,nocopy_20,h e j k l m n,h e j k l m g,a h e j k,a h e j l,unseen alphabets,o b c d i f a h e j k l m n g p q r s t u v w x y z,5,succ,5,in,a h i j k,0
2421,nocopy_20,o p q r k t,u v c x y z,d e f s h,i j w l m,seen alphabets,a b g d e f s h i j w l m n o p q r k t u v c x y z,5,shift,5,out-of,d e f s i,0
2422,nocopy_20,n o e h r s,n o e h r s t,a b c d q f g,a b c d q f g l,seen alphabets,a b c d q f g l i j k p m n o e h r s t u v w x y z,5,extend_sequence,7,in,a b c d q f g l,1
2423,nocopy_20,f g h i,f g h i f g h i,l m n o,l m n o l m n o,unseen alphabets,a r c d e f g h i j p l m n o b q y s t u v w x k z,5,replicate,4,out-of,l m n o p,0
2424,nocopy_20,c d e,b d e,s t u z a,r t u z a,unseen alphabets,x b c d e v g h i n k l m w f p q r s t u z a y j o,10,pred,5,in,s t u i z,0
2425,nocopy_20,v e k l m,n o p q x,z j f g,h v e k,seen alphabets,a b c z j f g h v e k l m n o p q x s t u i y w d r,10,shift,4,out-of,c j f g,0
2426,nocopy_20,e j m,m j e,n o p c i s,n o p i c s,unseen alphabets,a b m j e r g h q l f d k n o p i c s t u v w x y z,10,sort,6,in,n o p q c s,0
2427,nocopy_20,n q s o u i y q,n y s o u i q,u o u s i q,s o u i q,seen alphabets,l d c b e f a z g r k w n y s o u i q t h v x p m j,20,rr_sort,6,out-of,u i q,0
2428,nocopy_20,u e w x,u e w x y,a c b v d f g,a c b v d f g h,unseen alphabets,a c b v d f g h i j k l m n o p q r s t u e w x y z,5,extend_sequence,7,in,a b c d x f g i,0
2429,nocopy_20,l l g g r r q q k k y y t t,l l g g r r q q y y k k t t,k k k y y y q q q,q q q y y y k k k,seen alphabets,a e c h x l g r q y k t f n d j o i w u v b m p s z,20,sort_group,9,in,l l l g g g r r r q q q y y y k k k t t t,0
2430,nocopy_20,l b n o p q r,l b n o p q r s u,i j k l b,i j k l b n p,unseen alphabets,a m c d e f g h i j k l b n o p q r s t u v w x y z,2,extend_extend_succ,5,out-of,i j k l m n,0
2431,nocopy_20,n o e y a,n c e y a g,a g t i j d l,a g h i j d l m,unseen alphabets,k n c e y a g h i j d l m f o t q r s b u v w x p z,10,fix_extend,7,in,g l i j k p m,0
2432,nocopy_20,j y s t b d,j y s t d b,p p r r n n,p p n n r r,unseen alphabets,u q h c p n r v g f k a m w i l j y s t d b o x e z,20,sort_group,3,in,p p r r n n,0
2433,nocopy_20,g p q r s t e,g p q r s t u v,e j k u m n g,e j k l m n g p,unseen alphabets,o b c d i f a h e j k l m n g p q r s t u v w x y z,5,fix_extend,7,in,i j k l m n o p,0
2434,nocopy_20,q r s t u v w,q r s t u v x,l m n o p,l m n o q,seen alphabets,a z c d e f g h i j k l m n o p q r s t u v w x y b,2,succ,5,in,l m n o q,1
2435,nocopy_20,s t d v w x y,s t d v w x z,l m n o p,l m n o q,seen alphabets,a b c u e f g h i j k l m n o p q r s t d v w x y z,2,succ,5,in,l m n o q,1
2436,nocopy_20,c h x l g r q,q r g l x h c,g r q y,y q r g,seen alphabets,a e c h x l g r q y k t f n d j o i w u v b m p s z,20,reverse,4,out-of,l r q y,0
2437,nocopy_20,u v w x x k,u v w x k,m m n o b,m n o b,unseen alphabets,a r c d e f g h i j p l m n o b q y s t u v w x k z,5,remove_redundant,5,in,m n o h,0
2438,nocopy_20,u n c d a o g,u n c d a o h,d a o g h x,d a o g h j,seen alphabets,u n c d a o g h x j b l m k i p q r s t f v w e y z,10,succ,6,in,c a o g h x,0
2439,nocopy_20,q r s,p r s,i j k l t n o,h j k l t n o,unseen alphabets,a b c d e f g h i j k l t n o p q r s m u v w x y z,2,pred,7,in,i j k l m n o,0
2440,nocopy_20,x v w v y z,v w x y z,e f g h i j k j,e f g h i j k,unseen alphabets,a b c d e f g h i j k l t n o p q r s m u v w x y z,2,rr_sort,8,out-of,e f g h i j k,1
2441,nocopy_20,s t u v w,w v u t s,x f g,g f x,seen alphabets,a b c d x f g i r j k l m n o p q h s t u v w e y z,5,reverse,3,out-of,x f i,0
2442,nocopy_20,o b f,n b g,c u v w,r u v x,unseen alphabets,a r c d e f g h i j p l m n o b q y s t u v w x k z,5,fix_pred_succ,4,out-of,t u v w,0
2443,nocopy_20,o x q r s,n x q r t,h p j k,g p j l,unseen alphabets,a f c d e b g h i j k l m n o p q r s t u v w x y z,2,fix_pred_succ,4,out-of,h i j k,0
2444,nocopy_20,d b o x e,d b o x e z,j j y y s s t t d d b b o o,j j y y s s t t d d b b o o x x,unseen alphabets,u q h c p n r v g f k a m w i l j y s t d b o x e z,20,extend_group,7,out-of,j j b b g g d d e e f f s s,0
2445,nocopy_20,t u v,t u v w,b c d e,b c d e f,unseen alphabets,g b c d e f s h i j y l m n o p q r k t u v w x a z,5,extend_sequence,4,in,b c d e f,1
2446,nocopy_20,e o j o o o f o r,e o j o o o p o r,t i q i h i s,t i q i h i i,seen alphabets,x l c v z t q h i a k b f e j o p r g y u d m n w s,20,fix_interleave,7,out-of,o u i q t h i,0
2447,nocopy_20,o p q r s t,o p q r s u,f c d,f c e,unseen alphabets,a f c d e b g h i j k l m n o p q r s t u v w x y z,2,succ,3,in,b c d,0
2448,nocopy_20,i j k l m n o,i j k l m n p,l m n o p,l m n o q,seen alphabets,a b c d g f e h i j k l m n o p q r s t u v w x y z,2,succ,5,in,l m n o q,1
2449,nocopy_20,n o i,n o p,m n v p,m n o p,seen alphabets,a b c d e f g h i j k l m n o p q r s t u v w x z y,2,fix_alphabetic_seq,4,in,m n o p,1
2450,nocopy_20,j r p q o,j r p q s,n w x y,n w x z,seen alphabets,a b c u e v g h d k i l m j r p q o s t f n w x y z,10,succ,4,in,n w x z,1
2451,nocopy_20,n n n w w w j j j p p p s s s t t t g g g,n n n w w w j j j p p p s s s t t t g g g z z z,b b x x c c,b b x x c c n n,seen alphabets,q k i d v f r h a l e b x c n w j p s t g z m o y u,20,extend_group,6,out-of,n n n w w w j j j p p p s s s t t t g g g,0
2452,nocopy_20,s m u v w,s m u v w x z,m u v,m u v w y,unseen alphabets,a b c d e f g h i j k l t n o p q r s m u v w x y z,2,extend_extend_succ,3,out-of,t u v,0
2453,nocopy_20,w w w x x x y y y,w w w x x x y y y z z z,o o o p p p q q q,o o o p p p q q q r r r,seen alphabets,a b m d e f g h i j k l c n o p q r s t u v w x y z,2,extend_group,9,out-of,y o z z y o r o p o q,0
2454,nocopy_20,b c t z e,q c t z e w,r d u f g p,s d u f g p i,seen alphabets,a s r d u f g p i j k l m n o h q b c t z e w x y v,10,extend_pred,6,out-of,r d u f g p i,0
2455,nocopy_20,u v w,x y b,i j k l,m n o p,seen alphabets,a z c d e f g h i j k l m n o p q r s t u v w x y b,2,shift,4,out-of,h j k l,0
2456,nocopy_20,q h c,u h c p,l j y s t,i j y s t d,unseen alphabets,u q h c p n r v g f k a m w i l j y s t d b o x e z,20,extend_pred,5,out-of,w j p s t g,0
2457,nocopy_20,t g z m m,t g z o,q k k i,q k d,seen alphabets,q k i d v f r h a l e b x c n w j p s t g z m o y u,20,rr_succ,4,in,q k d,1
2458,nocopy_20,p q r s s t u,p q r s t e,n o o p q r s,n o p q r t,unseen alphabets,a c b v d f g h i j k l m n o p q r s t u e w x y z,5,rr_succ,7,in,n o p q r t,1
2459,nocopy_20,f g h i,f g h i j,f f g g h h i i j j k k l l,f f g g h h i i j j k k l l t t,unseen alphabets,a b c d e f g h i j k l t n o p q r s m u v w x y z,2,extend_group,7,out-of,f f g g h h i i j j k k l l,0
2460,nocopy_20,r f d f n,r f d f e,g f x f i f j f k f l,g f b f i f j f k f l,seen alphabets,h s r d e f g b i j k l m n o p q z w t c v y x a u,10,fix_interleave,11,out-of,g f p f i f j f k f l,0
2461,nocopy_20,t s s q a x,t s q a k,g m y b b w n h,g m y b w n u,unseen alphabets,r d v i o f g m y b w n h u j p c l e t s q a x k z,20,rr_succ,8,in,g m o y u,0
2462,nocopy_20,r v g f k a,r v g f k a r v g f k a,d b o x e,d b o x e d b o x e,unseen alphabets,u q h c p n r v g f k a m w i l j y s t d b o x e z,20,replicate,5,out-of,f a w d o p v x,0
2463,nocopy_20,h a l e,h a l e b,g z m o,g z m o y,seen alphabets,q k i d v f r h a l e b x c n w j p s t g z m o y u,20,extend_sequence,4,in,g z m o y,1
2464,nocopy_20,e e e f f f a a a z z z,e e e f f f a a a z z z g g g,r r r k k k w w w n n n y y y s s s,r r r k k k w w w n n n y y y s s s o o o,seen alphabets,l d c b e f a z g r k w n y s o u i q t h v x p m j,20,extend_group,18,out-of,f f f a a a z z z g g g r r r k k k w w w,0
2465,nocopy_20,f g h i,f g h i j,d e f g h i,d e f g h i j,unseen alphabets,a m c d e f g h i j k l b n o p q r s t u v w x y z,2,extend_sequence,6,in,d e f g h i m,0
2466,nocopy_20,f a h h e j,f a h e k,i f a h e j j k,i f a h e j l,unseen alphabets,o b c d i f a h e j k l m n g p q r s t u v w x y z,5,rr_succ,8,in,i f e h i j k,0
2467,nocopy_20,m w f p,m w f p a h,c h u v d,c h u v d o q,unseen alphabets,x r l b g t e s i j k n m w f p a c h u v d o y q z,20,extend_extend_succ,5,out-of,t h v d,0
2468,nocopy_20,e f g h i,d f g h i j,m n o,l n o p,seen alphabets,a b c d e f g h i j k l m n o p q r s t u v w x z y,2,extend_pred,3,out-of,m n o p,0
2469,nocopy_20,c s s t j v w,c s t j v w,r n o o p,r n o p,seen alphabets,a b u d e f g h i m k l r n o p q c s t j v w x y z,5,remove_redundant,5,in,r n o q,0
2470,nocopy_20,f f g g h h,f f g g h h i i,e e e f f f g g g h h h i i i j j j,e e e f f f g g g h h h i i i j j j k k k,seen alphabets,a b c u e f g h i j k l m n o p q r s t d v w x y z,2,extend_group,18,out-of,e e e f f f g g g h h h i i i j j j,0
2471,nocopy_20,d o p v v,d o p v,c e e y,c e y,seen alphabets,m r j k g f q n i b h a w d o p v x s l c e y u t z,20,remove_redundant,4,in,c e y,1
2472,nocopy_20,n o p q,n o p q r t,f g h,f g h i k,seen alphabets,a b c u e f g h i j k l m n o p q r s t d v w x y z,2,extend_extend_succ,3,out-of,f g i,0
2473,nocopy_20,n o p q r r,n o p q s,n o p q r r s,n o p q r t,seen alphabets,a z c d e f g h i j k l m n o p q r s t u v w x y b,2,rr_succ,7,in,n o p q r t,1
2474,nocopy_20,u s v s v s w s x s y,u s v s w s x s y,w o x o y o y,w o x o y,seen alphabets,a b c d g f e h i j k l m n o p q r s t u v w x y z,2,rr_interleave,7,in,w w x x y y z z,0
2475,nocopy_20,e f g h w j k,d f g h w j l,b w x,h w y,unseen alphabets,a i c d e f g h b j k l m n o p q r s t u v w x y z,2,fix_pred_succ,3,out-of,v w x,0
2476,nocopy_20,b c d e f g,a c d e f g h,l m n o p q r,k m n o p q r s,seen alphabets,a b c d e f g h i j k l m n o p q r s t u v w x z y,2,extend_pred,7,out-of,l m n o p q r s,0
2477,nocopy_20,j k l m n,j k l m o,v w x,v w z,seen alphabets,a b c d e f g h i j k l m n o p q r s t u v w x z y,2,succ,3,in,u w x,0
2478,nocopy_20,h i m k l r n,o p q c s t j,r n o,p q c,seen alphabets,a b u d e f g h i m k l r n o p q c s t j v w x y z,5,shift,3,out-of,r n p,0
2479,nocopy_20,a b c d x f g,a b c d x f i,k l m n o,k l m n p,seen alphabets,a b c d x f g i r j k l m n o p q h s t u v w e y z,5,succ,5,in,k l m n p,1
2480,nocopy_20,f c d e b g,f c d e b h,a f c d,a f c e,unseen alphabets,a f c d e b g h i j k l m n o p q r s t u v w x y z,2,succ,4,in,a b c d,0
2481,nocopy_20,g b p j k m c,g b i j k m c n,r c t u z v,r s t u z v x,unseen alphabets,a e q d w f g b i j k m c n o p h r s t u z v x y l,10,fix_extend,6,in,r k t u v c,0
2482,nocopy_20,e v g h,e a g h i,e o p,n o p q,unseen alphabets,f b c d e a g h i j k l m n o p q r s t u v w x y z,2,fix_extend,3,in,n o p q,1
2483,nocopy_20,g h i w k,f h i w l,y i,x j,seen alphabets,a z c d e f g h i j k l m n o p q r s t u v w x y b,2,fix_pred_succ,2,out-of,i y,0
2484,nocopy_20,g h i,f h i j,n o p q r s,m o p q r s t,seen alphabets,a b c d e f g h i j k l m n o p q r s t u v w x y z,1,extend_pred,6,out-of,n o p q r s t,0
2485,nocopy_20,u v v w,u v w,d q d f,d q f,seen alphabets,a b c d q f g l i j k p m n o e h r s t u v w x y z,5,rr_sort,4,out-of,d q f,1
2486,nocopy_20,l f m f m f n f o,l f m f n f o,j o j o k o l o m o n o o o p,j o k o l o m o n o o o p,seen alphabets,a b c d g f e h i j k l m n o p q r s t u v w x y z,2,rr_interleave,15,in,j o k o l o m o n o o o p,1
2487,nocopy_20,g y e h,d y e i,o f e h i j,n f e h i k,seen alphabets,a b c d g f e h i j k l m n o p q r s t u v w x y z,2,fix_pred_succ,6,out-of,g f e h i j,0
2488,nocopy_20,p w o,p q o s,r p j o s t,r p q o s t f,seen alphabets,a b c u e v g h d k i l m j r p q o s t f n w x y z,10,fix_extend,6,in,r p q o s t f,1
2489,nocopy_20,n o p q h s v,n o p q h s t,h s q,h s t,seen alphabets,a b c d x f g i r j k l m n o p q h s t u v w e y z,5,fix_alphabetic_seq,3,in,h s t,1
2490,nocopy_20,p u j h,h u j p,h h u u p p j j c c,h h u u j j p p c c,unseen alphabets,r d v i o f g m y b w n h u j p c l e t s q a x k z,20,sort_group,5,in,h h c c u u j j p p,0
2491,nocopy_20,i q t h v,u q t h v x,y s o,n s o u,seen alphabets,l d c b e f a z g r k w n y s o u i q t h v x p m j,20,extend_pred,3,out-of,y s o u,0
2492,nocopy_20,a z g r k,a z g r w,a z g r k w,a z g r k n,seen alphabets,l d c b e f a z g r k w n y s o u i q t h v x p m j,20,succ,6,in,f z g r k w,0
2493,nocopy_20,p p q r,p q s,i f a a h,i f a e,unseen alphabets,o b c d i f a h e j k l m n g p q r s t u v w x y z,5,rr_succ,5,in,i f g h,0
2494,nocopy_20,m n o p,q z w t,b i j k l,m n o p q,seen alphabets,h s r d e f g b i j k l m n o p q z w t c v y x a u,10,shift,5,out-of,b i j k m,0
2495,nocopy_20,j k l g,i k l h,t k v,s k w,seen alphabets,a b c u e f g h i j k l m n o p q r s t d v w x y z,2,fix_pred_succ,3,out-of,t u v,0
2496,nocopy_20,g t n o p q r,l t n o p q r,w v g v y v z,w v x v y v z,unseen alphabets,a b c d e f g h i j k l t n o p q r s m u v w x y z,2,fix_interleave,4,out-of,w v x v y v z,1
2497,nocopy_20,o i w u v b,j i w u v b,i w u v b,o w u v b,seen alphabets,a e c h x l g r q y k t f n d j o i w u v b m p s z,20,pred,5,in,o w u v b,1
2498,nocopy_20,h i j j k,h i j l,j k l l m n o,j k l m n p,seen alphabets,a z c d e f g h i j k l m n o p q r s t u v w x y b,2,rr_succ,7,in,j k l m n p,1
2499,nocopy_20,f g b,f g b i k,z w t c,z w t c v x,seen alphabets,h s r d e f g b i j k l m n o p q z w t c v y x a u,10,extend_extend_succ,4,out-of,q w t c,0
2500,nocopy_20,i j k,i j k i j k,u v w x,u v w x u v w x,seen alphabets,a z c d e f g h i j k l m n o p q r s t u v w x y b,2,replicate,4,out-of,u v w x y,0
2501,nocopy_20,d o y y q z,d o y q z,f f p a c h u v,f p a c h u v,unseen alphabets,x r l b g t e s i j k n m w f p a c h u v d o y q z,20,remove_redundant,8,in,f r h a l e,0
2502,nocopy_20,k c d e,n c d v,z a y v,u a y g,unseen alphabets,x b c d e v g h i n k l m w f p q r s t u z a y j o,10,fix_pred_succ,4,out-of,v y z,0
2503,nocopy_20,i i j w l m,i j w l m,x y y z,x y z,seen alphabets,a b g d e f s h i j w l m n o p q r k t u v c x y z,5,remove_redundant,4,in,x y z,1
2504,nocopy_20,w v x,v w x,v v y y x x w w,v v w w x x y y,unseen alphabets,o b c d i f a h e j k l m n g p q r s t u v w x y z,5,sort_group,4,in,v v w w x x y y,1
2505,nocopy_20,b c d,a c d,c d e f g,b d e f g,seen alphabets,a b c d e f g h i j k l m n o p q r s t u v w x y z,1,pred,5,in,b d e f g,1
2506,nocopy_20,i n k l m,i n k l m i n k l m,z a y j,z a y j z a y j,unseen alphabets,x b c d e v g h i n k l m w f p q r s t u z a y j o,10,replicate,4,out-of,z m o y u,0
2507,nocopy_20,n d j o i,w u v b m,t f n d j,o i w u v,seen alphabets,a e c h x l g r q y k t f n d j o i w u v b m p s z,20,shift,5,out-of,k f n d j,0
2508,nocopy_20,l m f o t q r,s b u v w x p,r s b,u v w,unseen alphabets,k n c e y a g h i j d l m f o t q r s b u v w x p z,10,shift,3,out-of,r s t,0
2509,nocopy_20,d v i o o f g,d v i o f g,u j j p c l e t,u j p c l e t,unseen alphabets,r d v i o f g m y b w n h u j p c l e t s q a x k z,20,remove_redundant,8,in,u j c p s t,0
2510,nocopy_20,o i c d b f,o b c d i f,i f a k e j h,i f a h e j k,unseen alphabets,o b c d i f a h e j k l m n g p q r s t u v w x y z,5,sort,7,in,i j k l m n,0
2511,nocopy_20,f g h,f g i,m u v,m u w,unseen alphabets,a b c d e f g h i j k l t n o p q r s m u v w x y z,2,succ,3,in,t u v,0
2512,nocopy_20,w o p,n o p q,f q b i j k,f g b i j k l,seen alphabets,h s r d e f g b i j k l m n o p q z w t c v y x a u,10,fix_extend,6,in,f q b i j k l,0
2513,nocopy_20,q z t z j z v z w,s z t z j z v z w,h q w q m q k q l,h q i q m q k q l,seen alphabets,a b u d e f g h i m k l r n o p q c s t j v w x y z,5,fix_interleave,9,out-of,z w t q q q h w i q m q k,0
2514,nocopy_20,k l m n o p,k l m n o p q,r s t u j w,r s t u j w x,seen alphabets,a h c d e f g b i y k l m n o p q r s t u j w x v z,5,extend_sequence,6,in,r s t u j w x,1
2515,nocopy_20,q d w f g,q d w f g q d w f g,u z v x y l,u z v x y l u z v x y l,unseen alphabets,a e q d w f g b i j k m c n o p h r s t u z v x y l,10,replicate,6,out-of,u v w x y z m,0
2516,nocopy_20,t t n o p q r,t n o p q r,r o r o s o m o u,r o s o m o u,unseen alphabets,a b c d e f g h i j k l t n o p q r s m u v w x y z,2,rr_interleave,5,in,r o s o t o u,0
2517,nocopy_20,l m n o,l m n p,k l m n o,k l m n p,seen alphabets,a h c d e f g b i y k l m n o p q r s t u j w x v z,5,succ,5,in,k l m n p,1
2518,nocopy_20,w n h,w n h u p,v i o f g m,v i o f g m y w,unseen alphabets,r d v i o f g m y b w n h u j p c l e t s q a x k z,20,extend_extend_succ,6,out-of,v f r g h i,0
2519,nocopy_20,h q b c,h q b c t e,b c t,b c t z w,seen alphabets,a s r d u f g p i j k l m n o h q b c t z e w x y v,10,extend_extend_succ,3,out-of,q c t,0
2520,nocopy_20,w w x y,w x b,o o p q r s t,o p q r s u,seen alphabets,a z c d e f g h i j k l m n o p q r s t u v w x y b,2,rr_succ,7,in,o p q r s u,1
2521,nocopy_20,p a a c h u v d,p a c h u v d,g d t d e d s d i d j d k d k,g d t d e d s d i d j d k,unseen alphabets,x r l b g t e s i j k n m w f p a c h u v d o y q z,20,rr_interleave,8,in,g d d d e d f d s d t d k,0
2522,nocopy_20,n o p q q r s t,n o p q r s t,n n o p q r s,n o p q r s,seen alphabets,a z c d e f g h i j k l m n o p q r s t u v w x y b,2,remove_redundant,7,in,n o p q r t,0
2523,nocopy_20,c s t j v w x,c s t j v w x c s t j v w x,l r n o p q c,l r n o p q c l r n o p q c,seen alphabets,a b u d e f g h i m k l r n o p q c s t j v w x y z,5,replicate,7,out-of,s t j v w x p m n o o p q r,0
2524,nocopy_20,b n o p y r s,l n o p y r t,w x y k,v x y l,unseen alphabets,a m c d e f g h i j k l b n o p q r s t u v w x y z,2,fix_pred_succ,4,out-of,w x y z,0
2525,nocopy_20,f s s h i j y l,f s h i j y l,f j s j h j h j i j j,f j s j h j i j j,unseen alphabets,g b c d e f s h i j y l m n o p q r k t u v w x a z,5,rr_interleave,6,in,f j s j h j i j j,1
2526,nocopy_20,e a g,d a g h,p q r,o q r s,unseen alphabets,f b c d e a g h i j k l m n o p q r s t u v w x y z,2,extend_pred,3,out-of,p q r s,0
2527,nocopy_20,m k v,s k w,j b c d e f,i b c d e g,unseen alphabets,a b c d e f g h i j k l t n o p q r s m u v w x y z,2,fix_pred_succ,6,out-of,a b c d e f,0
2528,nocopy_20,w d o p v,a d o p v,f q n i b h a,g q n i b h a,seen alphabets,m r j k g f q n i b h a w d o p v x s l c e y u t z,20,pred,7,in,f q n i b h w,0
2529,nocopy_20,g b b i,g b i,l l m n,l m n,seen alphabets,h s r d e f g b i j k l m n o p q z w t c v y x a u,10,remove_redundant,4,in,l m n,1
2530,nocopy_20,c l e t s q a,c l e t s q a x,u u u j j j p p p c c c l l l e e e,u u u j j j p p p c c c l l l e e e t t t,unseen alphabets,r d v i o f g m y b w n h u j p c l e t s q a x k z,20,extend_group,6,out-of,u u u j j j c c c p p p v v v e e e,0
2531,nocopy_20,f g b,f g b i k,q z w,q z w t v,seen alphabets,h s r d e f g b i j k l m n o p q z w t c v y x a u,10,extend_extend_succ,3,out-of,p z w,0
2532,nocopy_20,q r s t u v w,w v u t s r q,y z,z y,seen alphabets,a b c d g f e h i j k l m n o p q r s t u v w x y z,2,reverse,2,out-of,x z,0
2533,nocopy_20,n n n o o o p p p q q q,n n n o o o p p p q q q z z z,q q z z w w,q q z z w w t t,seen alphabets,h s r d e f g b i j k l m n o p q z w t c v y x a u,10,extend_group,6,out-of,o o o p p p q q q z z z w w w,0
2534,nocopy_20,w t c d e,q t c d e,b j q,b j k,unseen alphabets,q t c d e i p h b j k l m y o a f r s n u v w x g z,10,fix_alphabetic_seq,3,in,j b l,0
2535,nocopy_20,d l c l c l b,d l c l b,g m r m k m k,g m r m k,seen alphabets,l d c b e f a z g r k w n y s o u i q t h v x p m j,20,rr_interleave,7,in,g m r m k,1
2536,nocopy_20,r s n u v,r s n u v w,t c d e i p h,t c d e i p h b,unseen alphabets,q t c d e i p h b j k l m y o a f r s n u v w x g z,10,extend_sequence,7,in,c d e f g h i,0
2537,nocopy_20,d e j e j e o e i e w,d e j e o e i e w,n y d y d y j y o,n y d y j y o,seen alphabets,a e c h x l g r q y k t f n d j o i w u v b m p s z,20,rr_interleave,9,in,d d e e y y w w d d o o y y,0
2538,nocopy_20,f f f d d d c c c b b b e e e l l l,l l l d d d c c c b b b e e e f f f,k k y y n n w w s s o o u u,k k w w n n y y s s o o u u,seen alphabets,l d c b e f a z g r k w n y s o u i q t h v x p m j,20,sort_group,14,in,l l l d d d c c c b b b e e e f f f a a a,0
2539,nocopy_20,t f n w,t f n w x,p q o s t f,p q o s t f n,seen alphabets,a b c u e v g h d k i l m j r p q o s t f n w x y z,10,extend_sequence,6,in,p q o s t f n,1
2540,nocopy_20,x f g h,m i k e,j u b,q t n,unseen alphabets,d s p a x f g h m i k e r z j u b q t n c v o w y l,20,shift,3,out-of,j b l,0
2541,nocopy_20,h h h i i i a a a k k k b b b f f f,h h h i i i a a a k k k b b b f f f e e e,k k b b f f e e,k k b b f f e e j j,seen alphabets,x l c v z t q h i a k b f e j o p r g y u d m n w s,20,extend_group,8,out-of,h h h i i i a a a k k k b b b f f f e e e,0
2542,nocopy_20,h u a,h u v,d p y q z,d o y q z,unseen alphabets,x r l b g t e s i j k n m w f p a c h u v d o y q z,20,fix_alphabetic_seq,5,in,d o p q z,0
2543,nocopy_20,i c s t u v,i c s t u w,v w x y,v w x z,unseen alphabets,a b m j e r g h q l f d k n o p i c s t u v w x y z,10,succ,4,in,j w x y,0
2544,nocopy_20,z j u b,z j u b z j u b,p a x f g h m,p a x f g h m p a x f g h m,unseen alphabets,d s p a x f g h m i k e r z j u b q t n c v o w y l,20,replicate,7,out-of,p q x s t u i,0
2545,nocopy_20,a c b v d f,a c b v d g,f g h i j k l,f g h i j k m,unseen alphabets,a c b v d f g h i j k l m n o p q r s t u e w x y z,5,succ,7,in,e g h i j k l,0
2546,nocopy_20,e b g,d b g,t u v w x y,s u v w x y,unseen alphabets,a f c d e b g h i j k l m n o p q r s t u v w x y z,2,pred,6,in,s u v w x y,1
2547,nocopy_20,a a a s s s r r r d d d u u u g g g f f f,a a a s s s r r r d d d u u u f f f g g g,r r d d u u f f g g i i p p,r r d d u u f f g g p p i i,seen alphabets,a s r d u f g p i j k l m n o h q b c t z e w x y v,10,sort_group,14,in,a a a s s s r r r d d d u u u f f f g g g,0
2548,nocopy_20,q r s t,p r s t,x z y,w z y,seen alphabets,a b c d e f g h i j k l m n o p q r s t u v w x z y,2,pred,3,in,w z y,1
2549,nocopy_20,q k l m n g,j k l m n g p,e p k l,e j k l m,unseen alphabets,o b c d i f a h e j k l m n g p q r s t u v w x y z,5,fix_extend,4,in,e k l m,0
2550,nocopy_20,q t q c d e,q t c d e,m m f o a y r,m y o a f r,unseen alphabets,q t c d e i p h b j k l m y o a f r s n u v w x g z,10,rr_sort,7,out-of,m o y r,0
2551,nocopy_20,h i j k l m,h i j k l m n p,f g h i j k,f g h i j k l n,seen alphabets,a z c d e f g h i j k l m n o p q r s t u v w x y b,2,extend_extend_succ,6,out-of,e g h i j k,0
2552,nocopy_20,m a k a r a p,m a k a i a p,m j t j f j v j w,s j t j f j v j w,seen alphabets,u n c d a o g h x j b l m k i p q r s t f v w e y z,10,fix_interleave,9,out-of,s j t j f j v j w,1
2553,nocopy_20,y s o u i q,y s o u i q t,v x p m,v x p m j,seen alphabets,l d c b e f a z g r k w n y s o u i q t h v x p m j,20,extend_sequence,4,in,v x p m j,1
2554,nocopy_20,k l m n o h q,k l m n o h q k l m n o h q,j k l m,j k l m j k l m,seen alphabets,a s r d u f g p i j k l m n o h q b c t z e w x y v,10,replicate,4,out-of,l m n o h q b c,0
2555,nocopy_20,z w t c q y,z w t c v y,g b i h,g b i j,seen alphabets,h s r d e f g b i j k l m n o p q z w t c v y x a u,10,fix_alphabetic_seq,4,in,g b i j,1
2556,nocopy_20,h n z n a,h n i n a,b x f x e x j x x x p x r,b x f x e x j x o x p x r,seen alphabets,x l c v z t q h i a k b f e j o p r g y u d m n w s,20,fix_interleave,13,out-of,b x f x e x j x o x p x r,1
2557,nocopy_20,o h q,b c t,d u f g p i,j k l m n o,seen alphabets,a s r d u f g p i j k l m n o h q b c t z e w x y v,10,shift,6,out-of,r u f g p i,0
2558,nocopy_20,v r k t u q,q r k t u v,e c d b,b c d e,unseen alphabets,g b c d e f s h i j y l m n o p q r k t u v w x a z,5,sort,4,in,b c d e,1
2559,nocopy_20,a c h,u v d,g t e s i j k,n m w f p a c,unseen alphabets,x r l b g t e s i j k n m w f p a c h u v d o y q z,20,shift,7,out-of,g d e f s t,0
2560,nocopy_20,s r b u v,r s b u v,d d j j l l,j j d d l l,unseen alphabets,k n c e y a g h i j d l m f o t q r s b u v w x p z,10,sort_group,3,in,d d j j,0
2561,nocopy_20,s i j k n m w,e i j k n m w,r l b,x l b,unseen alphabets,x r l b g t e s i j k n m w f p a c h u v d o y q z,20,pred,3,in,r h a,0
2562,nocopy_20,a z c d e,a z c d e f,v w x y,v w x y b,seen alphabets,a z c d e f g h i j k l m n o p q r s t u v w x y b,2,extend_sequence,4,in,v w x y b,1
2563,nocopy_20,d o p q r s,n o p q r s,h i j q l,h i j k l,seen alphabets,a b m d e f g h i j k l c n o p q r s t u v w x y z,2,fix_alphabetic_seq,5,in,h i j k l,1
2564,nocopy_20,y k t,y k t f d,d j o i w u,d j o i w u v m,seen alphabets,a e c h x l g r q y k t f n d j o i w u v b m p s z,20,extend_extend_succ,6,out-of,d j o i w v,0
2565,nocopy_20,g d e a d,d e a g,g h j j i k,g h i j k,unseen alphabets,f b c d e a g h i j k l m n o p q r s t u v w x y z,2,rr_sort,6,out-of,g h i j k,1
2566,nocopy_20,e f g g h k j i,e f g h i j k,m n o o p r q s,m n o p q r s,seen alphabets,a b c d e f g h i j k l m n o p q r s t u v w x z y,2,rr_sort,8,out-of,m n o p q r t,0
2567,nocopy_20,x y z,w y z,q r s t u v w,p r s t u v w,unseen alphabets,a i c d e f g h b j k l m n o p q r s t u v w x y z,2,pred,7,in,p r s t u v w,1
2568,nocopy_20,r c d e f g,h i j p l m,j p l m n o b,q y s t u v w,unseen alphabets,a r c d e f g h i j p l m n o b q y s t u v w x k z,5,shift,7,out-of,j k l m n o p,0
2569,nocopy_20,r s t,r s t u,u v w x y,u v w x y z,seen alphabets,a b c d g f e h i j k l m n o p q r s t u v w x y z,2,extend_sequence,5,in,u v w x y b,0
2570,nocopy_20,m w f p p q r s,m w f p q r t,w w f p,w f q,unseen alphabets,x b c d e v g h i n k l m w f p q r s t u z a y j o,10,rr_succ,4,in,w d o,0
2571,nocopy_20,c e d,c d e,h h h g g g b b b j j j k k k l l l m m m,g g g h h h b b b j j j k k k l l l m m m,unseen alphabets,a i c d e f g h b j k l m n o p q r s t u v w x y z,2,sort_group,7,in,g g g h h h i i i j j j k k k l l l m m m,0
2572,nocopy_20,a r c d e b,a r c d e f,y s h u v,y s t u v,unseen alphabets,a r c d e f g h i j p l m n o b q y s t u v w x k z,5,fix_alphabetic_seq,5,in,h s t u v,0
2573,nocopy_20,g b d b e b f b s b s b h b i,g b d b e b f b s b h b i,w w l w m w m w n w o w p,w w l w m w n w o w p,seen alphabets,a b g d e f s h i j w l m n o p q r k t u v c x y z,5,rr_interleave,13,in,d d d e e e f f f g g g b b b i i i y y y,0
2574,nocopy_20,k n c e,k n c e y,a a a g g g h h h i i i j j j d d d,a a a g g g h h h i i i j j j d d d l l l,unseen alphabets,k n c e y a g h i j d l m f o t q r s b u v w x p z,10,extend_group,6,out-of,a a a g g g h h h i i i j j j k k k l l l,0
2575,nocopy_20,y f,y z,b c d,n c d,seen alphabets,u n c d a o g h x j b l m k i p q r s t f v w e y z,10,fix_alphabetic_seq,3,in,d c b,0
2576,nocopy_20,k j l j j j n j o j p j q,k j l j r j n j o j p j q,g f h f i f m f k f z,g f h f i f m f k f l,seen alphabets,a b u d e f g h i m k l r n o p q c s t j v w x y z,5,fix_interleave,11,out-of,l j m j n j o j p j q j r f,0
2577,nocopy_20,h u v,c u v d,h u v d o y,c u v d o y q,unseen alphabets,x r l b g t e s i j k n m w f p a c h u v d o y q z,20,extend_pred,6,out-of,h v e k l m,0
2578,nocopy_20,a b e u c f g,a b c u e f g,l k m n,k l m n,seen alphabets,a b c u e f g h i j k l m n o p q r s t d v w x y z,2,sort,4,in,k l m n,1
2579,nocopy_20,b s t d,y s t d,u a m,k a m,unseen alphabets,u q h c p n r v g f k a m w i l j y s t d b o x e z,20,fix_alphabetic_seq,3,in,u d m,0
2580,nocopy_20,n o p q h,n o p q h s,l m n,l m n o,seen alphabets,a b c d x f g i r j k l m n o p q h s t u v w e y z,5,extend_sequence,3,in,l m n o,1
2581,nocopy_20,n o p q x,n o p q x n o p q x,n o p q x s,n o p q x s n o p q x s,seen alphabets,a b c z j f g h v e k l m n o p q x s t u i y w d r,10,replicate,6,out-of,n o p q x s t,0
2582,nocopy_20,s c d e f g b,h c d e f g b,d e f g b i c,d e f g b i y,seen alphabets,a h c d e f g b i y k l m n o p q r s t u j w x v z,5,fix_alphabetic_seq,7,in,d e f g b i y,1
2583,nocopy_20,h i i j,h i k,b b m d e,b m d f,seen alphabets,a b m d e f g h i j k l c n o p q r s t u v w x y z,2,rr_succ,5,in,b m d e,0
2584,nocopy_20,q q r r k k t t u u v v,q q r r k k t t u u v v c c,e e f f s s h h i i,e e f f s s h h i i j j,seen alphabets,a b g d e f s h i j w l m n o p q r k t u v c x y z,5,extend_group,10,out-of,r r k k t t u u v v c c e e f f f f r r r,0
2585,nocopy_20,d i f a,c i f a,q r s t u v w,p r s t u v w,unseen alphabets,o b c d i f a h e j k l m n g p q r s t u v w x y z,5,pred,7,in,p r s t u v w,1
2586,nocopy_20,q q q r r r s s s,q q q r r r s s s t t t,n n o o p p q q r r,n n o o p p q q r r s s,seen alphabets,a h c d e f g b i y k l m n o p q r s t u j w x v z,5,extend_group,10,out-of,s s t t f f n n o o p p q q r r r,0
2587,nocopy_20,r f p a c,w f p a c,c h r,c h u,unseen alphabets,x r l b g t e s i j k n m w f p a c h u v d o y q z,20,fix_alphabetic_seq,3,in,c h l,0
2588,nocopy_20,r j k g g f,r j k g q,n n i b h,n i b a,seen alphabets,m r j k g f q n i b h a w d o p v x s l c e y u t z,20,rr_succ,5,in,n i b h,0
2589,nocopy_20,q c s t j r w,q c s t j v w x,k a r n,k l r n o,seen alphabets,a b u d e f g h i m k l r n o p q c s t j v w x y z,5,fix_extend,4,in,k l r n o,1
2590,nocopy_20,b m l k,b l m k,r f t s,r s t f,seen alphabets,u n c d a o g h x j b l m k i p q r s t f v w e y z,10,sort,4,in,r s t f,1
2591,nocopy_20,e r z z,e r j,r r z j,r z u,unseen alphabets,d s p a x f g h m i k e r z j u b q t n c v o w y l,20,rr_succ,4,in,r z j,0
2592,nocopy_20,c c n o,c n o,b m m d,b m d,seen alphabets,a b m d e f g h i j k l c n o p q r s t u v w x y z,2,remove_redundant,4,in,b m d,1
2593,nocopy_20,g h o j k l,f h o j k m,q r s e u,p r s e v,seen alphabets,a b c d e f g h i j k l m n o p q r s t u v w x z y,2,fix_pred_succ,5,out-of,q r s t u,0
2594,nocopy_20,l f t f n f o f p,l f m f n f o f p,j y k y l y r,j y k y l y m,seen alphabets,a b c d g f e h i j k l m n o p q r s t u v w x y z,2,fix_interleave,7,out-of,f y j y k y l y r,0
2595,nocopy_20,q r o t u,p r o t v,s z u v,r z u w,seen alphabets,a b c d e f g h i j k l m n o p q r s t u v w x y z,1,fix_pred_succ,4,out-of,s t u v,0
2596,nocopy_20,r r s w u v b x,r s b u v w x,m m f o,m f o,unseen alphabets,k n c e y a g h i j d l m f o t q r s b u v w x p z,10,rr_sort,4,out-of,m n o,0
2597,nocopy_20,e f g h,e f g h i p,j p l m n o b,j p l m n o b q s,unseen alphabets,a r c d e f g h i j p l m n o b q y s t u v w x k z,5,extend_extend_succ,7,out-of,j k l m n o p,0
2598,nocopy_20,t j u t w,t u j w,y l k m m,y k l m,seen alphabets,a h c d e f g b i y k l m n o p q r s t u j w x v z,5,rr_sort,5,out-of,y k l m,1
2599,nocopy_20,k k i i l l,k k i i l l m m,q q q o o o s s s t t t,q q q o o o s s s t t t f f f,seen alphabets,a b c u e v g h d k i l m j r p q o s t f n w x y z,10,extend_group,12,out-of,q q q o o o s s s t t t,0
2600,nocopy_20,k t f n d h o,k t f n d j o,e y h,e c h,seen alphabets,a e c h x l g r q y k t f n d j o i w u v b m p s z,20,fix_alphabetic_seq,3,in,e y z,0
2601,nocopy_20,i j k,k j i,d e b g h i,i h g b e d,unseen alphabets,a f c d e b g h i j k l m n o p q r s t u v w x y z,2,reverse,6,out-of,d e f g h i,0
2602,nocopy_20,g c d e f r h,r c d e f g h,g g c c d d e e f f r r h h,r r c c d d e e f f g g h h,unseen alphabets,a r c d e f g h i j p l m n o b q y s t u v w x k z,5,sort_group,7,in,z h c c d d e e f f g g h h,0
2603,nocopy_20,h u v d,c u v d o,t e s,g e s i,unseen alphabets,x r l b g t e s i j k n m w f p a c h u v d o y q z,20,extend_pred,3,out-of,t g z m,0
2604,nocopy_20,n o p q r s s t,n o p q r s t,h h c d e f g,h c d e f g,seen alphabets,a h c d e f g b i y k l m n o p q r s t u j w x v z,5,remove_redundant,7,in,h c d e f g,1
2605,nocopy_20,u u v w x,u v w x,a b c d e e f g,a b c d e f g,seen alphabets,a b c d e f g h i j k l m n o p q r s t u v w x y z,1,remove_redundant,8,in,a b c d e f h,0
2606,nocopy_20,u c t c w c x c y c z,u c v c w c x c y c z,n b h b i b j b k,g b h b i b j b k,seen alphabets,a b c d e f g h i j k l m n o p q r s t u v w x y z,1,fix_interleave,9,out-of,b b c c z b j j k k l l c c,0
2607,nocopy_20,w d o o p v,w d o p v,y u u t,y u t,seen alphabets,m r j k g f q n i b h a w d o p v x s l c e y u t z,20,remove_redundant,4,in,y u z,0
2608,nocopy_20,r s t u u e w x,r s t u e w x,s t u u,s t u,unseen alphabets,a c b v d f g h i j k l m n o p q r s t u e w x y z,5,remove_redundant,4,in,s t v,0
2609,nocopy_20,r c d e f g h,a c d e f g h i,n o b q y s t,m o b q y s t u,unseen alphabets,a r c d e f g h i j p l m n o b q y s t u v w x k z,5,extend_pred,7,out-of,n o p q r s t u,0
2610,nocopy_20,v w x,u w x,q r s b u v w,t r s b u v w,unseen alphabets,k n c e y a g h i j d l m f o t q r s b u v w x p z,10,pred,7,in,q r s t u v e,0
2611,nocopy_20,a l m n,f l m g,d y f,c y a,unseen alphabets,o b c d i f a h e j k l m n g p q r s t u v w x y z,5,fix_pred_succ,3,out-of,d e f,0
2612,nocopy_20,s o u,i q t,e f a z,g r k w,seen alphabets,l d c b e f a z g r k w n y s o u i q t h v x p m j,20,shift,4,out-of,e f a g,0
2613,nocopy_20,u v z x,u v w x,u s w x k,u v w x k,unseen alphabets,a r c d e f g h i j p l m n o b q y s t u v w x k z,5,fix_alphabetic_seq,5,in,u v w x,0
2614,nocopy_20,r n o p q c j,r n o p q c s t,y g h i m k,f g h i m k l,seen alphabets,a b u d e f g h i m k l r n o p q c s t j v w x y z,5,fix_extend,6,in,f g h i m k l,1
2615,nocopy_20,m z n z i z e,m z n z o z e,l o i o j o v o p,l o i o j o k o p,seen alphabets,a b c d q f g l i j k p m n o e h r s t u v w x y z,5,fix_interleave,9,out-of,l o i o j o k o p,1
2616,nocopy_20,g h i d k l,f h i d k r,s t j l w x y,c t j l w x z,seen alphabets,a b u d e f g h i m k l r n o p q c s t j v w x y z,5,fix_pred_succ,7,out-of,s t j v w x y,0
2617,nocopy_20,c u e f g h i,j k l m n o p,u e f g h,i j k l m,seen alphabets,a b c u e f g h i j k l m n o p q r s t d v w x y z,2,shift,5,out-of,u e f g i,0
2618,nocopy_20,l k k m,k l m,l k k j,j k l,seen alphabets,a b c d g f e h i j k l m n o p q r s t u v w x y z,2,rr_sort,4,out-of,l i j,0
2619,nocopy_20,m l k n n,k l m n,e f f g,e f g,seen alphabets,a z c d e f g h i j k l m n o p q r s t u v w x y b,2,rr_sort,4,out-of,e f g,1
2620,nocopy_20,g l l i j k p m,g l i j k p n,r s t t u v w,r s t u v x,seen alphabets,a b c d q f g l i j k p m n o e h r s t u v w x y z,5,rr_succ,7,in,r s t u v w,0
2621,nocopy_20,q r s t,q r s u,h i n k l m w,h i n k l m f,unseen alphabets,x b c d e v g h i n k l m w f p q r s t u z a y j o,10,succ,7,in,h i m k l r n,0
2622,nocopy_20,y s o u i,n s o u i,w n y s o u,k n y s o u,seen alphabets,l d c b e f a z g r k w n y s o u i q t h v x p m j,20,pred,6,in,k n y s o u,1
2623,nocopy_20,q z u,q z w,m k o p q z w,m n o p q z w,seen alphabets,h s r d e f g b i j k l m n o p q z w t c v y x a u,10,fix_alphabetic_seq,7,in,m n o p q z w,1
2624,nocopy_20,a a f c d e b,a f c d e b,g u h u i u i u j,g u h u i u j,unseen alphabets,a f c d e b g h i j k l m n o p q r s t u v w x y z,2,rr_interleave,5,in,g u h u i u j,1
2625,nocopy_20,m n o,p q r,h i j y l,m n o p q,unseen alphabets,g b c d e f s h i j y l m n o p q r k t u v w x a z,5,shift,5,out-of,h i j k l,0
2626,nocopy_20,y s o,y s o u q,a z g,a z g r w,seen alphabets,l d c b e f a z g r k w n y s o u i q t h v x p m j,20,extend_extend_succ,3,out-of,a z r,0
2627,nocopy_20,i j k l m n o,i j k l m n o p,q r s t d,q r s t d v,seen alphabets,a b c u e f g h i j k l m n o p q r s t d v w x y z,2,extend_sequence,5,in,q r s t d v,1
2628,nocopy_20,n o r q p s,n o p q r s,g k i j h l,g h i j k l,seen alphabets,a z c d e f g h i j k l m n o p q r s t u v w x y b,2,sort,6,in,g h i j k l,1
2629,nocopy_20,k l m n o p q,j l m n o p q z,m n o,l n o p,seen alphabets,h s r d e f g b i j k l m n o p q z w t c v y x a u,10,extend_pred,3,out-of,m n o p,0
2630,nocopy_20,p q r s,t u j w,e f g b,i y k l,seen alphabets,a h c d e f g b i y k l m n o p q r s t u j w x v z,5,shift,4,out-of,e f g i,0
2631,nocopy_20,g h i,f h i,s t j,c t j,seen alphabets,a b u d e f g h i m k l r n o p q c s t j v w x y z,5,pred,3,in,c t j,1
2632,nocopy_20,f g q i,f g h i,k l r n i p q,k l r n o p q,seen alphabets,a b u d e f g h i m k l r n o p q c s t j v w x y z,5,fix_alphabetic_seq,7,in,m l r n o p q,0
2633,nocopy_20,h i j,h i j d,r r s s b b u u v v w w,r r s s b b u u v v w w x x,unseen alphabets,k n c e y a g h i j d l m f o t q r s b u v w x p z,10,extend_group,6,out-of,r r s s t t u u v v w w e,0
2634,nocopy_20,m i k e r r z,m i k e r z,f g h m m,f g h m,unseen alphabets,d s p a x f g h m i k e r z j u b q t n c v o w y l,20,remove_redundant,5,in,f g h i,0
2635,nocopy_20,q j r p,m j r p q,g h w,g h d k,seen alphabets,a b c u e v g h d k i l m j r p q o s t f n w x y z,10,fix_extend,3,in,g h d k,1
2636,nocopy_20,l t e s,g t e s,n z m z l,n z m z w,unseen alphabets,x r l b g t e s i j k n m w f p a c h u v d o y q z,20,fix_interleave,3,out-of,l l m m n,0
2637,nocopy_20,d k n o p i c,f k n o p i c,k n o p,d n o p,unseen alphabets,a b m j e r g h q l f d k n o p i c s t u v w x y z,10,pred,4,in,m n o p,0
2638,nocopy_20,i w k p m n,i j k p m n,m n a e h r s,m n o e h r s,seen alphabets,a b c d q f g l i j k p m n o e h r s t u v w x y z,5,fix_alphabetic_seq,7,in,m n o e h r s,1
2639,nocopy_20,e f g h i m k,e f g h i m k e f g h i m k,j v w x y z,j v w x y z j v w x y z,seen alphabets,a b u d e f g h i m k l r n o p q c s t j v w x y z,5,replicate,6,out-of,f g h i j k l m,0
2640,nocopy_20,m s o p q,m n o p q,y b i,g b i,seen alphabets,h s r d e f g b i j k l m n o p q z w t c v y x a u,10,fix_alphabetic_seq,3,in,g b i,1
2641,nocopy_20,j k l m y,j k l m y o,q q q t t t c c c d d d e e e,q q q t t t c c c d d d e e e i i i,unseen alphabets,q t c d e i p h b j k l m y o a f r s n u v w x g z,10,extend_group,5,out-of,q q q t t t c c c d d d e e e,0
2642,nocopy_20,w l m n o,j l m n o,s h i j w,f h i j w,seen alphabets,a b g d e f s h i j w l m n o p q r k t u v c x y z,5,pred,5,in,f h i j w,1
2643,nocopy_20,n b n l,l b n,m m a c d,a m c d,unseen alphabets,a m c d e f g h i j k l b n o p q r s t u v w x y z,2,rr_sort,5,out-of,m a h,0
2644,nocopy_20,i z i z j z w z l,i z j z w z l,a d b d g d d d d d e,a d b d g d d d e,seen alphabets,a b g d e f s h i j w l m n o p q r k t u v c x y z,5,rr_interleave,11,in,a d b d g d d d e,1
2645,nocopy_20,g f p f q f j f k f l f m,g f p f i f j f k f l f m,k i l i e,k i l i m,seen alphabets,a s r d u f g p i j k l m n o h q b c t z e w x y v,10,fix_interleave,5,out-of,i f j f k f l f m f n f o,0
2646,nocopy_20,t f v w e,t f v w e y,g h x j b l m,g h x j b l m k,seen alphabets,u n c d a o g h x j b l m k i p q r s t f v w e y z,10,extend_sequence,7,in,g h x j b l m k,1
2647,nocopy_20,g b b i,g b i,j m l m k n o p,j k l m n o p,seen alphabets,h s r d e f g b i j k l m n o p q z w t c v y x a u,10,rr_sort,8,out-of,j m k m l,0
2648,nocopy_20,q r s m u v w,p r s m u v w x,i j k l t n,h j k l t n o,unseen alphabets,a b c d e f g h i j k l t n o p q r s m u v w x y z,2,extend_pred,6,out-of,i j k l m n o,0
2649,nocopy_20,s t f,s t u,t u v d e,t u v w e,seen alphabets,a b c d x f g i r j k l m n o p q h s t u v w e y z,5,fix_alphabetic_seq,5,in,t u v w e,1
2650,nocopy_20,r s t u v w w,r s t u v w,f f f f g f h f b,f f g f h f b,unseen alphabets,a i c d e f g h b j k l m n o p q r s t u v w x y z,2,rr_interleave,5,in,f f g f h f i,0
2651,nocopy_20,w d o p v x,x v p o d w,x s l c e y u,u y e c l s x,seen alphabets,m r j k g f q n i b h a w d o p v x s l c e y u t z,20,reverse,7,out-of,v s l c e y u,0
2652,nocopy_20,j k s,j k l t,t n o p q g,t n o p q r s,unseen alphabets,a b c d e f g h i j k l t n o p q r s m u v w x y z,2,fix_extend,6,in,n o p q z w,0
2653,nocopy_20,q v s t u r,q r s t u v,j j m m l l k k n n,j j k k l l m m n n,unseen alphabets,o b c d i f a h e j k l m n g p q r s t u v w x y z,5,sort_group,5,in,j j k k l l m m n n,1
2654,nocopy_20,n n o p q r s t,n o p q r s u,c c d e f g b,c d e f g i,seen alphabets,a h c d e f g b i y k l m n o p q r s t u j w x v z,5,rr_succ,7,in,c d e f g b,0
2655,nocopy_20,n c v t,t c v n,b q m n c,u q m n v,unseen alphabets,d s p a x f g h m i k e r z j u b q t n c v o w y l,20,fix_pred_succ,5,out-of,q b c t,0
2656,nocopy_20,l e t s,l e t s q,u j p,u j p c,unseen alphabets,r d v i o f g m y b w n h u j p c l e t s q a x k z,20,extend_sequence,3,in,j o p r,0
2657,nocopy_20,y x z,x y z,o t s,o s t,seen alphabets,a b c u e v g h d k i l m j r p q o s t f n w x y z,10,sort,3,in,o s t,1
2658,nocopy_20,f g h i i j k,f g h i j k,k t k t l t b t n t o,k t l t b t n t o,unseen alphabets,a m c d e f g h i j k l b n o p q r s t u v w x y z,2,rr_interleave,6,in,k t l t m t n t o,0
2659,nocopy_20,s t u v w x,r t u v w x y,t u v w x,s u v w x y,seen alphabets,a b m d e f g h i j k l c n o p q r s t u v w x y z,2,extend_pred,5,out-of,t u v w x y,0
2660,nocopy_20,f g l l,f g i,r s t t u v w,r s t u v x,seen alphabets,a b c d q f g l i j k p m n o e h r s t u v w x y z,5,rr_succ,7,in,r s t u v w,0
2661,nocopy_20,a b c d d e,a b c d f,b b c d,b c e,seen alphabets,a b c d e f g h i j k l m n o p q r s t u v w x z y,2,rr_succ,4,in,b c d,0
2662,nocopy_20,s w x,v w x y,c s t p v,c s t u v w,unseen alphabets,a b m j e r g h q l f d k n o p i c s t u v w x y z,10,fix_extend,5,in,c s t j v w,0
2663,nocopy_20,f g b,e g b,l m n o p q z,k m n o p q z,seen alphabets,h s r d e f g b i j k l m n o p q z w t c v y x a u,10,pred,7,in,k m n o p q z,1
2664,nocopy_20,t n c,t n c v,e e r r z z j j,e e r r z z j j u u,unseen alphabets,d s p a x f g h m i k e r z j u b q t n c v o w y l,20,extend_group,4,out-of,e e j j o o p,0
2665,nocopy_20,o j p p r g,j o p r g,m w w n s,m n w s,seen alphabets,x l c v z t q h i a k b f e j o p r g y u d m n w s,20,rr_sort,5,out-of,m w s,0
2666,nocopy_20,e x h c,e c h x,k t f d n j o,k t f n d j o,seen alphabets,a e c h x l g r q y k t f n d j o i w u v b m p s z,20,sort,7,in,y t f n d j o,0
2667,nocopy_20,j h i g d l,g h i j d l,x v w u p,u v w x p,unseen alphabets,k n c e y a g h i j d l m f o t q r s b u v w x p z,10,sort,5,in,u v w x p,1
2668,nocopy_20,e s t j v w x,c s t j v w x,l r k o p,l r n o p,seen alphabets,a b u d e f g h i m k l r n o p q c s t j v w x y z,5,fix_alphabetic_seq,5,in,l r k i p,0
2669,nocopy_20,p g x f a,p a x f g,z z r r e e j j,e e r r z z j j,unseen alphabets,d s p a x f g h m i k e r z j u b q t n c v o w y l,20,sort_group,4,in,e e j j r r,0
2670,nocopy_20,k a m m w i l,k a m w i l,r v v g,r v g,unseen alphabets,u q h c p n r v g f k a m w i l j y s t d b o x e z,20,remove_redundant,4,in,r v g,1
2671,nocopy_20,s t u,s t u v,m n o p q r s,m n o p q r s t,unseen alphabets,f b c d e a g h i j k l m n o p q r s t u v w x y z,2,extend_sequence,7,in,m n o p q r s t,1
2672,nocopy_20,j e l m n o,j k l m n o,d e v,d e b,unseen alphabets,a f c d e b g h i j k l m n o p q r s t u v w x y z,2,fix_alphabetic_seq,3,in,d e g,0
2673,nocopy_20,k k l m n p o,k l m n o p,d e e f j h i g,d e f g h i j,seen alphabets,a b c d e f g h i j k l m n o p q r s t u v w x y z,1,rr_sort,8,out-of,d e f g h i j,1
2674,nocopy_20,p v x s,o v x s l,q n i b h a w,f n i b h a w d,seen alphabets,m r j k g f q n i b h a w d o p v x s l c e y u t z,20,extend_pred,7,out-of,q n i b h a w d,0
2675,nocopy_20,i b j b n b l b m,i b j b k b l b m,a j z j p j d j e,a j z j c j d j e,seen alphabets,a z c d e f g h i j k l m n o p q r s t u v w x y b,2,fix_interleave,9,out-of,m j t j z j e,0
2676,nocopy_20,u n q,u q n,n n n u u u q q q b b b x x x,b b b u u u q q q n n n x x x,unseen alphabets,e d r c z m a f i j h y w l o g v p s b u q n x k t,20,sort_group,5,in,u u u n n n x x x q q q b b b,0
2677,nocopy_20,t u e w,s u e x,h i j k z m,g i j k z n,seen alphabets,a z c d e f g h i j k l m n o p q r s t u v w x y b,2,fix_pred_succ,6,out-of,h i j k l m,0
2678,nocopy_20,p k j,p i j k,t z e k,t z e w x,seen alphabets,a s r d u f g p i j k l m n o h q b c t z e w x y v,10,fix_extend,4,in,t z e w x,1
2679,nocopy_20,k t u v w x a,k t u v w x z,e f s,e f h,unseen alphabets,g b c d e f s h i j y l m n o p q r k t u v w x a z,5,succ,3,in,e f h,1
2680,nocopy_20,n o o p q r s,n o p q r s,x y y z,x y z,seen alphabets,a b m d e f g h i j k l c n o p q r s t u v w x y z,2,remove_redundant,4,in,x y z,1
2681,nocopy_20,j k l m,r k l m,i r j k,g r j k,seen alphabets,a b c d x f g i r j k l m n o p q h s t u v w e y z,5,pred,4,in,g r j k,1
2682,nocopy_20,j z r u,r z j u,e u z j r b,e r z j u b,unseen alphabets,d s p a x f g h m i k e r z j u b q t n c v o w y l,20,sort,6,in,e j o m b,0
2683,nocopy_20,n o p q h s t,n o p q h s u,x f g i r j,x f g i r k,seen alphabets,a b c d x f g i r j k l m n o p q h s t u v w e y z,5,succ,6,in,d f g i r j,0
2684,nocopy_20,e g f,d g f e,g k l,j k l m,seen alphabets,a b c d g f e h i j k l m n o p q r s t u v w x y z,2,fix_extend,3,in,j k l m,1
2685,nocopy_20,g h b j k l,g h b j k l m o,n o p q r s,n o p q r s t v,unseen alphabets,a i c d e f g h b j k l m n o p q r s t u v w x y z,2,extend_extend_succ,6,out-of,m o p q r s,0
2686,nocopy_20,h i j k l m n,h i j k l m n h i j k l m n,b v d f g,b v d f g b v d f g,unseen alphabets,a c b v d f g h i j k l m n o p q r s t u e w x y z,5,replicate,5,out-of,i j k l m n o h,0
2687,nocopy_20,g h m j k l i,g h i j k l m,k l m q o p n,k l m n o p q,seen alphabets,a z c d e f g h i j k l m n o p q r s t u v w x y b,2,sort,7,in,k l m n o p q,1
2688,nocopy_20,v i o f,g m y b,m y b w n h u,j p c l e t s,unseen alphabets,r d v i o f g m y b w n h u j p c l e t s q a x k z,20,shift,7,out-of,w y b m n w,0
2689,nocopy_20,v w x p,u w x p z,f o t q,m o t q r,unseen alphabets,k n c e y a g h i j d l m f o t q r s b u v w x p z,10,extend_pred,4,out-of,q o s t f,0
2690,nocopy_20,h i j k l m,m l k j i h,n o p q,q p o n,unseen alphabets,a c b v d f g h i j k l m n o p q r s t u e w x y z,5,reverse,4,out-of,m o p q,0
2691,nocopy_20,d j o i w,d j o i u,h x l,h x g,seen alphabets,a e c h x l g r q y k t f n d j o i w u v b m p s z,20,succ,3,in,c x l,0
2692,nocopy_20,r q y k t,r q y k t r q y k t,m p s z,m p s z m p s z,seen alphabets,a e c h x l g r q y k t f n d j o i w u v b m p s z,20,replicate,4,out-of,m p s z j,0
2693,nocopy_20,y p u p u p d p m p n,y p u p d p m p n,i f a f k f b f f f e f e,i f a f k f b f f f e,seen alphabets,x l c v z t q h i a k b f e j o p r g y u d m n w s,20,rr_interleave,13,in,d d d m e e f f f a a v z z,0
2694,nocopy_20,p q r,o q r s,t u v w,s u v w x,unseen alphabets,a i c d e f g h b j k l m n o p q r s t u v w x y z,2,extend_pred,4,out-of,t u v w x,0
2695,nocopy_20,o p q q r s,o p q r s,r s s t u,r s t u,seen alphabets,a b c d e f g h i j k l m n o p q r s t u v w x y z,1,remove_redundant,5,in,r s t u,1
2696,nocopy_20,a b c u,e f g h,i j k l,m n o p,seen alphabets,a b c u e f g h i j k l m n o p q r s t d v w x y z,2,shift,4,out-of,h j k l,0
2697,nocopy_20,s r d e f g,h r d e f g b,b i j k,g i j k l,seen alphabets,h s r d e f g b i j k l m n o p q z w t c v y x a u,10,extend_pred,4,out-of,b i j k l,0
2698,nocopy_20,n p o n,n o p,u k t r u v,r k t u v,unseen alphabets,g b c d e f s h i j y l m n o p q r k t u v w x a z,5,rr_sort,6,out-of,r k t u v,1
2699,nocopy_20,p p p q q q x x x s s s t t t u u u i i i,p p p q q q x x x s s s t t t u u u i i i y y y,n n o o p p q q,n n o o p p q q x x,seen alphabets,a b c z j f g h v e k l m n o p q x s t u i y w d r,10,extend_group,8,out-of,n n n o o o p p p q q q x x x s s s t t t,0
2700,nocopy_20,y w x,v w x y,b c d e h,b c d e f g,unseen alphabets,a b c d e f g h i j k l t n o p q r s m u v w x y z,2,fix_extend,5,in,b c d e f g,1
2701,nocopy_20,m c d g,m c d e,g x u x v x w x x x y,t x u x v x w x x x y,unseen alphabets,a m c d e f g h i j k l b n o p q r s t u v w x y z,2,fix_interleave,6,out-of,u x v x w x x x y,0
2702,nocopy_20,n x d x j x o x v x w,n x d x j x o x i x w,j v d v i v w v u v v,j v o v i v w v u v v,seen alphabets,a e c h x l g r q y k t f n d j o i w u v b m p s z,20,fix_interleave,11,out-of,d d d j j j o o o i i i w w w u u u v v v,0
2703,nocopy_20,j k l m n o p,j k l m n o q,f g h i j k l,f g h i j k m,unseen alphabets,a c b v d f g h i j k l m n o p q r s t u e w x y z,5,succ,7,in,e g h i j k l,0
2704,nocopy_20,u j w x v z,u v w x j z,h h e e f f g g d d p p,d d e e f f g g h h p p,unseen alphabets,a y c d e f g h p b k l m n o i q r s t u v w x j z,5,sort_group,6,in,d d e e f f g g h h d d,0
2705,nocopy_20,h u j p,p j u h,b w n h u,u h n w b,unseen alphabets,r d v i o f g m y b w n h u j p c l e t s q a x k z,20,reverse,5,out-of,b h a w u,0
2706,nocopy_20,c d e f g h i,i h g f e d c,u v w x,x w v u,seen alphabets,a z c d e f g h i j k l m n o p q r s t u v w x y b,2,reverse,4,out-of,u v w y,0
2707,nocopy_20,e h r s s t u,e h r s t u,t u v v w x y z,t u v w x y z,seen alphabets,a b c d q f g l i j k p m n o e h r s t u v w x y z,5,remove_redundant,8,in,t u v w x y z,1
2708,nocopy_20,o n m p,m n o p,z j v g h f,z j f g h v,seen alphabets,a b c z j f g h v e k l m n o p q x s t u i y w d r,10,sort,6,in,z j f g h v,1
2709,nocopy_20,v d h i,e d h n,f p q y s,w p q y t,unseen alphabets,x b c d e v g h i n k l m w f p q r s t u z a y j o,10,fix_pred_succ,5,out-of,i p q y s,0
2710,nocopy_20,l f d k k n o,l f d k n o,k n k n n n o,k n n n o,unseen alphabets,a b m j e r g h q l f d k n o p i c s t u v w x y z,10,rr_interleave,4,in,k n l n o,0
2711,nocopy_20,o p q r,o p q r s,d e f g,d e f g h,unseen alphabets,a m c d e f g h i j k l b n o p q r s t u v w x y z,2,extend_sequence,4,in,d e f g h,1
2712,nocopy_20,s r d e f g g,s r d e f g,o p q z z w t,o p q z w t,seen alphabets,h s r d e f g b i j k l m n o p q z w t c v y x a u,10,remove_redundant,7,in,o p q z w c,0
2713,nocopy_20,a s r q,a s r d,l c n o h q,l m n o h q,seen alphabets,a s r d u f g p i j k l m n o h q b c t z e w x y v,10,fix_alphabetic_seq,6,in,l c n o h b,0
2714,nocopy_20,t w x y,v w x y z,o p q r b t,o p q r s t u,seen alphabets,a b c d g f e h i j k l m n o p q r s t u v w x y z,2,fix_extend,6,in,o p q r s t u,1
2715,nocopy_20,d d d e e e f f f g g g b b b i i i,d d d e e e f f f g g g b b b i i i j j j,t t c c v v y y x x a a,t t c c v v y y x x a a u u,seen alphabets,h s r d e f g b i j k l m n o p q z w t c v y x a u,10,extend_group,12,out-of,c c c d d d e e e f f f g g g b b b i i i,0
2716,nocopy_20,q r s t u,q r s t v,d i f a h,d i f a e,unseen alphabets,o b c d i f a h e j k l m n g p q r s t u v w x y z,5,succ,5,in,d e f g h,0
2717,nocopy_20,f p n,f q n i,g f q n i b l,g f q n i b h a,seen alphabets,m r j k g f q n i b h a w d o p v x s l c e y u t z,20,fix_extend,7,in,g f q n i b h a,1
2718,nocopy_20,i u j u j u k u l u m u n u o,i u j u k u l u m u n u o,h b q b b b b b c b t b z b e,h b q b b b c b t b z b e,seen alphabets,a s r d u f g p i j k l m n o h q b c t z e w x y v,10,rr_interleave,15,in,j b b k l b m m b n c b u u e e b b c c c,0
2719,nocopy_20,k o p,n o p q,n o s q r k,n o p q r k t,seen alphabets,a b g d e f s h i j w l m n o p q r k t u v c x y z,5,fix_extend,6,in,n o p q r k t,1
2720,nocopy_20,j w l m n o p,i w l m n o p q,j w l m,i w l m n,seen alphabets,a b g d e f s h i j w l m n o p q r k t u v c x y z,5,extend_pred,4,out-of,j w l m n,0
2721,nocopy_20,p k b,p b k,h h h l l l b b b k k k p p p m m m n n n,h h h p p p b b b k k k l l l m m m n n n,unseen alphabets,a y c d e f g h p b k l m n o i q r s t u v w x j z,5,sort_group,7,in,h h h d k k i i k l l l m m m n n n,0
2722,nocopy_20,f g h i i,f g h j,b b m d e,b m d f,seen alphabets,a b m d e f g h i j k l c n o p q r s t u v w x y z,2,rr_succ,5,in,b m d e,0
2723,nocopy_20,j j j g g g p p p r r r o o o y y y u u u,j j j o o o p p p r r r g g g y y y u u u,s s s w w w,w w w s s s,seen alphabets,x l c v z t q h i a k b f e j o p r g y u d m n w s,20,sort_group,6,in,j j j o o o p p p r r r g g g y y y u u u,0
2724,nocopy_20,y o y m,m o y,d d v f h r a,d v f r h a,seen alphabets,q k i d v f r h a l e b x c n w j p s t g z m o y u,20,rr_sort,7,out-of,d v f r h a,1
2725,nocopy_20,g h v e k l m,g h v e k l m g h v e k l m,x s t u,x s t u x s t u,seen alphabets,a b c z j f g h v e k l m n o p q x s t u i y w d r,10,replicate,4,out-of,h v e k l m n o,0
2726,nocopy_20,h b j k l m,h b j k l m h b j k l m,m y o,m y o m y o,unseen alphabets,q t c d e i p h b j k l m y o a f r s n u v w x g z,10,replicate,3,out-of,k l m n o p,0
2727,nocopy_20,r s s t u,r s t v,n n o p q r,n o p q s,seen alphabets,a b c d e f g h i j k l m n o p q r s t u v w x z y,2,rr_succ,6,in,n o p q s,1
2728,nocopy_20,g h x,o h x,k i p q,m i p q,seen alphabets,u n c d a o g h x j b l m k i p q r s t f v w e y z,10,pred,4,in,m i p q,1
2729,nocopy_20,o f g m y,o f g m y o f g m y,t s q a x k,t s q a x k t s q a x k,unseen alphabets,r d v i o f g m y b w n h u j p c l e t s q a x k z,20,replicate,6,out-of,t q h i a k b,0
2730,nocopy_20,k p m n o e h,k p m n o e r,a b c d q f g,a b c d q f l,seen alphabets,a b c d q f g l i j k p m n o e h r s t u v w x y z,5,succ,7,in,a b c d q f l,1
2731,nocopy_20,f i h s j,f s h i j,c c c b b b d d d e e e f f f s s s,b b b c c c d d d e e e f f f s s s,unseen alphabets,g b c d e f s h i j y l m n o p q r k t u v w x a z,5,sort_group,6,in,c c c d d d e e e f f f s s s,0
2732,nocopy_20,c d e f g h p,c d e f g h p b,r s t u v,r s t u v w,unseen alphabets,a y c d e f g h p b k l m n o i q r s t u v w x j z,5,extend_sequence,5,in,r s t u v w,1
2733,nocopy_20,y s o u u,y s o i,z g g r k w n y,z g r k w n s,seen alphabets,l d c b e f a z g r k w n y s o u i q t h v x p m j,20,rr_succ,8,in,z g r k w n s,1
2734,nocopy_20,i i d d v v,i i d d v v f f,h h a a l l,h h a a l l e e,seen alphabets,q k i d v f r h a l e b x c n w j p s t g z m o y u,20,extend_group,6,out-of,h h a a l l,0
2735,nocopy_20,v p s b u q,q u b s p v,y w l o g,g o l w y,unseen alphabets,e d r c z m a f i j h y w l o g v p s b u q n x k t,20,reverse,5,out-of,y w d o g,0
2736,nocopy_20,f d k n o,p i c s t,d k n,o p i,unseen alphabets,a b m j e r g h q l f d k n o p i c s t u v w x y z,10,shift,3,out-of,d k i,0
2737,nocopy_20,s t u,s t u s t u,p q r s,p q r s p q r s,seen alphabets,a b c d e f g h i j k l m n o p q r s t u v w x y z,1,replicate,4,out-of,p q r s t,0
2738,nocopy_20,m n o p q,r s t u v,l m n,o p q,unseen alphabets,a i c d e f g h b j k l m n o p q r s t u v w x y z,2,shift,3,out-of,l m o,0
2739,nocopy_20,m d e f g h i,j k l c n o p,h i j k l c n,o p q r s t u,seen alphabets,a b m d e f g h i j k l c n o p q r s t u v w x y z,2,shift,7,out-of,h i j k l c o,0
2740,nocopy_20,e v g h i n,e v g h i n k,i i i n n n k k k,i i i n n n k k k l l l,unseen alphabets,x b c d e v g h i n k l m w f p q r s t u z a y j o,10,extend_group,3,out-of,i i i m m m k k k,0
2741,nocopy_20,a b c d e f g,a b c d e f g h j,b c d e f,b c d e f g i,seen alphabets,a b c d e f g h i j k l m n o p q r s t u v w x z y,2,extend_extend_succ,5,out-of,b c d e f g,0
2742,nocopy_20,e j r g g h,j e r g h,n s o p i c n t,n o p i c s t,unseen alphabets,a b m j e r g h q l f d k n o p i c s t u v w x y z,10,rr_sort,8,out-of,n o p q c s t,0
2743,nocopy_20,k n m w f p a,k n m w f p a c,i j k n m w f,i j k n m w f p,unseen alphabets,x r l b g t e s i j k n m w f p a c h u v d o y q z,20,extend_sequence,7,in,i j k l m n o p,0
2744,nocopy_20,n o p,n o p n o p,u v w x,u v w x u v w x,seen alphabets,a b c d g f e h i j k l m n o p q r s t u v w x y z,2,replicate,4,out-of,u v w x y,0
2745,nocopy_20,p p q q r r s s t t f f,p p q q r r s s t t f f v v,c c d d a a o o g g h h x x,c c d d a a o o g g h h x x j j,seen alphabets,u n c d a o g h x j b l m k i p q r s t f v w e y z,10,extend_group,14,out-of,q q q r r r s s s t t t f f f v v v c c c,0
2746,nocopy_20,f f g i,f g r,u v w e e y,u v w e z,seen alphabets,a b c d x f g i r j k l m n o p q h s t u v w e y z,5,rr_succ,6,in,u v w e z,1
2747,nocopy_20,a b c d e f f g,a b c d e f g,t l t l n l o l p l q l r l s,t l n l o l p l q l r l s,unseen alphabets,a b c d e f g h i j k l t n o p q r s m u v w x y z,2,rr_interleave,8,in,t l f l n l o l p l q l r,0
2748,nocopy_20,l m n o p q q,l m n o p z,p q z z w t c v,p q z w t c y,seen alphabets,h s r d e f g b i j k l m n o p q z w t c v y x a u,10,rr_succ,8,in,p q z w t c v,0
2749,nocopy_20,h i j d,h i j d l,d l m f o t q,d l m f o t q r,unseen alphabets,k n c e y a g h i j d l m f o t q r s b u v w x p z,10,extend_sequence,7,in,d l m n o p q x,0
2750,nocopy_20,w s t f n o x,o s t f n w x,i k l,k i l,seen alphabets,a b c u e v g h d k i l m j r p q o s t f n w x y z,10,sort,3,in,i j k l,0
2751,nocopy_20,e q d,e q w,o p h,o p r,unseen alphabets,a e q d w f g b i j k m c n o p h r s t u z v x y l,10,succ,3,in,o p q,0
2752,nocopy_20,h g f i j,f g h i j,m k l j,j k l m,seen alphabets,a b c d e f g h i j k l m n o p q r s t u v w x z y,2,sort,4,in,j k l m,1
2753,nocopy_20,w d o p v,w d o p x,a w d,a w o,seen alphabets,m r j k g f q n i b h a w d o p v x s l c e y u t z,20,succ,3,in,h w d,0
2754,nocopy_20,k m x n o p,k m c n o p h,l j k,i j k m,unseen alphabets,a e q d w f g b i j k m c n o p h r s t u z v x y l,10,fix_extend,3,in,i j k p,0
2755,nocopy_20,c d e f g b,c d e f g b i,a h c d,a h c d e,seen alphabets,a h c d e f g b i y k l m n o p q r s t u j w x v z,5,extend_sequence,4,in,a h c d e,1
2756,nocopy_20,b u c b e,b c u e,e v g h i k k d,e v g h d k i,seen alphabets,a b c u e v g h d k i l m j r p q o s t f n w x y z,10,rr_sort,8,out-of,e v g h d k,0
2757,nocopy_20,d e i p h b j,d e i p h b k,m y o,m y a,unseen alphabets,q t c d e i p h b j k l m y o a f r s n u v w x g z,10,succ,3,in,m n o,0
2758,nocopy_20,u u u w w w v v v x x x y y y z z z,u u u v v v w w w x x x y y y z z z,j j i i h h k k l l c c,h h i i j j k k l l c c,seen alphabets,a b m d e f g h i j k l c n o p q r s t u v w x y z,2,sort_group,12,in,u u u v v v w w w x x x y y y z z z,0
2759,nocopy_20,f f g h,f g i,q r s s t,q r s u,seen alphabets,a b c d e f g h i j k l m n o p q r s t u v w x z y,2,rr_succ,5,in,q r s t,0
2760,nocopy_20,m f o q t r s,m f o t q r s,x v w u p,u v w x p,unseen alphabets,k n c e y a g h i j d l m f o t q r s b u v w x p z,10,sort,5,in,u v w x p,1
2761,nocopy_20,b b j k l m n o,b j k l m n o,e f g h b b,e f g h b,unseen alphabets,a i c d e f g h b j k l m n o p q r s t u v w x y z,2,remove_redundant,6,in,e f g h i,0
2762,nocopy_20,w v u,u v w,h s v u t w,h s t u v w,seen alphabets,a b c d x f g i r j k l m n o p q h s t u v w e y z,5,sort,6,in,h s t u v w,1
2763,nocopy_20,f g h b j,j b h g f,a i c d e f g,g f e d c i a,unseen alphabets,a i c d e f g h b j k l m n o p q r s t u v w x y z,2,reverse,7,out-of,a b c d e f g,0
2764,nocopy_20,p p x x v v s s l l c c e e,p p v v x x s s l l c c e e,f f f g g g k k k q q q,k k k g g g f f f q q q,seen alphabets,m r j k g f q n i b h a w d o p v x s l c e y u t z,20,sort_group,12,in,p p v v x x s s l l c c e e e y y y k k k,0
2765,nocopy_20,x l g r q y k,x l g r q y k t,g r q,g r q y,seen alphabets,a e c h x l g r q y k t f n d j o i w u v b m p s z,20,extend_sequence,3,in,g r q y,1
2766,nocopy_20,m m m p p p i i i k k k q q q r r r,m m m k k k i i i p p p q q q r r r,r r t t s s f f,r r s s t t f f,seen alphabets,u n c d a o g h x j b l m k i p q r s t f v w e y z,10,sort_group,8,in,m r r k k k i i i p p p q q q r r r s s s,0
2767,nocopy_20,c d e b g,c d e b g c d e b g,d e b g h i,d e b g h i d e b g h i,unseen alphabets,a f c d e b g h i j k l m n o p q r s t u v w x y z,2,replicate,6,out-of,d e f g h i j,0
2768,nocopy_20,d e f,f e d,f g h i m k l,l k m i h g f,seen alphabets,a b u d e f g h i m k l r n o p q c s t j v w x y z,5,reverse,7,out-of,e g h i m k l,0
2769,nocopy_20,q d w,w d q,f g b i j,j i b g f,unseen alphabets,a e q d w f g b i j k m c n o p h r s t u z v x y l,10,reverse,5,out-of,e g b i j,0
2770,nocopy_20,p i j k l m m n,p i j k l m o,k l m n o h h,k l m n o q,seen alphabets,a s r d u f g p i j k l m n o h q b c t z e w x y v,10,rr_succ,7,in,k l m n o q,1
2771,nocopy_20,h c p n r,r n p c h,s t d b o,o b d t s,unseen alphabets,u q h c p n r v g f k a m w i l j y s t d b o x e z,20,reverse,5,out-of,s t g d o,0
2772,nocopy_20,v v w x,v w x,p p q r s t u v,p q r s t u v,seen alphabets,a b c d g f e h i j k l m n o p q r s t u v w x y z,2,remove_redundant,8,in,p q r s t u v,1
2773,nocopy_20,k i i j h l,h i j k l,w w x y,w x y,seen alphabets,a b c d e f g h i j k l m n o p q r s t u v w x y z,1,rr_sort,4,out-of,w x z,0
2774,nocopy_20,o p q q h,o p q s,r j j k l m,r j k l n,seen alphabets,a b c d x f g i r j k l m n o p q h s t u v w e y z,5,rr_succ,6,in,r j k l n,1
2775,nocopy_20,n o p q r r,n o p q r,d f k h i i j g,d f g h i j k,unseen alphabets,a c b v d f g h i j k l m n o p q r s t u e w x y z,5,rr_sort,8,out-of,d f g h i j k,1
2776,nocopy_20,y s t d b o k,y s t d b o x e,a f k,g f k a,unseen alphabets,u q h c p n r v g f k a m w i l j y s t d b o x e z,20,fix_extend,3,in,a k b f,0
2777,nocopy_20,a b m j e r,r e j m b a,m j e r g h q,q h g r e j m,unseen alphabets,a b m j e r g h q l f d k n o p i c s t u v w x y z,10,reverse,7,out-of,m j r p q o,0
2778,nocopy_20,n k p m w f l,n k l m w f p,y y y a a a j j j o o o,a a a y y y j j j o o o,unseen alphabets,x b c d e v g h i n k l m w f p q r s t u z a y j o,10,sort_group,4,in,y y y j j j o o o,0
2779,nocopy_20,u f g,p i j,n o h q,b c t z,seen alphabets,a s r d u f g p i j k l m n o h q b c t z e w x y v,10,shift,4,out-of,m o h q,0
2780,nocopy_20,j k l l c,j k l c,m m d e,m d e,seen alphabets,a b m d e f g h i j k l c n o p q r s t u v w x y z,2,remove_redundant,4,in,m d e,1
2781,nocopy_20,k p m n,j p m n o,s t u v,r t u v w,seen alphabets,a b c d q f g l i j k p m n o e h r s t u v w x y z,5,extend_pred,4,out-of,s t u v w,0
2782,nocopy_20,j p s t g z m,m z g t s p j,c n w j p s,s p j w n c,seen alphabets,q k i d v f r h a l e b x c n w j p s t g z m o y u,20,reverse,6,out-of,x n w j p s,0
2783,nocopy_20,j k l m,m l k j,x y z,z y x,unseen alphabets,a i c d e f g h b j k l m n o p q r s t u v w x y z,2,reverse,3,out-of,w y z,0
2784,nocopy_20,m r j k g f q,q f g k j r m,l c e y,y e c l,seen alphabets,m r j k g f q n i b h a w d o p v x s l c e y u t z,20,reverse,4,out-of,s c e y,0
2785,nocopy_20,t n c v o w,w o v c n t,e r z j,j z r e,unseen alphabets,d s p a x f g h m i k e r z j u b q t n c v o w y l,20,reverse,4,out-of,e j o,0
2786,nocopy_20,e r g h q l,e r g h q f,a b m j,a b m e,unseen alphabets,a b m j e r g h q l f d k n o p i c s t u v w x y z,10,succ,4,in,a b m r,0
2787,nocopy_20,p y q y x y s y t y u y u,p y q y x y s y t y u,e a k a l a m a m a n a o,e a k a l a m a n a o,seen alphabets,a b c z j f g h v e k l m n o p q x s t u i y w d r,10,rr_interleave,13,in,y y y x x x a a a u u u t t t m m m n n n,0
2788,nocopy_20,t q h i a,t q h i a k,p r g y u,p r g y u d,seen alphabets,x l c v z t q h i a k b f e j o p r g y u d m n w s,20,extend_sequence,5,in,p r g y u d,1
2789,nocopy_20,i j k l m n,h j k l m n o,i j k l,h j k l m,unseen alphabets,a c b v d f g h i j k l m n o p q r s t u e w x y z,5,extend_pred,4,out-of,i j k l m,0
2790,nocopy_20,v z j q,v z t q,d b f e,k b f e,seen alphabets,x l c v z t q h i a k b f e j o p r g y u d m n w s,20,fix_alphabetic_seq,4,in,d e f g,0
2791,nocopy_20,g r k d n y,g r k w n y,k w n e,k w n y,seen alphabets,l d c b e f a z g r k w n y s o u i q t h v x p m j,20,fix_alphabetic_seq,4,in,k w n y,1
2792,nocopy_20,v w x g z,u w x g z,l m y o a f r,k m y o a f r,unseen alphabets,q t c d e i p h b j k l m y o a f r s n u v w x g z,10,pred,7,in,l m n o p r,0
2793,nocopy_20,b j k k l m n o,b j k l m n p,g h h b,g h j,unseen alphabets,a i c d e f g h b j k l m n o p q r s t u v w x y z,2,rr_succ,4,in,g h i,0
2794,nocopy_20,i y v l,b y v m,o e q r s t u,n e q r s t j,seen alphabets,a h c d e f g b i y k l m n o p q r s t u j w x v z,5,fix_pred_succ,7,out-of,o p q r s t u,0
2795,nocopy_20,c d e f,b d e f,b c d e f g,a c d e f g,unseen alphabets,a b c d e f g h i j k l t n o p q r s m u v w x y z,2,pred,6,in,a c d e f g,1
2796,nocopy_20,p s b,p s b u,s b u q n x,s b u q n x k,unseen alphabets,e d r c z m a f i j h y w l o g v p s b u q n x k t,20,extend_sequence,6,in,s t u j w x v,0
2797,nocopy_20,o m n l b q y,l m n o b q y,a a a r r r d d d c c c,a a a r r r c c c d d d,unseen alphabets,a r c d e f g h i j p l m n o b q y s t u v w x k z,5,sort_group,4,in,a a a s s s r r r d d d,0
2798,nocopy_20,p l q l c l k,p l q l r l k,j r w r n,j r w r l,seen alphabets,a b g d e f s h i j w l m n o p q r k t u v c x y z,5,fix_interleave,5,out-of,j r w x,0
2799,nocopy_20,o o p q r,o p q k,g b c c d e f s,g b c d e f h,unseen alphabets,g b c d e f s h i j y l m n o p q r k t u v w x a z,5,rr_succ,8,in,g b c d e f h,1
2800,nocopy_20,a q l f d k,h q l f d k n,j e r w h q l,j e r g h q l f,unseen alphabets,a b m j e r g h q l f d k n o p i c s t u v w x y z,10,fix_extend,7,in,j r h q b c t,0
2801,nocopy_20,e e h i j,e h i j,g f f e h i,g f e h i,seen alphabets,a b c d g f e h i j k l m n o p q r s t u v w x y z,2,remove_redundant,6,in,g f e h j,0
2802,nocopy_20,f g h b j,f g h b j k,d e f g h b,d e f g h b j,unseen alphabets,a i c d e f g h b j k l m n o p q r s t u v w x y z,2,extend_sequence,6,in,d e f g h i j,0
2803,nocopy_20,s t u v v w x,s t u v w x,b g h h i,b g h i,unseen alphabets,a f c d e b g h i j k l m n o p q r s t u v w x y z,2,remove_redundant,5,in,b g h i,1
2804,nocopy_20,d e f,d e f g,u v w x y,u v w x y z,seen alphabets,a b c d e f g h i j k l m n o p q r s t u v w x y z,1,extend_sequence,5,in,u v w x y b,0
2805,nocopy_20,p r m,o r n,m a k b f,d a k b e,seen alphabets,x l c v z t q h i a k b f e j o p r g y u d m n w s,20,fix_pred_succ,5,out-of,i a k b f,0
2806,nocopy_20,e f g h i,i h g f e,h i j k l m,m l k j i h,seen alphabets,a b c u e f g h i j k l m n o p q r s t d v w x y z,2,reverse,6,out-of,g i j k l m,0
2807,nocopy_20,v w x y z,z y x w v,l c n o p,p o n c l,seen alphabets,a b m d e f g h i j k l c n o p q r s t u v w x y z,2,reverse,5,out-of,k c n o p,0
2808,nocopy_20,n o i v r,n o i q r,t q u q v q r q x,t q u q v q w q x,unseen alphabets,a y c d e f g h p b k l m n o i q r s t u v w x j z,5,fix_interleave,5,out-of,t q u q v q w q x,1
2809,nocopy_20,e c g b,e f g b,z d e,c d e,seen alphabets,a h c d e f g b i y k l m n o p q r s t u j w x v z,5,fix_alphabetic_seq,3,in,z c d e,0
2810,nocopy_20,b b i j k l,b i j k l,s r d e f g g,s r d e f g,seen alphabets,h s r d e f g b i j k l m n o p q z w t c v y x a u,10,remove_redundant,7,in,s r d e f b,0
2811,nocopy_20,n m f w m,n m w f,u o d d v y q z,u v d o y q z,unseen alphabets,x r l b g t e s i j k n m w f p a c h u v d o y q z,20,rr_sort,8,out-of,u d v w n y z,0
2812,nocopy_20,k f e j o p r,b f e j o p r,e j o y r,e j o p r,seen alphabets,x l c v z t q h i a k b f e j o p r g y u d m n w s,20,fix_alphabetic_seq,5,in,e j o p r,1
2813,nocopy_20,d l m f w t q,d l m f o t q r,n o t,f o t q,unseen alphabets,k n c e y a g h i j d l m f o t q r s b u v w x p z,10,fix_extend,3,in,n o p q,0
2814,nocopy_20,m i j k p l,l i j k p m,o n e,n o e,seen alphabets,a b c d q f g l i j k p m n o e h r s t u v w x y z,5,sort,3,in,n o e,1
2815,nocopy_20,w n h u j,w n h u j p l,m y b w n,m y b w n h j,unseen alphabets,r d v i o f g m y b w n h u j p c l e t s q a x k z,20,extend_extend_succ,5,out-of,w y b m n,0
2816,nocopy_20,w x a a z,w x a z,m n o o,m n o,unseen alphabets,g b c d e f s h i j y l m n o p q r k t u v w x a z,5,remove_redundant,4,in,m n o,1
2817,nocopy_20,s j u q n,s b u q n x,c z m l f i j,c z m a f i j h,unseen alphabets,e d r c z m a f i j h y w l o g v p s b u q n x k t,20,fix_extend,7,in,c z j f g h i,0
2818,nocopy_20,y a,x s,c t z i w,b t z i x,seen alphabets,a s r d u f g p i j k l m n o h q b c t z e w x y v,10,fix_pred_succ,5,out-of,c t z e w,0
2819,nocopy_20,i k j r z,m k j r j,v a x,c a f,unseen alphabets,d s p a x f g h m i k e r z j u b q t n c v o w y l,20,fix_pred_succ,3,out-of,v y x,0
2820,nocopy_20,o y q z,d y q z,e s i j k,t s i j k,unseen alphabets,x r l b g t e s i j k n m w f p a c h u v d o y q z,20,pred,5,in,e f s h i j k,0
2821,nocopy_20,e f g h i j,j i h g f e,o p q r s,s r q p o,seen alphabets,a b c d e f g h i j k l m n o p q r s t u v w x y z,1,reverse,5,out-of,n p q r s,0
2822,nocopy_20,i j y l,l y j i,w x a,a x w,unseen alphabets,g b c d e f s h i j y l m n o p q r k t u v w x a z,5,reverse,3,out-of,w x y,0
2823,nocopy_20,y y y x x x z z z,x x x y y y z z z,o o o p p p q q q s s s c c c t t t,o o o p p p q q q c c c s s s t t t,seen alphabets,a b u d e f g h i m k l r n o p q c s t j v w x y z,5,sort_group,18,in,z z z c c c d d p q q q o o o s s s t t t,0
2824,nocopy_20,b c d g f e,e f g d c b,y z,z y,seen alphabets,a b c d g f e h i j k l m n o p q r s t u v w x y z,2,reverse,2,out-of,x z,0
2825,nocopy_20,v d o,v d o y z,l b g,l b g t s,unseen alphabets,x r l b g t e s i j k n m w f p a c h u v d o y q z,20,extend_extend_succ,3,out-of,l g b,0
2826,nocopy_20,e e e i i i g g g h h h f f f,e e e f f f g g g h h h i i i,s s s r r r t t t,r r r s s s t t t,seen alphabets,a z c d e f g h i j k l m n o p q r s t u v w x y b,2,sort_group,9,in,e e e f f f g g g h h h i i i r r r s s s,0
2827,nocopy_20,b n a n u n e,b n c n u n e,w u x u y u j,w u x u y u z,seen alphabets,a b c u e v g h d k i l m j r p q o s t f n w x y z,10,fix_interleave,7,out-of,w u x u y u u,0
2828,nocopy_20,h h h s s s t t t v v v u u u,h h h s s s t t t u u u v v v,f f c c d d x x b b,b b c c d d x x f f,seen alphabets,a b c d x f g i r j k l m n o p q h s t u v w e y z,5,sort_group,10,in,h h h s s s t t t u u u v v v w w w x x x,0
2829,nocopy_20,m l p,p l m,x x z z k k,x x k k z z,unseen alphabets,a r c d e f g h i j p l m n o b q y s t u v w x k z,5,sort_group,3,in,x x y y z z,0
2830,nocopy_20,z m o y u,g m o y u,i d v,k d v,seen alphabets,q k i d v f r h a l e b x c n w j p s t g z m o y u,20,pred,3,in,k d v,1
2831,nocopy_20,j j k k n n m m l l,j j k k l l m m n n,n n o o q q p p,n n o o p p q q,seen alphabets,a b c d e f g h i j k l m n o p q r s t u v w x y z,1,sort_group,8,in,l n m n n n o n p q q,0
2832,nocopy_20,b c d,b c d e g,f g h i j,f g h i j k t,unseen alphabets,a b c d e f g h i j k l t n o p q r s m u v w x y z,2,extend_extend_succ,5,out-of,e g h i j,0
2833,nocopy_20,n i b h a,n i b h a w,o p v x,o p v x s,seen alphabets,m r j k g f q n i b h a w d o p v x s l c e y u t z,20,extend_sequence,4,in,o p v x s,1
2834,nocopy_20,l n m n m n n n o n p,l n m n n n o n p,f i g i h i h i v,f i g i h i v,seen alphabets,a b c z j f g h v e k l m n o p q x s t u i y w d r,10,rr_interleave,9,in,n n o o p p q q h h i i,0
2835,nocopy_20,i r q s t,i q r s t,a c y,a y c,unseen alphabets,a y c d e f g h p b k l m n o i q r s t u v w x j z,5,sort,3,in,a c d,0
2836,nocopy_20,z y,y z,a m b j,a b m j,unseen alphabets,a b m j e r g h q l f d k n o p i c s t u v w x y z,10,sort,4,in,a b m j,1
2837,nocopy_20,o s s t f,o s t f,q o s t f f,q o s t f,seen alphabets,a b c u e v g h d k i l m j r p q o s t f n w x y z,10,remove_redundant,6,in,q o s t f,1
2838,nocopy_20,n i b h q w,q i b h q d,u f q,y f n,seen alphabets,m r j k g f q n i b h a w d o p v x s l c e y u t z,20,fix_pred_succ,3,out-of,u i q,0
2839,nocopy_20,e t z z c,c t z e,s r d u f f g p,s r d u f g p,seen alphabets,a s r d u f g p i j k l m n o h q b c t z e w x y v,10,rr_sort,8,out-of,s r d u f g i,0
2840,nocopy_20,o p q z w t,o p q z w c,f g b i j k l,f g b i j k m,seen alphabets,h s r d e f g b i j k l m n o p q z w t c v y x a u,10,succ,7,in,e g b i j k l,0
2841,nocopy_20,d e f s h i j,d e f s h i j d e f s h i j,p q r k,p q r k p q r k,unseen alphabets,g b c d e f s h i j y l m n o p q r k t u v w x a z,5,replicate,4,out-of,e f g h i j k p,0
2842,nocopy_20,g h n i,g h i n,e c d b,b c d e,unseen alphabets,x b c d e v g h i n k l m w f p q r s t u z a y j o,10,sort,4,in,l c d b,0
2843,nocopy_20,t u z a f j o,t u z a y j o,s u z a y,t u z a y,unseen alphabets,x b c d e v g h i n k l m w f p q r s t u z a y j o,10,fix_alphabetic_seq,5,in,s t u i y,0
2844,nocopy_20,p h r s t u z,o h r s t u z v,o p h r s,n p h r s t,unseen alphabets,a e q d w f g b i j k m c n o p h r s t u z v x y l,10,extend_pred,5,out-of,o p q r s t,0
2845,nocopy_20,d d l m f o,d l m f o,e i y a g h e,e y a g h i,unseen alphabets,k n c e y a g h i j d l m f o t q r s b u v w x p z,10,rr_sort,7,out-of,e i y g h k,0
2846,nocopy_20,t a s i j,t e s i j,c i h i u i a i d,c i h i u i v i d,unseen alphabets,x r l b g t e s i j k n m w f p a c h u v d o y q z,20,fix_interleave,5,out-of,c i d i a i o i g,0
2847,nocopy_20,h u u j p,h u j c,b b w n h,b w n u,unseen alphabets,r d v i o f g m y b w n h u j p c l e t s q a x k z,20,rr_succ,5,in,b w j,0
2848,nocopy_20,q k i d v f r,q k i d v f h,q k i,q k d,seen alphabets,q k i d v f r h a l e b x c n w j p s t g z m o y u,20,succ,3,in,q k d,1
2849,nocopy_20,l v m v z,l v m v n,a p o p p p q p h p s p t,n p o p p p q p h p s p t,seen alphabets,a b c d x f g i r j k l m n o p q h s t u v w e y z,5,fix_interleave,13,out-of,o p p p q p h p s p t,0
2850,nocopy_20,d e f g h i,m e f g h i j,f g h i j k l,e g h i j k l c,seen alphabets,a b m d e f g h i j k l c n o p q r s t u v w x y z,2,extend_pred,7,out-of,f g h i j k l m,0
2851,nocopy_20,o p q r,n p q r,u v c,t v c,seen alphabets,a b g d e f s h i j w l m n o p q r k t u v c x y z,5,pred,3,in,u v x,0
2852,nocopy_20,r s t u v w,r s t u v x,b c d g f e h,b c d g f e i,seen alphabets,a b c d g f e h i j k l m n o p q r s t u v w x y z,2,succ,7,in,b c d g f e i,1
2853,nocopy_20,a x g f h h,a x f g h,r e z z,e r z,unseen alphabets,d s p a x f g h m i k e r z j u b q t n c v o w y l,20,rr_sort,4,out-of,r e y,0
2854,nocopy_20,i n k l m w,h n k l m w f,h i n k l,g i n k l m,unseen alphabets,x b c d e v g h i n k l m w f p q r s t u z a y j o,10,extend_pred,5,out-of,h i m k l r,0
2855,nocopy_20,k k k b b b f f f e e e j j j o o o,k k k b b b f f f e e e j j j o o o p p p,t t t q q q h h h i i i a a a k k k,t t t q q q h h h i i i a a a k k k b b b,seen alphabets,x l c v z t q h i a k b f e j o p r g y u d m n w s,20,extend_group,18,out-of,h h h i i i a a a k k k b b b f f f e e e,0
2856,nocopy_20,a m w,a m w i,s t d b o x e,s t d b o x e z,unseen alphabets,u q h c p n r v g f k a m w i l j y s t d b o x e z,20,extend_sequence,7,in,s t h v x p m j,0
2857,nocopy_20,k l p n,j l p o,r q t,q q u,unseen alphabets,f b c d e a g h i j k l m n o p q r s t u v w x y z,2,fix_pred_succ,3,out-of,q r s,0
2858,nocopy_20,j w x v z,j w x v z j w x v z,l m n,l m n l m n,seen alphabets,a h c d e f g b i y k l m n o p q r s t u j w x v z,5,replicate,3,out-of,l m n o,0
2859,nocopy_20,p q u s m r v,p q r s m u v,u u m m v v w w x x,m m u u v v w w x x,unseen alphabets,a b c d e f g h i j k l t n o p q r s m u v w x y z,2,sort_group,5,in,u u v v w w x x,0
2860,nocopy_20,q d w f g b i,q d w f g b i j,m c n o p h r,m c n o p h r s,unseen alphabets,a e q d w f g b i j k m c n o p h r s t u z v x y l,10,extend_sequence,7,in,m n o p q r s,0
2861,nocopy_20,j y l m,n o p q,h i j,y l m,unseen alphabets,g b c d e f s h i j y l m n o p q r k t u v w x a z,5,shift,3,out-of,h i k,0
2862,nocopy_20,c b d e d g h,c d e b g h,p n o p m q,m n o p q,unseen alphabets,a f c d e b g h i j k l m n o p q r s t u v w x y z,2,rr_sort,6,out-of,p n o p r,0
2863,nocopy_20,r s t u z,r s t u v,p h r s t u z,p h r s t u v,unseen alphabets,a e q d w f g b i j k m c n o p h r s t u z v x y l,10,succ,7,in,p q r s t u j,0
2864,nocopy_20,c b v d s g h,a b v d s g i,e w m,u w n,unseen alphabets,a c b v d f g h i j k l m n o p q r s t u e w x y z,5,fix_pred_succ,3,out-of,e w x,0
2865,nocopy_20,i k j j,i j k,d g f g e h i j,d e f g h i j,seen alphabets,a z c d e f g h i j k l m n o p q r s t u v w x y b,2,rr_sort,8,out-of,d g f e h i j,0
2866,nocopy_20,q r k t u v c,c v u t k r q,a b g d e,e d g b a,seen alphabets,a b g d e f s h i j w l m n o p q r k t u v c x y z,5,reverse,5,out-of,a b g d f,0
2867,nocopy_20,l i d i n i o,l i m i n i o,p x q x h x s x t x i,p x q x h x s x t x u,seen alphabets,a b c d x f g i r j k l m n o p q h s t u v w e y z,5,fix_interleave,11,out-of,p x q x h x s x t x u,1
2868,nocopy_20,u y w x x v z,u v w x y z,i n j k l c i,i j k l c n,seen alphabets,a b m d e f g h i j k l c n o p q r s t u v w x y z,2,rr_sort,7,out-of,i j k l c n,1
2869,nocopy_20,i u j u w u l u z u n,i u j u w u l u m u n,l k c k x k y k z,v k c k x k y k z,seen alphabets,a b g d e f s h i j w l m n o p q r k t u v c x y z,5,fix_interleave,9,out-of,u u n n c c x x y y z z,0
2870,nocopy_20,b b b w w w x x x y y y v v v,v v v w w w x x x y y y b b b,j j j i i i k k k l l l,i i i j j j k k k l l l,seen alphabets,a z c d e f g h i j k l m n o p q r s t u v w x y b,2,sort_group,12,in,v v v w w w x x x y y y b b b l l l m m m,0
2871,nocopy_20,v p s,b u q,o g v p,s b u q,unseen alphabets,e d r c z m a f i j h y w l o g v p s b u q n x k t,20,shift,4,out-of,o p v x,0
2872,nocopy_20,b c d e f s h,b c d e f s h i,m m n n o o p p q q,m m n n o o p p q q r r,unseen alphabets,g b c d e f s h i j y l m n o p q r k t u v w x a z,5,extend_group,5,out-of,m n o p q r,0
2873,nocopy_20,l r a,k r b,s t j l w x y,c t j l w x z,seen alphabets,a b u d e f g h i m k l r n o p q c s t j v w x y z,5,fix_pred_succ,7,out-of,s t j v w x y,0
2874,nocopy_20,n o i q,m o i q,g h p b,f h p b,unseen alphabets,a y c d e f g h p b k l m n o i q r s t u v w x j z,5,pred,4,in,g h d k,0
2875,nocopy_20,n r v o w y,t r v o w l,m i k z,h i k j,unseen alphabets,d s p a x f g h m i k e r z j u b q t n c v o w y l,20,fix_pred_succ,4,out-of,m k i z,0
2876,nocopy_20,y s t d,d t s y,k a m w i,i w m a k,unseen alphabets,u q h c p n r v g f k a m w i l j y s t d b o x e z,20,reverse,5,out-of,i a k b m,0
2877,nocopy_20,k h m w,k a m w i,a f k,g f k a,unseen alphabets,u q h c p n r v g f k a m w i l j y s t d b o x e z,20,fix_extend,3,in,a k b f,0
2878,nocopy_20,f e d,d e f,b b b p p p o o o n n n,b b b n n n o o o p p p,unseen alphabets,a m c d e f g h i j k l b n o p q r s t u v w x y z,2,sort_group,4,in,n n n o o o p p p,0
2879,nocopy_20,q h s t u,q h s t v,x f g,x f i,seen alphabets,a b c d x f g i r j k l m n o p q h s t u v w e y z,5,succ,3,in,x f i,1
2880,nocopy_20,u v w,u v x,e j k l,e j k m,unseen alphabets,o b c d i f a h e j k l m n g p q r s t u v w x y z,5,succ,4,in,i j k l,0
2881,nocopy_20,n i j k l m b,b i j k l m n,g k i j b l,g b i j k l,seen alphabets,h s r d e f g b i j k l m n o p q z w t c v y x a u,10,sort,6,in,g b i j k l,1
2882,nocopy_20,n n r v g,n r v g,c p n n,c p n,unseen alphabets,u q h c p n r v g f k a m w i l j y s t d b o x e z,20,remove_redundant,4,in,c n o,0
2883,nocopy_20,g h i m k,g h i m k l n,f g h i m k l,f g h i m k l r o,seen alphabets,a b u d e f g h i m k l r n o p q c s t j v w x y z,5,extend_extend_succ,7,out-of,e g h i m k l,0
2884,nocopy_20,n o p q r s,n o p q r s t v,h b j k l,h b j k l m o,unseen alphabets,a i c d e f g h b j k l m n o p q r s t u v w x y z,2,extend_extend_succ,5,out-of,h i j k l,0
2885,nocopy_20,s t u x,s t u v,f e a e h e r e j,f e a e h e e e j,unseen alphabets,o b c d i f a h e j k l m n g p q r s t u v w x y z,5,fix_interleave,5,out-of,f e e e h e r e j,0
2886,nocopy_20,c z m,r z m a,u q n,b q n x,unseen alphabets,e d r c z m a f i j h y w l o g v p s b u q n x k t,20,extend_pred,3,out-of,u q n i,0
2887,nocopy_20,o p q r s,o p q r s t,p q r s t u,p q r s t u v,unseen alphabets,a f c d e b g h i j k l m n o p q r s t u v w x y z,2,extend_sequence,6,in,p q r s t u v,1
2888,nocopy_20,a l e,b x c,d v f r h,a l e b x,seen alphabets,q k i d v f r h a l e b x c n w j p s t g z m o y u,20,shift,5,out-of,i v f r h,0
2889,nocopy_20,j k l,j k l m o,c d e f g h i,c d e f g h i j l,seen alphabets,a z c d e f g h i j k l m n o p q r s t u v w x y b,2,extend_extend_succ,7,out-of,b d e f g h i,0
2890,nocopy_20,l v j r p q,l m j r p q,s t f n m x y,s t f n w x y,seen alphabets,a b c u e v g h d k i l m j r p q o s t f n w x y z,10,fix_alphabetic_seq,7,in,s t f n w x y,1
2891,nocopy_20,q r s s,q r s,j k l l m n o,j k l m n o,seen alphabets,a z c d e f g h i j k l m n o p q r s t u v w x y b,2,remove_redundant,7,in,j k l m n p,0
2892,nocopy_20,v v v x x x c c c y y y,v v v c c c x x x y y y,p p p k k k r r r q q q t t t u u u,p p p q q q r r r k k k t t t u u u,seen alphabets,a b g d e f s h i j w l m n o p q r k t u v c x y z,5,sort_group,18,in,c c c e e e y y y u u u t t t h h h x x x,0
2893,nocopy_20,u z m,b z a,v y s b u q,g y s b u n,unseen alphabets,e d r c z m a f i j h y w l o g v p s b u q n x k t,20,fix_pred_succ,6,out-of,v y s o u i,0
2894,nocopy_20,n n o p q x,n o p q x,x s s t,x s t,seen alphabets,a b c z j f g h v e k l m n o p q x s t u i y w d r,10,remove_redundant,4,in,x s u,0
2895,nocopy_20,b c d e f,a c d e f,u v w x,t v w x,seen alphabets,a b c d e f g h i j k l m n o p q r s t u v w x z y,2,pred,4,in,t v w x,1
2896,nocopy_20,e b g h i j,e b g h i j k,i j k,i j k l,unseen alphabets,a f c d e b g h i j k l m n o p q r s t u v w x y z,2,extend_sequence,3,in,i j k l,1
2897,nocopy_20,j w i o,j o i w,h c x,c h x,seen alphabets,a e c h x l g r q y k t f n d j o i w u v b m p s z,20,sort,3,in,c h x,1
2898,nocopy_20,i n k l m,h n k l m w,c d e,b d e v,unseen alphabets,x b c d e v g h i n k l m w f p q r s t u z a y j o,10,extend_pred,3,out-of,c d e f,0
2899,nocopy_20,v z t t q h,v z t q h,j o p r g y y,j o p r g y,seen alphabets,x l c v z t q h i a k b f e j o p r g y u d m n w s,20,remove_redundant,7,in,j o p r g u,0
2900,nocopy_20,l m n o p q r,r q p o n m l,u v w x,x w v u,seen alphabets,a b c d e f g h i j k l m n o p q r s t u v w x z y,2,reverse,4,out-of,t v w x,0
2901,nocopy_20,q b c t z e w,h b c t z e w,b c t,q c t,seen alphabets,a s r d u f g p i j k l m n o h q b c t z e w x y v,10,pred,3,in,q c t,1
2902,nocopy_20,o a f r s n,y a f r s n,s n u v,r n u v,unseen alphabets,q t c d e i p h b j k l m y o a f r s n u v w x g z,10,pred,4,in,s t u v,0
2903,nocopy_20,e e e f f f g g g b b b i i i,e e e f f f g g g b b b i i i y y y,b b i i y y k k l l m m,b b i i y y k k l l m m n n,seen alphabets,a h c d e f g b i y k l m n o p q r s t u j w x v z,5,extend_group,12,out-of,e e e f f f g g g b b b i i i y y y k k k,0
2904,nocopy_20,m n o c q r,m n o p q r k,i e w l m,i j w l m n,seen alphabets,a b g d e f s h i j w l m n o p q r k t u v c x y z,5,fix_extend,5,in,i j w l m n,1
2905,nocopy_20,r s t t,r s t,e x v x g x h x i x n x n x k,e x v x g x h x i x n x k,unseen alphabets,x b c d e v g h i n k l m w f p q r s t u z a y j o,10,rr_interleave,8,in,e x v x g x h x d x k,0
2906,nocopy_20,p q r l t,p q r s t,d m n o p,l m n o p,seen alphabets,a b c d g f e h i j k l m n o p q r s t u v w x y z,2,fix_alphabetic_seq,5,in,l m n o p,1
2907,nocopy_20,x b g,x b c d,f q r s t u z,p q r s t u z a,unseen alphabets,x b c d e v g h i n k l m w f p q r s t u z a y j o,10,fix_extend,7,in,p q r s t u j w,0
2908,nocopy_20,a g h,e g h,t u v w x y,s u v w x y,unseen alphabets,f b c d e a g h i j k l m n o p q r s t u v w x y z,2,pred,6,in,s u v w x y,1
2909,nocopy_20,g k h i j h l t,g h i j k l t,m s u v v,s m u v,unseen alphabets,a b c d e f g h i j k l t n o p q r s m u v w x y z,2,rr_sort,5,out-of,m s t u v,0
2910,nocopy_20,c s h,c s t,v c s,i c s,unseen alphabets,a b m j e r g h q l f d k n o p i c s t u v w x y z,10,fix_alphabetic_seq,3,in,v c t,0
2911,nocopy_20,d e a g h i j,d e a g h i j d e a g h i j,l m n o,l m n o l m n o,unseen alphabets,f b c d e a g h i j k l m n o p q r s t u v w x y z,2,replicate,4,out-of,e f g h i j k l m n o p,0
2912,nocopy_20,q k i d v f r,r f v d i k q,a l e b x c,c x b e l a,seen alphabets,q k i d v f r h a l e b x c n w j p s t g z m o y u,20,reverse,6,out-of,a l e b x n,0
2913,nocopy_20,i o i n q,n o i q,e e g f h,e f g h,unseen alphabets,a y c d e f g h p b k l m n o i q r s t u v w x j z,5,rr_sort,5,out-of,e f g h,1
2914,nocopy_20,b c c d e f,b c d e g,i i j k,i j l,seen alphabets,a b c d e f g h i j k l m n o p q r s t u v w x y z,1,rr_succ,4,in,i j l,1
2915,nocopy_20,p r g,p r g y,x l c,x l c v,seen alphabets,x l c v z t q h i a k b f e j o p r g y u d m n w s,20,extend_sequence,3,in,x l c v,1
2916,nocopy_20,n o h,n o h q,l m n o h,l m n o h q,seen alphabets,a s r d u f g p i j k l m n o h q b c t z e w x y v,10,extend_sequence,5,in,l m n o h q,1
2917,nocopy_20,g b u,s b u,y a u,y a g,unseen alphabets,k n c e y a g h i j d l m f o t q r s b u v w x p z,10,fix_alphabetic_seq,3,in,y u,0
2918,nocopy_20,e r z,e r z j b,j u b q,j u b q t c,unseen alphabets,d s p a x f g h m i k e r z j u b q t n c v o w y l,20,extend_extend_succ,4,out-of,j b l m,0
2919,nocopy_20,a b c d,a b c d a b c d,j k l m,j k l m j k l m,seen alphabets,a b c d e f g h i j k l m n o p q r s t u v w x z y,2,replicate,4,out-of,j k l m n,0
2920,nocopy_20,d l,y l,j i b q,j u b q,unseen alphabets,d s p a x f g h m i k e r z j u b q t n c v o w y l,20,fix_alphabetic_seq,4,in,j b l m,0
2921,nocopy_20,m y o a f r s,s r f a o y m,p h b j k l,l k j b h p,unseen alphabets,q t c d e i p h b j k l m y o a f r s n u v w x g z,10,reverse,6,out-of,h x j b l,0
2922,nocopy_20,v f s,u f h,v r x y,u r x z,seen alphabets,a b g d e f s h i j w l m n o p q r k t u v c x y z,5,fix_pred_succ,4,out-of,v c x y,0
2923,nocopy_20,n b e h r s,m b e h r t,w h r s,v h r t,seen alphabets,a b c d q f g l i j k p m n o e h r s t u v w x y z,5,fix_pred_succ,4,out-of,h r s,0
2924,nocopy_20,m c n o p h r,m c n o p h r s,f f f g g g b b b i i i,f f f g g g b b b i i i j j j,unseen alphabets,a e q d w f g b i j k m c n o p h r s t u z v x y l,10,extend_group,4,out-of,f f f g g g b b b i i i,0
2925,nocopy_20,i p q r,i p q r s f,r s t,r s t f w,seen alphabets,u n c d a o g h x j b l m k i p q r s t f v w e y z,10,extend_extend_succ,3,out-of,q s t,0
2926,nocopy_20,e r s h i j y,e f s h i j y,q u r u k u t u i u v,q u r u k u t u u u v,unseen alphabets,g b c d e f s h i j y l m n o p q r k t u v w x a z,5,fix_interleave,6,out-of,q u r u k u t u u u v,1
2927,nocopy_20,m u v w x y,m u v w x y m u v w x y,e f g,e f g e f g,unseen alphabets,a b c d e f g h i j k l t n o p q r s m u v w x y z,2,replicate,3,out-of,w x y z j f g h,0
2928,nocopy_20,q r s t f v,p r s t f v,c d a o g,n d a o g,seen alphabets,u n c d a o g h x j b l m k i p q r s t f v w e y z,10,pred,5,in,n d a o g,1
2929,nocopy_20,d w f g,d e f g h,g v i,g h i j,seen alphabets,a b c d e f g h i j k l m n o p q r s t u v w x z y,2,fix_extend,3,in,g h i j,1
2930,nocopy_20,c a n r v g f,h a n r v g k,d b w x,t b w e,unseen alphabets,u q h c p n r v g f k a m w i l j y s t d b o x e z,20,fix_pred_succ,4,out-of,d v w x,0
2931,nocopy_20,f b c,f b c d a,p q r s t,p q r s t u w,unseen alphabets,f b c d e a g h i j k l m n o p q r s t u v w x y z,2,extend_extend_succ,5,out-of,p q r s u,0
2932,nocopy_20,h i y k,g i y l,j o l c,i o l n,seen alphabets,a b m d e f g h i j k l c n o p q r s t u v w x y z,2,fix_pred_succ,4,out-of,j k l c,0
2933,nocopy_20,q q q k k k i i i d d d,q q q k k k i i i d d d v v v,s s s t t t g g g,s s s t t t g g g z z z,seen alphabets,q k i d v f r h a l e b x c n w j p s t g z m o y u,20,extend_group,9,out-of,s s s t t t d d d v v v w w w i i i,0
2934,nocopy_20,d e f g h i j,j i h g f e d,r c d e f g,g f e d c r,unseen alphabets,a r c d e f g h i j p l m n o b q y s t u v w x k z,5,reverse,6,out-of,s c d e f g,0
2935,nocopy_20,o m q,o p q,i r j k l p,i r j k l m,seen alphabets,a b c d x f g i r j k l m n o p q h s t u v w e y z,5,fix_alphabetic_seq,6,in,i r j k l m,1
2936,nocopy_20,j i k,i j k,f f j j b b i i g g,f f g g b b i i j j,unseen alphabets,a e q d w f g b i j k m c n o p h r s t u z v x y l,10,sort_group,5,in,f f g g b b i i j j,1
2937,nocopy_20,j k p m n o e,i k p m n o e h,d q f g l,c q f g l i,seen alphabets,a b c d q f g l i j k p m n o e h r s t u v w x y z,5,extend_pred,5,out-of,d q f g l i,0
2938,nocopy_20,c q x l,c h x l,n d p o i,n d j o i,seen alphabets,a e c h x l g r q y k t f n d j o i w u v b m p s z,20,fix_alphabetic_seq,5,in,n d j o i,1
2939,nocopy_20,p q r s t,u v w x y,l m n,o p q,unseen alphabets,f b c d e a g h i j k l m n o p q r s t u v w x y z,2,shift,3,out-of,l m o,0
2940,nocopy_20,i c c d,i c d,c p d p d p e p f p g p h p b,c p d p e p f p g p h p b,unseen alphabets,a i c d e f g h b j k l m n o p q r s t u v w x y z,2,rr_interleave,8,in,c p d p e p f p g p h p b,1
2941,nocopy_20,l m n o p p,l m n o q,i i j k,i j l,seen alphabets,a b c d e f g h i j k l m n o p q r s t u v w x z y,2,rr_succ,4,in,i j l,1
2942,nocopy_20,q q q h h h i i i a a a k k k b b b f f f,q q q h h h i i i a a a k k k b b b f f f e e e,p p p r r r g g g y y y u u u d d d m m m,p p p r r r g g g y y y u u u d d d m m m n n n,seen alphabets,x l c v z t q h i a k b f e j o p r g y u d m n w s,20,extend_group,21,out-of,m m m j n v y y y x x x a a a u u u d d d,0
2943,nocopy_20,s t j v y w x v,s t j v w x y,r o n p p,r n o p,seen alphabets,a b u d e f g h i m k l r n o p q c s t j v w x y z,5,rr_sort,5,out-of,r n o p,1
2944,nocopy_20,o g v p,l g v p,z m a f i,c m a f i,unseen alphabets,e d r c z m a f i j h y w l o g v p s b u q n x k t,20,pred,5,in,z m o f i,0
2945,nocopy_20,t z v,v z t,k a i,i a k,seen alphabets,x l c v z t q h i a k b f e j o p r g y u d m n w s,20,sort,3,in,i a k,1
2946,nocopy_20,g h i j k l,a h i j k l,n o p q r s,m o p q r s,unseen alphabets,f b c d e a g h i j k l m n o p q r s t u v w x y z,2,pred,6,in,m o p q r s,1
2947,nocopy_20,v w x y b,b y x w v,l m n o p,p o n m l,seen alphabets,a z c d e f g h i j k l m n o p q r s t u v w x y b,2,reverse,5,out-of,l m n o q,0
2948,nocopy_20,s e t i i j k,t e s i j k,s w j k n n m i,s i j k n m w,unseen alphabets,x r l b g t e s i j k n m w f p a c h u v d o y q z,20,rr_sort,8,out-of,s w l m n i,0
2949,nocopy_20,c c d e i p,c d e i p,c v d v e v e,c v d v e,unseen alphabets,q t c d e i p h b j k l m y o a f r s n u v w x g z,10,rr_interleave,4,in,c v d v e,1
2950,nocopy_20,y z,z y,j k p m,m p k j,seen alphabets,a b c d q f g l i j k p m n o e h r s t u v w x y z,5,reverse,4,out-of,i k p m,0
2951,nocopy_20,u n n c,u n d,f f v w e y,f v w e z,seen alphabets,u n c d a o g h x j b l m k i p q r s t f v w e y z,10,rr_succ,6,in,f v w e z,1
2952,nocopy_20,p r s t u,h r s t u,h r m,h r s,seen alphabets,a b c d q f g l i j k p m n o e h r s t u v w x y z,5,fix_alphabetic_seq,3,in,h r s,1
2953,nocopy_20,q g o g s g t g f g n g w g w,q g o g s g t g f g n g w,c b u b e b v b v b g,c b u b e b v b g,seen alphabets,a b c u e v g h d k i l m j r p q o s t f n w x y z,10,rr_interleave,11,in,q g o g s g t g f g v g w b b i i g b b b,0
2954,nocopy_20,n w x,v w x g,t c d e i h,t c d e i p h,unseen alphabets,q t c d e i p h b j k l m y o a f r s n u v w x g z,10,fix_extend,6,in,h c d e f g,0
2955,nocopy_20,f f d k n o p i,f d k n o p c,g h q l f d d k,g h q l f d n,unseen alphabets,a b m j e r g h q l f d k n o p i c s t u v w x y z,10,rr_succ,8,in,g h d k,0
2956,nocopy_20,s t f v v,s t f v,i p p q r,i p q r,seen alphabets,u n c d a o g h x j b l m k i p q r s t f v w e y z,10,remove_redundant,5,in,i p q r,1
2957,nocopy_20,s v t v j v j,s v t v j,k s k s l s r s n,k s l s r s n,seen alphabets,a b u d e f g h i m k l r n o p q c s t j v w x y z,5,rr_interleave,9,in,k s l s r s n,1
2958,nocopy_20,s z z,s z,j j i o w,j o i w,seen alphabets,a e c h x l g r q y k t f n d j o i w u v b m p s z,20,rr_sort,5,out-of,j o i w,1
2959,nocopy_20,e e e y y y u u u,e e e y y y u u u t t t,h h h a a a w w w d d d o o o,h h h a a a w w w d d d o o o p p p,seen alphabets,m r j k g f q n i b h a w d o p v x s l c e y u t z,20,extend_group,15,out-of,u u u t t t h h h a a a w w w d d d o o o,0
2960,nocopy_20,i j k k l,i j k l,t n n o p,t n o p,unseen alphabets,a b c d e f g h i j k l t n o p q r s m u v w x y z,2,remove_redundant,5,in,t n o q,0
2961,nocopy_20,e f g h i j k,e f g h i j k l,f g h,f g h i,seen alphabets,a b c d e f g h i j k l m n o p q r s t u v w x y z,1,extend_sequence,3,in,f g h i,1
2962,nocopy_20,b w n h,y w n h u,g m y b w n,f m y b w n h,unseen alphabets,r d v i o f g m y b w n h u j p c l e t s q a x k z,20,extend_pred,6,out-of,g z m o y u,0
2963,nocopy_20,w i l j,y s t d,n r v g f,k a m w i,unseen alphabets,u q h c p n r v g f k a m w i l j y s t d b o x e z,20,shift,5,out-of,v f r g y,0
2964,nocopy_20,s t u j,j u t s,l m n o p,p o n m l,seen alphabets,a h c d e f g b i y k l m n o p q r s t u j w x v z,5,reverse,5,out-of,l m n o q,0
2965,nocopy_20,p i c s t u,o i c s t u v,m j e r g,b j e r g h,unseen alphabets,a b m j e r g h q l f d k n o p i c s t u v w x y z,10,extend_pred,5,out-of,m j r p q,0
2966,nocopy_20,s t u,s t u v,g g g p p p q q q,g g g p p p q q q r r r,unseen alphabets,o b c d i f a h e j k l m n g p q r s t u v w x y z,5,extend_group,3,out-of,g g g p p p q q q,0
2967,nocopy_20,x c p w j n s,x c n w j p s,t j p s w g,w j p s t g,seen alphabets,q k i d v f r h a l e b x c n w j p s t g z m o y u,20,sort,6,in,w j p s t g,1
2968,nocopy_20,y z,z y,h i j k l m,m l k j i h,seen alphabets,a b c u e f g h i j k l m n o p q r s t d v w x y z,2,reverse,6,out-of,g i j k l m,0
2969,nocopy_20,x h y h z h z,x h y h z,e m e m f m g m h m i m j,e m f m g m h m i m j,seen alphabets,a b c u e f g h i j k l m n o p q r s t d v w x y z,2,rr_interleave,13,in,e m f m g m h m i m j,1
2970,nocopy_20,i e e f g h u,u e f g h i,v z x y y w,v w x y z,seen alphabets,a b c u e f g h i j k l m n o p q r s t d v w x y z,2,rr_sort,6,out-of,v w x y z,1
2971,nocopy_20,d a o t h x,d a o g h x j,r s j,r s t f,seen alphabets,u n c d a o g h x j b l m k i p q r s t f v w e y z,10,fix_extend,3,in,r s t f,1
2972,nocopy_20,e f g h i i j k,e f g h i j k,n y o y p y q y q,n y o y p y q,unseen alphabets,a b c d e f g h i j k l t n o p q r s m u v w x y z,2,rr_interleave,5,in,n y o y p y q,1
2973,nocopy_20,r c d,a c d,t u v,s u v,unseen alphabets,a r c d e f g h i j p l m n o b q y s t u v w x k z,5,pred,3,in,s u v,1
2974,nocopy_20,t n c v o w y,t n c v o w y l,q q t t n n c c v v o o,q q t t n n c c v v o o w w,unseen alphabets,d s p a x f g h m i k e r z j u b q t n c v o w y l,20,extend_group,6,out-of,q q t t h h v v x x c c,0
2975,nocopy_20,i i j d l m f,i j d l m o,j j d l m f o,j d l m f t,unseen alphabets,k n c e y a g h i j d l m f o t q r s b u v w x p z,10,rr_succ,7,in,j k l m n o,0
2976,nocopy_20,s i j k,k j i s,l b g,g b l,unseen alphabets,x r l b g t e s i j k n m w f p a c h u v d o y q z,20,reverse,3,out-of,l g b,0
2977,nocopy_20,q f g l,q f g l q f g l,t u v w x,t u v w x t u v w x,seen alphabets,a b c d q f g l i j k p m n o e h r s t u v w x y z,5,replicate,5,out-of,t u v w x y,0
2978,nocopy_20,g j r i k l,g i r j k l,d x i g f r,d x f g i r,seen alphabets,a b c d x f g i r j k l m n o p q h s t u v w e y z,5,sort,6,in,d x f g i r,1
2979,nocopy_20,p p q r,p q r,r s s t u,r s t u,seen alphabets,a z c d e f g h i j k l m n o p q r s t u v w x y b,2,remove_redundant,5,in,r s t u,1
2980,nocopy_20,p i c s,p i c s t,n n n o o o p p p i i i c c c s s s,n n n o o o p p p i i i c c c s s s t t t,unseen alphabets,a b m j e r g h q l f d k n o p i c s t u v w x y z,10,extend_group,6,out-of,n n n o o o p p p q q q c c c s s s,0
2981,nocopy_20,o p q h s t u,u t s h q p o,g i r j k l,l k j r i g,seen alphabets,a b c d x f g i r j k l m n o p q h s t u v w e y z,5,reverse,6,out-of,g i r j k m,0
2982,nocopy_20,h q l f,h q l f d,m j e,m j e r,unseen alphabets,a b m j e r g h q l f d k n o p i c s t u v w x y z,10,extend_sequence,3,in,m d e f,0
2983,nocopy_20,i j y l,m n o p,h i j,y l m,unseen alphabets,g b c d e f s h i j y l m n o p q r k t u v w x a z,5,shift,3,out-of,h i k,0
2984,nocopy_20,s m u v,r m u v w,q r s m u v,p r s m u v w,unseen alphabets,a b c d e f g h i j k l t n o p q r s m u v w x y z,2,extend_pred,6,out-of,q r s t u v w,0
2985,nocopy_20,i b k a f e,i a k b f e,c v h t q z,c v z t q h,seen alphabets,x l c v z t q h i a k b f e j o p r g y u d m n w s,20,sort,6,in,c v z t q h,1
2986,nocopy_20,g f e,g f e h j,e h i j,e h i j k m,seen alphabets,a b c d g f e h i j k l m n o p q r s t u v w x y z,2,extend_extend_succ,4,out-of,f h i j,0
2987,nocopy_20,q g s t u,q r s t u,f s g s h s i s n,f s g s h s i s j,unseen alphabets,a c b v d f g h i j k l m n o p q r s t u e w x y z,5,fix_interleave,5,out-of,f s g s h s i s j,1
2988,nocopy_20,l m n o q p,l m n o p q,w r s t u v q,q r s t u v w,seen alphabets,a b c d e f g h i j k l m n o p q r s t u v w x y z,1,sort,7,in,q r s t u v w,1
2989,nocopy_20,t d h o x,t d b o x,l j o s t d b,l j y s t d b,unseen alphabets,u q h c p n r v g f k a m w i l j y s t d b o x e z,20,fix_alphabetic_seq,7,in,l m j r x s t,0
2990,nocopy_20,h v j k l m,h i j k l m n,l m n o p q k,l m n o p q r s,seen alphabets,a b c u e f g h i j k l m n o p q r s t d v w x y z,2,fix_extend,7,in,l m n o p q r s,1
2991,nocopy_20,p a x f s h,p a x f g h,r e z e f e u,r e z e j e u,unseen alphabets,d s p a x f g h m i k e r z j u b q t n c v o w y l,20,fix_interleave,4,out-of,r e d e u e f e,0
2992,nocopy_20,c t z,b t z e,r d u f g p,s d u f g p i,seen alphabets,a s r d u f g p i j k l m n o h q b c t z e w x y v,10,extend_pred,6,out-of,r d u f g p i,0
2993,nocopy_20,l m y y o,l m y a,m y y o,m y a,unseen alphabets,q t c d e i p h b j k l m y o a f r s n u v w x g z,10,rr_succ,4,in,m n o,0
2994,nocopy_20,f s s h,f s i,d d e f s h i,d e f s h j,unseen alphabets,g b c d e f s h i j y l m n o p q r k t u v w x a z,5,rr_succ,7,in,d e f s h i,0
2995,nocopy_20,y c d e f,y c d e f g,o o o i i i q q q,o o o i i i q q q r r r,unseen alphabets,a y c d e f g h p b k l m n o i q r s t u v w x j z,5,extend_group,3,out-of,o o o u i i q q q t,0
2996,nocopy_20,i e k l m w,i n k l m w f,f q r s t u z,p q r s t u z a,unseen alphabets,x b c d e v g h i n k l m w f p q r s t u z a y j o,10,fix_extend,7,in,p q r s t u j w,0
2997,nocopy_20,h i j p l,g i j p l,w x k z,v x k z,unseen alphabets,a r c d e f g h i j p l m n o b q y s t u v w x k z,5,pred,4,in,w x y z,0
2998,nocopy_20,u v w x y z,t v w x y z,t u v w x y,s u v w x y,unseen alphabets,a f c d e b g h i j k l m n o p q r s t u v w x y z,2,pred,6,in,s u v w x y,1
2999,nocopy_20,i j k p m,i j k p m i j k p m,g l i,g l i g l i,seen alphabets,a b c d q f g l i j k p m n o e h r s t u v w x y z,5,replicate,3,out-of,g l i j,0
3000,nocopy_20,a b c u e v,g h d k i l,j r p q,o s t f,seen alphabets,a b c u e v g h d k i l m j r p q o s t f n w x y z,10,shift,4,out-of,m r p q,0
3001,nocopy_20,s t u,s t v,h i j k l m,h i j k l n,unseen alphabets,f b c d e a g h i j k l m n o p q r s t u v w x y z,2,succ,6,in,g i j k l m,0
3002,nocopy_20,w x y z,w x y z w x y z,n o p q,n o p q n o p q,unseen alphabets,f b c d e a g h i j k l m n o p q r s t u v w x y z,2,replicate,4,out-of,n o p q r,0
3003,nocopy_20,j d l l,j d l,d h l h l h m,d h l h m,unseen alphabets,k n c e y a g h i j d l m f o t q r s b u v w x p z,10,rr_interleave,4,in,d h l h m,1
3004,nocopy_20,a z g,f z g r,r k w n y s o,g k w n y s o u,seen alphabets,l d c b e f a z g r k w n y s o u i q t h v x p m j,20,extend_pred,7,out-of,r k w n y s o u,0
3005,nocopy_20,u d d e f g h i,u d e f g h m,q c s t t j,q c s t v,seen alphabets,a b u d e f g h i m k l r n o p q c s t j v w x y z,5,rr_succ,6,in,q c s t v,1
3006,nocopy_20,o b q y,y q b o,y s t u,u t s y,unseen alphabets,a r c d e f g h i j p l m n o b q y s t u v w x k z,5,reverse,4,out-of,r s t u,0
3007,nocopy_20,r s t,u e w,l m n o p,q r s t u,unseen alphabets,a c b v d f g h i j k l m n o p q r s t u e w x y z,5,shift,5,out-of,l m n o q,0
3008,nocopy_20,b h a w d o,p v x s l c,i b h a w d o,p v x s l c e,seen alphabets,m r j k g f q n i b h a w d o p v x s l c e y u t z,20,shift,7,out-of,n b h a w d o,0
3009,nocopy_20,u y w x v z,u v w x y z,e g b,e b g,unseen alphabets,a f c d e b g h i j k l m n o p q r s t u v w x y z,2,sort,3,in,e f g,0
3010,nocopy_20,c a e v g h,c d e v g h,n g s g t g u g z,r g s g t g u g z,unseen alphabets,x b c d e v g h i n k l m w f p q r s t u z a y j o,10,fix_interleave,5,out-of,s g t g u g v g z,0
3011,nocopy_20,l c e y u,l c e y u t,h a w d o,h a w d o p,seen alphabets,m r j k g f q n i b h a w d o p v x s l c e y u t z,20,extend_sequence,5,in,h a w d o p,1
3012,nocopy_20,l c e,c l e,i g f o,i o f g,unseen alphabets,r d v i o f g m y b w n h u j p c l e t s q a x k z,20,sort,4,in,f g l i,0
3013,nocopy_20,r d j d j d k d g,r d j d k d g,p e v e v e x e s,p e v e x e s,seen alphabets,m r j k g f q n i b h a w d o p v x s l c e y u t z,20,rr_interleave,9,in,p e v e x e s,1
3014,nocopy_20,r k w n,r k w n y,i q t h,i q t h v,seen alphabets,l d c b e f a z g r k w n y s o u i q t h v x p m j,20,extend_sequence,4,in,i q t h v,1
3015,nocopy_20,m l j l o l p,m l n l o l p,n k o k g k q k r,n k o k p k q k r,seen alphabets,a b c d e f g h i j k l m n o p q r s t u v w x z y,2,fix_interleave,9,out-of,n k o k h k q k r,0
3016,nocopy_20,g f p q r,w f p q r,f d e,c d e,unseen alphabets,x b c d e v g h i n k l m w f p q r s t u z a y j o,10,fix_alphabetic_seq,3,in,d e f,0
3017,nocopy_20,l m n n o h q,l m n o h b,s r r d u f g p,s r d u f g i,seen alphabets,a s r d u f g p i j k l m n o h q b c t z e w x y v,10,rr_succ,8,in,s r d u f g p,0
3018,nocopy_20,r s t u,v w x y,p q r s t,u v w x y,unseen alphabets,a m c d e f g h i j k l b n o p q r s t u v w x y z,2,shift,5,out-of,o q r s t,0
3019,nocopy_20,g b u q n,s b u q n,d e j e c e z e m e a,d e r e c e z e m e a,unseen alphabets,e d r c z m a f i j h y w l o g v p s b u q n x k t,20,fix_interleave,6,out-of,d e c e z e j e f,0
3020,nocopy_20,q h s t u v,q h s t u v q h s t u v,v w e,v w e v w e,seen alphabets,a b c d x f g i r j k l m n o p q h s t u v w e y z,5,replicate,3,out-of,t u v w e y,0
3021,nocopy_20,k l m y o,k l m y o k l m y o,m y o,m y o m y o,unseen alphabets,q t c d e i p h b j k l m y o a f r s n u v w x g z,10,replicate,3,out-of,m n o p,0
3022,nocopy_20,s z u v,r z u w,e f g h i b k,d f g h i b l,seen alphabets,a b c d e f g h i j k l m n o p q r s t u v w x y z,1,fix_pred_succ,7,out-of,e f g h i j k,0
3023,nocopy_20,g h i,i h g,x y z,z y x,unseen alphabets,a m c d e f g h i j k l b n o p q r s t u v w x y z,2,reverse,3,out-of,w y z,0
3024,nocopy_20,h r s t,t s r h,a b c d q f g,g f q d c b a,seen alphabets,a b c d q f g l i j k p m n o e h r s t u v w x y z,5,reverse,7,out-of,a b c d q f l,0
3025,nocopy_20,l m f x,l m f o,w x s z,w x p z,unseen alphabets,k n c e y a g h i j d l m f o t q r s b u v w x p z,10,fix_alphabetic_seq,4,in,w x y z,0
3026,nocopy_20,t u v,v u t,o i q r s t,t s r q i o,unseen alphabets,a y c d e f g h p b k l m n o i q r s t u v w x j z,5,reverse,6,out-of,o p q r s t,0
3027,nocopy_20,b c d i f a,a f i d c b,v w x,x w v,unseen alphabets,o b c d i f a h e j k l m n g p q r s t u v w x y z,5,reverse,3,out-of,u w x,0
3028,nocopy_20,t u j w,t u j w t u j w,r s t u j w x,r s t u j w x r s t u j w x,seen alphabets,a h c d e f g b i y k l m n o p q r s t u j w x v z,5,replicate,7,out-of,r s t u j w x v,0
3029,nocopy_20,o p r q p s t u,o p q r s t u,d g f g e h i j,d e f g h i j,seen alphabets,a z c d e f g h i j k l m n o p q r s t u v w x y b,2,rr_sort,8,out-of,d g f e h i j,0
3030,nocopy_20,n y s o u,n y s o u n y s o u,t h v x p m j,t h v x p m j t h v x p m j,seen alphabets,l d c b e f a z g r k w n y s o u i q t h v x p m j,20,replicate,7,out-of,t h v x p m j b,0
3031,nocopy_20,b v d f g h i,b v d f g h i j l,j k l,j k l m o,unseen alphabets,a c b v d f g h i j k l m n o p q r s t u e w x y z,5,extend_extend_succ,3,out-of,j k l m,0
3032,nocopy_20,j e b x c n,l e b x c n,s t e z,s t g z,seen alphabets,q k i d v f r h a l e b x c n w j p s t g z m o y u,20,fix_alphabetic_seq,4,in,s t g z,1
3033,nocopy_20,p q r s t,o q r s t,c d e,z d e,seen alphabets,a z c d e f g h i j k l m n o p q r s t u v w x y b,2,pred,3,in,c d f,0
3034,nocopy_20,x l c v z t t q,x l c v z t q,y u u d m n w,y u d m n w,seen alphabets,x l c v z t q h i a k b f e j o p r g y u d m n w s,20,remove_redundant,7,in,y u d m n w,1
3035,nocopy_20,l f g h,e f g h,e n o,c n o,seen alphabets,a b m d e f g h i j k l c n o p q r s t u v w x y z,2,fix_alphabetic_seq,3,in,m n o,0
3036,nocopy_20,h m i k e e,h m i k e,k g e g e g r g z g j g u,k g e g r g z g j g u,unseen alphabets,d s p a x f g h m i k e r z j u b q t n c v o w y l,20,rr_interleave,7,in,k g e g j g o g p,0
3037,nocopy_20,g i y k,f i y l,c d e p,h d e q,seen alphabets,a h c d e f g b i y k l m n o p q r s t u j w x v z,5,fix_pred_succ,4,out-of,c d e f,0
3038,nocopy_20,y l v n o,j l v n p,y q m n o p,j q m n o q,unseen alphabets,g b c d e f s h i j y l m n o p q r k t u v w x a z,5,fix_pred_succ,6,out-of,l q n o p,0
3039,nocopy_20,x v w u y,u v w x y,c c f f i i d d a a h h,c c d d i i f f a a h h,unseen alphabets,o b c d i f a h e j k l m n g p q r s t u v w x y z,5,sort_group,6,in,c c d d a a f f g g h h i i,0
3040,nocopy_20,p q x,p q x s u,f g h v,f g h v e l,seen alphabets,a b c z j f g h v e k l m n o p q x s t u i y w d r,10,extend_extend_succ,4,out-of,f g h e,0
3041,nocopy_20,o o o n n n m m m,m m m n n n o o o,n n p p o o q q,n n o o p p q q,seen alphabets,a z c d e f g h i j k l m n o p q r s t u v w x y b,2,sort_group,8,in,o o p o q,0
3042,nocopy_20,c e y,c e y a,b u v w x,b u v w x p,unseen alphabets,k n c e y a g h i j d l m f o t q r s b u v w x p z,10,extend_sequence,5,in,t u v w x y,0
3043,nocopy_20,x l g,x l r,d j o i,d j o w,seen alphabets,a e c h x l g r q y k t f n d j o i w u v b m p s z,20,succ,4,in,n j o i,0
3044,nocopy_20,g g h b j k l,g h b j k l,g c h c b c j c j c k,g c h c b c j c k,unseen alphabets,a i c d e f g h b j k l m n o p q r s t u v w x y z,2,rr_interleave,6,in,g c h c i c j c k,0
3045,nocopy_20,k n x n d n v,k n i n d n v,k i i i d i v i h i r,k i i i d i v i f i r,seen alphabets,q k i d v f r h a l e b x c n w j p s t g z m o y u,20,fix_interleave,11,out-of,k i i i d i v i f i r,1
3046,nocopy_20,o p q r s,o p q r s t,d v w x y,d v w x y z,seen alphabets,a b c u e f g h i j k l m n o p q r s t d v w x y z,2,extend_sequence,5,in,d v w x y z,1
3047,nocopy_20,z v x,z v y,s t u z v x,s t u z v y,unseen alphabets,a e q d w f g b i j k m c n o p h r s t u z v x y l,10,succ,6,in,s t u v w x,0
3048,nocopy_20,w x y,w x y b,l m n,l m n o,seen alphabets,a z c d e f g h i j k l m n o p q r s t u v w x y b,2,extend_sequence,3,in,l m n o,1
3049,nocopy_20,o o o o p o q o x,o o p o q o x,f i g i h i h i v,f i g i h i v,seen alphabets,a b c z j f g h v e k l m n o p q x s t u i y w d r,10,rr_interleave,9,in,f i g i h i v,1
3050,nocopy_20,c h u,c h u v o,m w f,m w f p c,unseen alphabets,x r l b g t e s i j k n m w f p a c h u v d o y q z,20,extend_extend_succ,3,out-of,m n w,0
3051,nocopy_20,d b r x e,d b o x e z,u q h c p t,u q h c p n r,unseen alphabets,u q h c p n r v g f k a m w i l j y s t d b o x e z,20,fix_extend,6,in,u v c x y z,0
3052,nocopy_20,v g f k a m w w,v g f k a m w,j y s t t d,j y s t d,unseen alphabets,u q h c p n r v g f k a m w i l j y s t d b o x e z,20,remove_redundant,6,in,j p s t z,0
3053,nocopy_20,p q o o s t,p q o s f,r p q o s t t f,r p q o s t n,seen alphabets,a b c u e v g h d k i l m j r p q o s t f n w x y z,10,rr_succ,8,in,r p q o s t n,1
3054,nocopy_20,h p b k,h p b l,h p b k l m,h p b k l n,unseen alphabets,a y c d e f g h p b k l m n o i q r s t u v w x j z,5,succ,6,in,h i j k l m,0
3055,nocopy_20,c d e f,y d e f,v w x j,u w x j,unseen alphabets,a y c d e f g h p b k l m n o i q r s t u v w x j z,5,pred,4,in,j w x v,0
3056,nocopy_20,p p q r,p q r,w y x y y y y,w y x y y,unseen alphabets,a c b v d f g h i j k l m n o p q r s t u e w x y z,5,rr_interleave,4,in,w y x y y,1
3057,nocopy_20,y o a,f r s,o a f r s,n u v w x,unseen alphabets,q t c d e i p h b j k l m y o a f r s n u v w x g z,10,shift,5,out-of,o s t f n,0
3058,nocopy_20,r r r k k k t t t u u u v v v c c c x x x,r r r k k k t t t u u u v v v c c c x x x y y y,r r k k t t u u,r r k k t t u u v v,seen alphabets,a b g d e f s h i j w l m n o p q r k t u v c x y z,5,extend_group,8,out-of,r r r q q q y y y k k k t t t u u u v v v,0
3059,nocopy_20,r l b g t,x l b g t e,s i j,e i j k,unseen alphabets,x r l b g t e s i j k n m w f p a c h u v d o y q z,20,extend_pred,3,out-of,s h i j w,0
3060,nocopy_20,p b k l m o n,p b k l m n o,e e f f g g h h b b p p,e e f f g g h h p p b b,unseen alphabets,a y c d e f g h p b k l m n o i q r s t u v w x j z,5,sort_group,6,in,e e f f g g h h i i,0
3061,nocopy_20,i q r,o q r,o i q r s,n i q r s,unseen alphabets,a y c d e f g h p b k l m n o i q r s t u v w x j z,5,pred,5,in,o p q r s,0
3062,nocopy_20,n o h q b c t,n o h q b c t z w,a s r d u f,a s r d u f g i,seen alphabets,a s r d u f g p i j k l m n o h q b c t z e w x y v,10,extend_extend_succ,6,out-of,a s r d u f g,0
3063,nocopy_20,w w c c n n x x,x x c c n n w w,a a a l l l b b b e e e x x x c c c,a a a l l l e e e b b b x x x c c c,seen alphabets,q k i d v f r h a l e b x c n w j p s t g z m o y u,20,sort_group,18,in,a a a l l l e e e b b b x x x c c c,1
3064,nocopy_20,b c d e a,f c d e a,t u v w x y,s u v w x y,unseen alphabets,f b c d e a g h i j k l m n o p q r s t u v w x y z,2,pred,6,in,s u v w x y,1
3065,nocopy_20,u v w,u v w u v w,e f g h i j,e f g h i j e f g h i j,unseen alphabets,a r c d e f g h i j p l m n o b q y s t u v w x k z,5,replicate,6,out-of,e f g h i j k,0
3066,nocopy_20,u v v w x g,u v w x g,i p h b j j,i p h b j,unseen alphabets,q t c d e i p h b j k l m y o a f r s n u v w x g z,10,remove_redundant,6,in,i p m j,0
3067,nocopy_20,l d n o p q,l m n o p q r,t u h,t u j w,seen alphabets,a h c d e f g b i y k l m n o p q r s t u j w x v z,5,fix_extend,3,in,t u v w,0
3068,nocopy_20,u z a y j,u z a y j o,w f p,w f p q,unseen alphabets,x b c d e v g h i n k l m w f p q r s t u z a y j o,10,extend_sequence,3,in,w j p s,0
3069,nocopy_20,i j j k l m,i j k l m,d f g h i j j k,d f g h i j k,unseen alphabets,a c b v d f g h i j k l m n o p q r s t u e w x y z,5,remove_redundant,8,in,d f g h i j k,1
3070,nocopy_20,l b n o p q r,k b n o p q r s,t u v w,s u v w x,unseen alphabets,a m c d e f g h i j k l b n o p q r s t u v w x y z,2,extend_pred,4,out-of,t u v w x,0
3071,nocopy_20,q h c p n,n p c h q,r v g,g v r,unseen alphabets,u q h c p n r v g f k a m w i l j y s t d b o x e z,20,reverse,3,out-of,d v g,0
3072,nocopy_20,o p q r s,t u v w x,l b n o p q,r s t u v w,unseen alphabets,a m c d e f g h i j k l b n o p q r s t u v w x y z,2,shift,6,out-of,l m n o p q,0
3073,nocopy_20,x l c v z t t,x l c v z q,h i a a k b f e,h i a k b f j,seen alphabets,x l c v z t q h i a k b f e j o p r g y u d m n w s,20,rr_succ,8,in,h i a k b f j,1
3074,nocopy_20,m m n n o o p p q q,m m n n o o p p q q r r,c c d d e e f f g g h h,c c d d e e f f g g h h i i,seen alphabets,a b c d e f g h i j k l m n o p q r s t u v w x y z,1,extend_group,12,out-of,p p q q r r d d e e f f g g h h h h,0
3075,nocopy_20,k l m,k l m k l m,i c d,i c d i c d,unseen alphabets,a i c d e f g h b j k l m n o p q r s t u v w x y z,2,replicate,3,out-of,b c d g,0
3076,nocopy_20,z e k l m n o,c e k l m n p,g s t u i,f s t u y,seen alphabets,a b c z j f g h v e k l m n o p q x s t u i y w d r,10,fix_pred_succ,5,out-of,r s t u i,0
3077,nocopy_20,f g h i j k,l m n o p q,z c d e f,g h i j k,seen alphabets,a z c d e f g h i j k l m n o p q r s t u v w x y b,2,shift,5,out-of,z c d e g,0
3078,nocopy_20,c f d i d a h,c d i f a h,w s t t u v r x,r s t u v w x,unseen alphabets,o b c d i f a h e j k l m n g p q r s t u v w x y z,5,rr_sort,8,out-of,w s t u v w x,0
3079,nocopy_20,p q r s,p q r s p q r s,u v w x,u v w x u v w x,seen alphabets,a z c d e f g h i j k l m n o p q r s t u v w x y b,2,replicate,4,out-of,u v w x y,0
3080,nocopy_20,q r s t u,q r s t v,o i q,o i r,unseen alphabets,a y c d e f g h p b k l m n o i q r s t u v w x j z,5,succ,3,in,o p q,0
3081,nocopy_20,m w f p a c h h,m w f p a c u,g t e s i i,g t e s j,unseen alphabets,x r l b g t e s i j k n m w f p a c h u v d o y q z,20,rr_succ,6,in,g t e h i,0
3082,nocopy_20,a f i j h y w,a f i j h y w l g,a f i j h,a f i j h y l,unseen alphabets,e d r c z m a f i j h y w l o g v p s b u q n x k t,20,extend_extend_succ,5,out-of,f s h i j w,0
3083,nocopy_20,h o h o x o j o b,h o x o j o b,j p j p b p l p m,j p b p l p m,seen alphabets,u n c d a o g h x j b l m k i p q r s t f v w e y z,10,rr_interleave,9,in,j p b p l p m,1
3084,nocopy_20,g b c d d e f,g b c d e f,r k t t u v w,r k t u v w,unseen alphabets,g b c d e f s h i j y l m n o p q r k t u v w x a z,5,remove_redundant,7,in,r k t u v w,1
3085,nocopy_20,w u y z,w x y z,l d v d n,l d m d n,unseen alphabets,o b c d i f a h e j k l m n g p q r s t u v w x y z,5,fix_interleave,3,out-of,l d v v,0
3086,nocopy_20,q t d c e i p,q t c d e i p,k m l y o,k l m y o,unseen alphabets,q t c d e i p h b j k l m y o a f r s n u v w x g z,10,sort,5,in,k l m n o,0
3087,nocopy_20,i l m j r,k l m j r p,v g h d,e g h d k,seen alphabets,a b c u e v g h d k i l m j r p q o s t f n w x y z,10,extend_pred,4,out-of,v g h d k,0
3088,nocopy_20,l r s r t,r r s r t,k w l w m w n w v w p w q,k w l w m w n w o w p w q,seen alphabets,a b c d e f g h i j k l m n o p q r s t u v w x z y,2,fix_interleave,13,out-of,k w l w m w n w o w p w q,1
3089,nocopy_20,v v v x x x z z z,x x x v v v z z z,i i b b y y,b b i i y y,seen alphabets,a h c d e f g b i y k l m n o p q r s t u j w x v z,5,sort_group,6,in,z z i i y y,0
3090,nocopy_20,c u e f g h i,c u e f g h j,p q r s t,p q r s d,seen alphabets,a b c u e f g h i j k l m n o p q r s t d v w x y z,2,succ,5,in,o q r s t,0
3091,nocopy_20,l l m l n l o l o,l l m l n l o,v u w u e u e,v u w u e,seen alphabets,a b c d x f g i r j k l m n o p q h s t u v w e y z,5,rr_interleave,7,in,v u w u e,1
3092,nocopy_20,l o g v p s,l o g v p b,w l o g v p s,w l o g v p b,unseen alphabets,e d r c z m a f i j h y w l o g v p s b u q n x k t,20,succ,7,in,w d o p v x s,0
3093,nocopy_20,w l o g v p s,y l o g v p s b,m a f i j h y,z a f i j h y w,unseen alphabets,e d r c z m a f i j h y w l o g v p s b u q n x k t,20,extend_pred,7,out-of,m r j k g f q n,0
3094,nocopy_20,d d c b e,d c b f,w w n y s o,w n y s u,seen alphabets,l d c b e f a z g r k w n y s o u i q t h v x p m j,20,rr_succ,6,in,w n y s o,0
3095,nocopy_20,g f g e,e f g,y x w z z,w x y z,seen alphabets,a b c d e f g h i j k l m n o p q r s t u v w x y z,1,rr_sort,5,out-of,y x z,0
3096,nocopy_20,f g h p b k,f g h p b k l,k k l l m m n n,k k l l m m n n o o,unseen alphabets,a y c d e f g h p b k l m n o i q r s t u v w x j z,5,extend_group,4,out-of,k k l m n o,0
3097,nocopy_20,q p t p g,q p f p g,y q q,y q z,seen alphabets,a b c d q f g l i j k p m n o e h r s t u v w x y z,5,fix_interleave,3,out-of,q y,0
3098,nocopy_20,k l m n o p,k l m n o p q,e f g b i j,e f g b i j k,seen alphabets,h s r d e f g b i j k l m n o p q z w t c v y x a u,10,extend_sequence,6,in,e f g b i j k,1
3099,nocopy_20,d g u g f g y,d g u g f g g,f j c j t j z j e,b j c j t j z j e,seen alphabets,a s r d u f g p i j k l m n o h q b c t z e w x y v,10,fix_interleave,9,out-of,c j t j z j e,0
3100,nocopy_20,q z s,q r s,q r a t,q r s t,unseen alphabets,a i c d e f g h b j k l m n o p q r s t u v w x y z,2,fix_alphabetic_seq,4,in,q r s t,1
3101,nocopy_20,m n o p q,r s t u e,q r s t,u e w x,unseen alphabets,a c b v d f g h i j k l m n o p q r s t u e w x y z,5,shift,4,out-of,p r s t,0
3102,nocopy_20,h h i j,h i j,k r k q,q r k,unseen alphabets,g b c d e f s h i j y l m n o p q r k t u v w x a z,5,rr_sort,4,out-of,k l n,0
3103,nocopy_20,z r e j,e r z j,h h h m m m i i i e e e k k k,h h h m m m i i i k k k e e e,unseen alphabets,d s p a x f g h m i k e r z j u b q t n c v o w y l,20,sort_group,5,in,h h h i i i m m m k k k,0
3104,nocopy_20,p q u s t r v,p q r s t u v,i c d e f h g,i c d e f g h,unseen alphabets,a i c d e f g h b j k l m n o p q r s t u v w x y z,2,sort,7,in,b c d e f g h,0
3105,nocopy_20,o h u h u h i h q h t h h,o h u h i h q h t h h,n v y v s v o v o v u v i,n v y v s v o v u v i,seen alphabets,l d c b e f a z g r k w n y s o u i q t h v x p m j,20,rr_interleave,13,in,u h u i i h q q q t t t h h h v v v x x x,0
3106,nocopy_20,h i i m k,h i m k,g h h i,g h i,seen alphabets,a b u d e f g h i m k l r n o p q c s t j v w x y z,5,remove_redundant,4,in,g h m,0
3107,nocopy_20,n o w q r s t,n o p q r s t,l x m x n x z x p,l x m x n x o x p,unseen alphabets,f b c d e a g h i j k l m n o p q r s t u v w x y z,2,fix_interleave,5,out-of,l x m x n x o x p,1
3108,nocopy_20,g b i y,g b i k,g b i y k l m,g b i y k l n,seen alphabets,a h c d e f g b i y k l m n o p q r s t u j w x v z,5,succ,7,in,f b i y k l m,0
3109,nocopy_20,a a b b c c e e u u,a a b b c c u u e e,v v v w w w y y y x x x z z z,v v v w w w x x x y y y z z z,seen alphabets,a b c u e f g h i j k l m n o p q r s t d v w x y z,2,sort_group,15,in,u u u v v v w w w x x x y y y z z z,0
3110,nocopy_20,j p l l m,j p l m,o o b q,o b q,unseen alphabets,a r c d e f g h i j p l m n o b q y s t u v w x k z,5,remove_redundant,4,in,o h q,0
3111,nocopy_20,d e i p v b j,c e i p v b k,s j k,r j l,unseen alphabets,q t c d e i p h b j k l m y o a f r s n u v w x g z,10,fix_pred_succ,3,out-of,i j k,0
3112,nocopy_20,k b l b m b n b o b p b p b q,k b l b m b n b o b p b q,s n t n u n u,s n t n u,seen alphabets,a b c d e f g h i j k l m n o p q r s t u v w x y z,1,rr_interleave,7,in,l b l b m m n n n o o o p p p q q q r r r,0
3113,nocopy_20,i f a h e j,j e h a f i,g p q r,r q p g,unseen alphabets,o b c d i f a h e j k l m n g p q r s t u v w x y z,5,reverse,4,out-of,o p q r,0
3114,nocopy_20,j k l c n g,j k l c n o,n o p q z,n o p q r,seen alphabets,a b m d e f g h i j k l c n o p q r s t u v w x y z,2,fix_alphabetic_seq,5,in,n o p q w,0
3115,nocopy_20,t u v c x y,t u v c x y t u v c x y,o p q r k t u,o p q r k t u o p q r k t u,seen alphabets,a b g d e f s h i j w l m n o p q r k t u v c x y z,5,replicate,7,out-of,c e y u t z m o,0
3116,nocopy_20,m v i l j y,a v i l j s,r v g a k,n v g a a,unseen alphabets,u q h c p n r v g f k a m w i l j y s t d b o x e z,20,fix_pred_succ,5,out-of,v g r k,0
3117,nocopy_20,u e w x q z,u e w x y z,q r c,q r s,unseen alphabets,a c b v d f g h i j k l m n o p q r s t u e w x y z,5,fix_alphabetic_seq,3,in,q r s,1
3118,nocopy_20,n w d w a w o,n w d w j w o,k d t d f d n d b,k d t d f d n d d,seen alphabets,a e c h x l g r q y k t f n d j o i w u v b m p s z,20,fix_interleave,9,out-of,k d t d f d n d d,1
3119,nocopy_20,h x l g,h x l g r y,h x l,h x l g q,seen alphabets,a e c h x l g r q y k t f n d j o i w u v b m p s z,20,extend_extend_succ,3,out-of,c x l,0
3120,nocopy_20,j v z t q,c v z t q h,z t o h i a,z t q h i a k,seen alphabets,x l c v z t q h i a k b f e j o p r g y u d m n w s,20,fix_extend,6,in,z t q h i a k,1
3121,nocopy_20,j i k k l,i j k l,a b e c d c f,a b c d e f,seen alphabets,a b c d e f g h i j k l m n o p q r s t u v w x z y,2,rr_sort,7,out-of,a b c d e f,1
3122,nocopy_20,m i o h q b c,m n o h q b c,f g p x j,f g p i j,seen alphabets,a s r d u f g p i j k l m n o h q b c t z e w x y v,10,fix_alphabetic_seq,5,in,f g p i j,1
3123,nocopy_20,q q n n h h b b i i,q q n n i i b b h h,f f f g g g k k k q q q,k k k g g g f f f q q q,seen alphabets,m r j k g f q n i b h a w d o p v x s l c e y u t z,20,sort_group,12,in,k k k g g g f f f q q q h h h i i i,0
3124,nocopy_20,j k l,l k j,i j k l m n,n m l k j i,seen alphabets,a s r d u f g p i j k l m n o h q b c t z e w x y v,10,reverse,6,out-of,i j k l m o,0
3125,nocopy_20,e h g r q,e r g h q,k k n n o o i i p p,k k n n o o p p i i,unseen alphabets,a b m j e r g h q l f d k n o p i c s t u v w x y z,10,sort_group,5,in,k k l l m m n n o o p p,0
3126,nocopy_20,l d c b e f,l d c b e f a g,k w n y s o u,k w n y s o u i t,seen alphabets,l d c b e f a z g r k w n y s o u i q t h v x p m j,20,extend_extend_succ,7,out-of,r w n y s o u,0
3127,nocopy_20,v w x y y,v w x z,m n o p p,m n o q,unseen alphabets,f b c d e a g h i j k l m n o p q r s t u v w x y z,2,rr_succ,5,in,m n o q,1
3128,nocopy_20,g h i i j,g h i j,g h i j p p l,g h i j p l,unseen alphabets,a r c d e f g h i j p l m n o b q y s t u v w x k z,5,remove_redundant,7,in,g h i j k m,0
3129,nocopy_20,p q r s t u,o q r s t u,r s t u e,q s t u e,unseen alphabets,a c b v d f g h i j k l m n o p q r s t u e w x y z,5,pred,5,in,q s t u e,1
3130,nocopy_20,v r k t u q,q r k t u v,n n n m m m o o o p p p,m m m n n n o o o p p p,unseen alphabets,g b c d e f s h i j y l m n o p q r k t u v w x a z,5,sort_group,4,in,m m m n n n o o o p p p,1
3131,nocopy_20,s t t u z,s t u z,i j k m c c,i j k m c,unseen alphabets,a e q d w f g b i j k m c n o p h r s t u z v x y l,10,remove_redundant,6,in,i j k p c,0
3132,nocopy_20,r r r s s s t t t u u u v v v,r r r s s s t t t u u u v v v w w w,a a b b c c d d e e,a a b b c c d d e e f f,seen alphabets,a b c d e f g h i j k l m n o p q r s t u v w x y z,1,extend_group,10,out-of,r r r s s s t t t u u u v v v w w w e e e,0
3133,nocopy_20,p m r,p q r s,p i r s,p q r s t,unseen alphabets,a m c d e f g h i j k l b n o p q r s t u v w x y z,2,fix_extend,4,in,p q r s t,1
3134,nocopy_20,u v n x,n v n g,n u v o,s u v a,unseen alphabets,q t c d e i p h b j k l m y o a f r s n u v w x g z,10,fix_pred_succ,4,out-of,n o u v,0
3135,nocopy_20,h i j j,h i k,t n o o,t n p,unseen alphabets,a b c d e f g h i j k l t n o p q r s m u v w x y z,2,rr_succ,4,in,t n o,0
3136,nocopy_20,t u e w,t u e w t u e w,s t u e w x,s t u e w x s t u e w x,unseen alphabets,a c b v d f g h i j k l m n o p q r s t u e w x y z,5,replicate,6,out-of,s t u v w x y,0
3137,nocopy_20,r r k k w w n n,r r k k w w n n y y,w w n n y y s s o o u u i i,w w n n y y s s o o u u i i q q,seen alphabets,l d c b e f a z g r k w n y s o u i q t h v x p m j,20,extend_group,14,out-of,w y n y y y s y o y u y i,0
3138,nocopy_20,n g p q r,n g p q r s u,t u v,t u v w y,unseen alphabets,o b c d i f a h e j k l m n g p q r s t u v w x y z,5,extend_extend_succ,3,out-of,t u w,0
3139,nocopy_20,u d v,u v d,c a h,a c h,unseen alphabets,x r l b g t e s i j k n m w f p a c h u v d o y q z,20,sort,3,in,a h c,0
3140,nocopy_20,m q o,m n o,f s g s h s i s n,f s g s h s i s j,unseen alphabets,a c b v d f g h i j k l m n o p q r s t u e w x y z,5,fix_interleave,5,out-of,f s g s h s i s j,1
3141,nocopy_20,h c p n n,h c p n,j y s t t d,j y s t d,unseen alphabets,u q h c p n r v g f k a m w i l j y s t d b o x e z,20,remove_redundant,6,in,j p s t z,0
3142,nocopy_20,t v d f,b v d f,u e t x,u e w x,unseen alphabets,a c b v d f g h i j k l m n o p q r s t u e w x y z,5,fix_alphabetic_seq,4,in,u e w x,1
3143,nocopy_20,s t f,s t n,p q o s t f,p q o s t n,seen alphabets,a b c u e v g h d k i l m j r p q o s t f n w x y z,10,succ,6,in,r q o s t f,0
3144,nocopy_20,s t f v w x,s t u v w x,c k o k e k f k g,c k d k e k f k g,unseen alphabets,a m c d e f g h i j k l b n o p q r s t u v w x y z,2,fix_interleave,5,out-of,c k d k e k f k g,1
3145,nocopy_20,d o y y q z,d o y q z,d f o f o f y,d f o f y,unseen alphabets,x r l b g t e s i j k n m w f p a c h u v d o y q z,20,rr_interleave,4,in,d f o f y,1
3146,nocopy_20,e r z j,u b q t,g h m i,k e r z,unseen alphabets,d s p a x f g h m i k e r z j u b q t n c v o w y l,20,shift,4,out-of,g h i m,0
3147,nocopy_20,u e v g h,u e v g d,a b c u,a b c e,seen alphabets,a b c u e v g h d k i l m j r p q o s t f n w x y z,10,succ,4,in,a b c e,1
3148,nocopy_20,u v w,u v w x,f f g g h h i i j j k k l l,f f g g h h i i j j k k l l t t,unseen alphabets,a b c d e f g h i j k l t n o p q r s m u v w x y z,2,extend_group,7,out-of,f f g g h h i i j j k k l m,0
3149,nocopy_20,p q r s m,m s r q p,v w x,x w v,unseen alphabets,a b c d e f g h i j k l t n o p q r s m u v w x y z,2,reverse,3,out-of,v w y,0
3150,nocopy_20,c d i f a h,c d i f a h e k,m n g,m n g p r,unseen alphabets,o b c d i f a h e j k l m n g p q r s t u v w x y z,5,extend_extend_succ,3,out-of,m n o,0
3151,nocopy_20,s s h i j w l,s h i j w l,x y y z,x y z,seen alphabets,a b g d e f s h i j w l m n o p q r k t u v c x y z,5,remove_redundant,4,in,x y z,1
3152,nocopy_20,h i j f y w w l,f i j h y w l,y w o o l g,y w l o g,unseen alphabets,e d r c z m a f i j h y w l o g v p s b u q n x k t,20,rr_sort,6,out-of,y w l m,0
3153,nocopy_20,h i n k l m w,g i n k l m w,s t u z a,r t u z a,unseen alphabets,x b c d e v g h i n k l m w f p q r s t u z a y j o,10,pred,5,in,s t u i z,0
3154,nocopy_20,t u j w,s u j w,h c d e f,a c d e f,seen alphabets,a h c d e f g b i y k l m n o p q r s t u j w x v z,5,pred,5,in,a c d e f,1
3155,nocopy_20,s t i u,s t u i,k l m o n p,k l m n o p,seen alphabets,a b c z j f g h v e k l m n o p q x s t u i y w d r,10,sort,6,in,k l m n o p,1
3156,nocopy_20,z y x,x y z,d c e,c d e,unseen alphabets,a m c d e f g h i j k l b n o p q r s t u v w x y z,2,sort,3,in,c d e,1
3157,nocopy_20,u i i q t h v,u i q t h x,q t h v x p p,q t h v x m,seen alphabets,l d c b e f a z g r k w n y s o u i q t h v x p m j,20,rr_succ,7,in,q t h v x p,0
3158,nocopy_20,u v v w x,u v w x,p n o p m q,m n o p q,unseen alphabets,a f c d e b g h i j k l m n o p q r s t u v w x y z,2,rr_sort,6,out-of,p n o p r,0
3159,nocopy_20,l a n o,l r n o,f s h i m k l,f g h i m k l,seen alphabets,a b u d e f g h i m k l r n o p q c s t j v w x y z,5,fix_alphabetic_seq,7,in,f s h i m k r,0
3160,nocopy_20,c p i r v,c p n r v,w v g v l v j v y v s v t,w v i v l v j v y v s v t,unseen alphabets,u q h c p n r v g f k a m w i l j y s t d b o x e z,20,fix_interleave,7,out-of,w v j v p v s v t v g v y,0
3161,nocopy_20,j k l m n,o p q h s,s t u,v w e,seen alphabets,a b c d x f g i r j k l m n o p q h s t u v w e y z,5,shift,3,out-of,s t v,0
3162,nocopy_20,g h i j k l,l k j i h g,b v d,d v b,unseen alphabets,a c b v d f g h i j k l m n o p q r s t u e w x y z,5,reverse,3,out-of,b m d,0
3163,nocopy_20,o p q r s t t u,o p q r s t u,s r t r u r u r v r w r x r y,s r t r u r v r w r x r y,unseen alphabets,a f c d e b g h i j k l m n o p q r s t u v w x y z,2,rr_interleave,8,in,s r t r u r v r w r x r y,1
3164,nocopy_20,j k l m,j k l m j k l m,f b c d e,f b c d e f b c d e,unseen alphabets,f b c d e a g h i j k l m n o p q r s t u v w x y z,2,replicate,5,out-of,a b c d e f,0
3165,nocopy_20,q q r r u u t t s s,q q r r s s t t u u,j j j u u u t t t,t t t u u u j j j,seen alphabets,a h c d e f g b i y k l m n o p q r s t u j w x v z,5,sort_group,9,in,s t t u u u j j j,0
3166,nocopy_20,w c e c z,w c e c y,k z i z p z d z r z s,k z i z p z q z r z s,seen alphabets,u n c d a o g h x j b l m k i p q r s t f v w e y z,10,fix_interleave,11,out-of,k z i z p z r z s,0
3167,nocopy_20,h m i k e r,z j u b q t,f g h m,i k e r,unseen alphabets,d s p a x f g h m i k e r z j u b q t n c v o w y l,20,shift,4,out-of,f g h i,0
3168,nocopy_20,m a f i,m a f j,c z m a f i j,c z m a f i h,unseen alphabets,e d r c z m a f i j h y w l o g v p s b u q n x k t,20,succ,7,in,c z j f g f g,0
3169,nocopy_20,o g v v p s b u,o g v p s b u,b u q q n x k t,b u q n x k t,unseen alphabets,e d r c z m a f i j h y w l o g v p s b u q n x k t,20,remove_redundant,8,in,b u d q n t,0
3170,nocopy_20,i j d,l m f,l m f o t,q r s b u,unseen alphabets,k n c e y a g h i j d l m f o t q r s b u v w x p z,10,shift,5,out-of,l m n o,0
3171,nocopy_20,w h e h p h s h t h g,w h j h p h s h t h g,s v o v y,m v o v y,seen alphabets,q k i d v f r h a l e b x c n w j p s t g z m o y u,20,fix_interleave,5,out-of,s s t t g h v w y h s s o,0
3172,nocopy_20,k n o p i c s,k n o p i c s t,p p i i c c,p p i i c c s s,unseen alphabets,a b m j e r g h q l f d k n o p i c s t u v w x y z,10,extend_group,3,out-of,p p i i j k,0
3173,nocopy_20,g h q,g h q l,k k n n o o p p i i,k k n n o o p p i i c c,unseen alphabets,a b m j e r g h q l f d k n o p i c s t u v w x y z,10,extend_group,5,out-of,k k l m n o o p q q n n i i,0
3174,nocopy_20,k l m n,j l m n,r j k l m n,i j k l m n,seen alphabets,a b c d x f g i r j k l m n o p q h s t u v w e y z,5,pred,6,in,r j k l m o,0
3175,nocopy_20,k k g g p p i i j j f f l l,f f g g p p i i j j k k l l,h h o o n n,n n o o h h,seen alphabets,a s r d u f g p i j k l m n o h q b c t z e w x y v,10,sort_group,6,in,f f g g h h i i j j k k l l,0
3176,nocopy_20,j d o p v x,w d o p v x s,v x s l f e y,v x s l c e y u,seen alphabets,m r j k g f q n i b h a w d o p v x s l c e y u t z,20,fix_extend,7,in,v x s l c e y u,1
3177,nocopy_20,d r s t,q r s t,c h i,g h i,seen alphabets,a b c d e f g h i j k l m n o p q r s t u v w x z y,2,fix_alphabetic_seq,3,in,g h i,1
3178,nocopy_20,y b w n h u f,y b w n h u j,c l e t s w a,c l e t s q a,unseen alphabets,r d v i o f g m y b w n h u j p c l e t s q a x k z,20,fix_alphabetic_seq,7,in,s l c e y u a,0
3179,nocopy_20,c h u v d,c h u v o,n m w f,n m w p,unseen alphabets,x r l b g t e s i j k n m w f p a c h u v d o y q z,20,succ,4,in,f n w,0
3180,nocopy_20,h s t c v,q s t c w,q h o t u v,p h o t u w,seen alphabets,a b c d x f g i r j k l m n o p q h s t u v w e y z,5,fix_pred_succ,6,out-of,q h s t u v,0
3181,nocopy_20,s t u x w v y,s t u v w x y,w r s t u v q,q r s t u v w,seen alphabets,a b c d e f g h i j k l m n o p q r s t u v w x y z,1,sort,7,in,q r s t u v w,1
3182,nocopy_20,c v y x,c v y x c v y x,z w t c,z w t c z w t c,seen alphabets,h s r d e f g b i j k l m n o p q z w t c v y x a u,10,replicate,4,out-of,z w t c v,0
3183,nocopy_20,u v z,u v w x,q u v w,n u v w x,unseen alphabets,q t c d e i p h b j k l m y o a f r s n u v w x g z,10,fix_extend,4,in,t u v w e,0
3184,nocopy_20,b i y y k l m,b i y k l m,t u j j w x v,t u j w x v,seen alphabets,a h c d e f g b i y k l m n o p q r s t u j w x v z,5,remove_redundant,7,in,t u j w x z,0
3185,nocopy_20,n c d a,n c d o,p q r s t f v,p q r s t f w,seen alphabets,u n c d a o g h x j b l m k i p q r s t f v w e y z,10,succ,7,in,p q r s t f w,1
3186,nocopy_20,k l m y,j l m y o,c d e,t d e i,unseen alphabets,q t c d e i p h b j k l m y o a f r s n u v w x g z,10,extend_pred,3,out-of,c d e f,0
3187,nocopy_20,o w y y,o w l,g g h m i,g h m k,unseen alphabets,d s p a x f g h m i k e r z j u b q t n c v o w y l,20,rr_succ,5,in,g h i m,0
3188,nocopy_20,z z z y y y,y y y z z z,y y x x w w z z,w w x x y y z z,seen alphabets,a b u d e f g h i m k l r n o p q c s t j v w x y z,5,sort_group,8,in,w w x x y y z z,1
3189,nocopy_20,k l b n o o p q,k l b n o p r,h i j k l l b n,h i j k l b o,unseen alphabets,a m c d e f g h i j k l b n o p q r s t u v w x y z,2,rr_succ,8,in,h i j k l m n,0
3190,nocopy_20,r e f,d e f g,s c d,z c d e,seen alphabets,a z c d e f g h i j k l m n o p q r s t u v w x y b,2,fix_extend,3,in,b c d g,0
3191,nocopy_20,g b i j k l m,g b i j k l n,f g b i j,f g b i k,seen alphabets,h s r d e f g b i j k l m n o p q z w t c v y x a u,10,succ,5,in,e g b i j,0
3192,nocopy_20,q c s t s,q c s t,q p p c,p q c,seen alphabets,a b u d e f g h i m k l r n o p q c s t j v w x y z,5,rr_sort,4,out-of,q p s,0
3193,nocopy_20,p q h s t u,p q h s t u v,s t u v w e y,s t u v w e y z,seen alphabets,a b c d x f g i r j k l m n o p q h s t u v w e y z,5,extend_sequence,7,in,s t u v w e y z,1
3194,nocopy_20,f g p i j j k,f g p i j l,d d u f g p i j,d u f g p i k,seen alphabets,a s r d u f g p i j k l m n o h q b c t z e w x y v,10,rr_succ,8,in,d u f g p i k,1
3195,nocopy_20,y w l o g v p,y w l o g v p y w l o g v p,r c z,r c z r c z,unseen alphabets,e d r c z m a f i j h y w l o g v p s b u q n x k t,20,replicate,3,out-of,w l d o p v c v,0
3196,nocopy_20,a x g f f,a x f g,g h i m i,g h m i,unseen alphabets,d s p a x f g h m i k e r z j u b q t n c v o w y l,20,rr_sort,5,out-of,g h i m,0
3197,nocopy_20,j w l m n n o,j w l m n o,t u v v c x y,t u v c x y,seen alphabets,a b g d e f s h i j w l m n o p q r k t u v c x y z,5,remove_redundant,7,in,t u v c x z,0
3198,nocopy_20,z e x w y v,z e w x y v,b q c t z e w,q b c t z e w,seen alphabets,a s r d u f g p i j k l m n o h q b c t z e w x y v,10,sort,7,in,q b c t z e w,1
3199,nocopy_20,i i i w w w u u u v v v b b b m m m,i i i w w w u u u v v v b b b m m m p p p,w w u u v v,w w u u v v b b,seen alphabets,a e c h x l g r q y k t f n d j o i w u v b m p s z,20,extend_group,6,out-of,i i i w w w u u u v v v b b b m m m p p p,0
3200,nocopy_20,k i p i q i r i s,o i p i q i r i s,r o s o t o u o v o q,r o s o t o u o v o w,seen alphabets,a b c d e f g h i j k l m n o p q r s t u v w x z y,2,fix_interleave,11,out-of,i o r o s o t o u o v o w,0
3201,nocopy_20,q r u s t r v w,q r s t u v w,g h h p b k,g h p b k,unseen alphabets,a y c d e f g h p b k l m n o i q r s t u v w x j z,5,rr_sort,6,out-of,g h d k,0
3202,nocopy_20,n o p q,n o p q n o p q,h i m k l,h i m k l h i m k l,seen alphabets,a b u d e f g h i m k l r n o p q c s t j v w x y z,5,replicate,5,out-of,h i m k l r,0
3203,nocopy_20,q o t s f,q o s t f,h k d i l,h d k i l,seen alphabets,a b c u e v g h d k i l m j r p q o s t f n w x y z,10,sort,5,in,h d k i l,1
3204,nocopy_20,d d d e e e f f f,d d d e e e f f f g g g,t t c c v v y y x x a a,t t c c v v y y x x a a u u,seen alphabets,h s r d e f g b i j k l m n o p q z w t c v y x a u,10,extend_group,12,out-of,f f g g l t c c v v y y x x a a a a,0
3205,nocopy_20,d v i o f,d v i o g,g m y,g m b,unseen alphabets,r d v i o f g m y b w n h u j p c l e t s q a x k z,20,succ,3,in,g z m,0
3206,nocopy_20,h i j n,g i j o,m c d e k,a c d e l,unseen alphabets,a m c d e f g h i j k l b n o p q r s t u v w x y z,2,fix_pred_succ,5,out-of,h c d e k,0
3207,nocopy_20,t u v w,w v u t,v w x,x w v,unseen alphabets,a r c d e f g h i j p l m n o b q y s t u v w x k z,5,reverse,3,out-of,u w x,0
3208,nocopy_20,i p r g y u,o p r g y u,f e q o,f e j o,seen alphabets,x l c v z t q h i a k b f e j o p r g y u d m n w s,20,fix_alphabetic_seq,4,in,f q i,0
3209,nocopy_20,n o p,m o p,q r k t u v c,p r k t u v c,seen alphabets,a b g d e f s h i j w l m n o p q r k t u v c x y z,5,pred,7,in,q r k t u v x,0
3210,nocopy_20,w j k l,i j k l c,j r s t u v,q r s t u v w,seen alphabets,a b m d e f g h i j k l c n o p q r s t u v w x y z,2,fix_extend,6,in,q r s t u v w,1
3211,nocopy_20,j k l m n o h h,j k l m n o h,r r d u f g p,r d u f g p,seen alphabets,a s r d u f g p i j k l m n o h q b c t z e w x y v,10,remove_redundant,7,in,r d u f g p,1
3212,nocopy_20,d d f f x x g g i i r r j j,d d x x f f g g i i r r j j,g g g d d d x x x f f f c c c i i i,c c c d d d x x x f f f g g g i i i,seen alphabets,a b c d x f g i r j k l m n o p q h s t u v w e y z,5,sort_group,18,in,c c c d d d x x x f f f g g g i i i r r r,0
3213,nocopy_20,j k l e n,i k l e o,r y t,q y d,seen alphabets,a b c u e f g h i j k l m n o p q r s t d v w x y z,2,fix_pred_succ,3,out-of,r s t,0
3214,nocopy_20,b j m e r,b m j e r,r r g g q q h h,r r g g h h q q,unseen alphabets,a b m j e r g h q l f d k n o p i c s t u v w x y z,10,sort_group,4,in,g g r r q q o o,0
3215,nocopy_20,w x y y z,w x y z,i n j k l c i,i j k l c n,seen alphabets,a b m d e f g h i j k l c n o p q r s t u v w x y z,2,rr_sort,7,out-of,i j k l c n,1
3216,nocopy_20,s b x v w u,s b u v w x,e e e a a a y y y,e e e y y y a a a,unseen alphabets,k n c e y a g h i j d l m f o t q r s b u v w x p z,10,sort_group,3,in,e e e y y y,0
3217,nocopy_20,g m y,f m y b,g m y b w n h,f m y b w n h u,unseen alphabets,r d v i o f g m y b w n h u j p c l e t s q a x k z,20,extend_pred,7,out-of,g f q n i b h a,0
3218,nocopy_20,e t s s,e t s,e p t p s p q p a p a,e p t p s p q p a,unseen alphabets,r d v i o f g m y b w n h u j p c l e t s q a x k z,20,rr_interleave,6,in,e p t p q p p p a,0
3219,nocopy_20,q q k k i i d d v v f f,q q k k i i d d v v f f r r,x x x c c c n n n w w w j j j,x x x c c c n n n w w w j j j p p p,seen alphabets,q k i d v f r h a l e b x c n w j p s t g z m o y u,20,extend_group,15,out-of,i i i d d d v v v f f f r r r h h h a a a,0
3220,nocopy_20,i q t h,h t q i,x p m j,j m p x,seen alphabets,l d c b e f a z g r k w n y s o u i q t h v x p m j,20,reverse,4,out-of,v p m j,0
3221,nocopy_20,m w w i l j,m w i l y,b b o x e,b o x z,unseen alphabets,u q h c p n r v g f k a m w i l j y s t d b o x e z,20,rr_succ,5,in,b x c,0
3222,nocopy_20,e j o p r g,e j o p r g y d,k b f e j o p,k b f e j o p r y,seen alphabets,x l c v z t q h i a k b f e j o p r g y u d m n w s,20,extend_extend_succ,7,out-of,k b f e j o r,0
3223,nocopy_20,p q h s t u v,o q h s t u v w,r j k l m n,i j k l m n o,seen alphabets,a b c d x f g i r j k l m n o p q h s t u v w e y z,5,extend_pred,6,out-of,r j k l m n o,0
3224,nocopy_20,h t n t o t p t q t r t s,c t n t o t p t q t r t s,f o g o h o i o j o t o l,f o g o h o i o j o k o l,seen alphabets,a b m d e f g h i j k l c n o p q r s t u v w x y z,2,fix_interleave,13,out-of,n o o o p t q t i t r t j j,0
3225,nocopy_20,e b x c,l b x c,i d v,k d v,seen alphabets,q k i d v f r h a l e b x c n w j p s t g z m o y u,20,pred,3,in,k d v,1
3226,nocopy_20,m m m m n m o,m m n m o,s d t d u d u d v d w,s d t d u d v d w,seen alphabets,a b c d x f g i r j k l m n o p q h s t u v w e y z,5,rr_interleave,11,in,s d t d u d v d w,1
3227,nocopy_20,t l e c s,c l e t s,l c p,p c l,unseen alphabets,r d v i o f g m y b w n h u j p c l e t s q a x k z,20,sort,3,in,l c q,0
3228,nocopy_20,s t u v w x,s t u v w y,d q f g l,d q f g i,seen alphabets,a b c d q f g l i j k p m n o e h r s t u v w x y z,5,succ,5,in,c q f g l,0
3229,nocopy_20,g f f x i r j k,x f g i r j k,k j l l m,j k l m,seen alphabets,a b c d x f g i r j k l m n o p q h s t u v w e y z,5,rr_sort,5,out-of,k l m,0
3230,nocopy_20,i m r s t,i q r s t u,t b v w,t u v w x,unseen alphabets,a y c d e f g h p b k l m n o i q r s t u v w x j z,5,fix_extend,4,in,t u v w x,1
3231,nocopy_20,f g k i j h l,f g h i j k l,p p p t t t r r r s s s q q q,p p p q q q r r r s s s t t t,unseen alphabets,a c b v d f g h i j k l m n o p q r s t u e w x y z,5,sort_group,5,in,p p p q q q r r r s s s t t t,1
3232,nocopy_20,d i i f a h e,d i f a h e,n s g s g s p s q s r,n s g s p s q s r,unseen alphabets,o b c d i f a h e j k l m n g p q r s t u v w x y z,5,rr_interleave,6,in,n s o s p s q s r,0
3233,nocopy_20,m n o p q r s,m n o p q r s m n o p q r s,t u v w,t u v w t u v w,unseen alphabets,f b c d e a g h i j k l m n o p q r s t u v w x y z,2,replicate,4,out-of,n o p q r s t u v w x y w x,0
3234,nocopy_20,v x p,p x v,f a z g r k,k r g z a f,seen alphabets,l d c b e f a z g r k w n y s o u i q t h v x p m j,20,reverse,6,out-of,f a z g r w,0
3235,nocopy_20,i k e r z l,i k e r z j,u b g,u b q,unseen alphabets,d s p a x f g h m i k e r z j u b q t n c v o w y l,20,fix_alphabetic_seq,3,in,b u d,0
3236,nocopy_20,h u z,t u z,j u z v,t u z v,unseen alphabets,a e q d w f g b i j k m c n o p h r s t u z v x y l,10,fix_alphabetic_seq,4,in,j w x v,0
3237,nocopy_20,o j e,e j o,n s w,n w s,seen alphabets,x l c v z t q h i a k b f e j o p r g y u d m n w s,20,sort,3,in,n w s,1
3238,nocopy_20,k t q,k t u v,h a j w l,h i j w l m,seen alphabets,a b g d e f s h i j w l m n o p q r k t u v c x y z,5,fix_extend,5,in,h a w l m,0
3239,nocopy_20,b m j,b m j e g,s t u v,s t u v w y,unseen alphabets,a b m j e r g h q l f d k n o p i c s t u v w x y z,10,extend_extend_succ,4,out-of,s t u w,0
3240,nocopy_20,y w e v z,v w e y z,s q r p t,p q r s t,seen alphabets,u n c d a o g h x j b l m k i p q r s t f v w e y z,10,sort,5,in,p q r s t,1
3241,nocopy_20,g h i j k l,g h i j k l m o,s t u v,s t u v w y,unseen alphabets,a f c d e b g h i j k l m n o p q r s t u v w x y z,2,extend_extend_succ,4,out-of,s t u w,0
3242,nocopy_20,o u h q,o u i q t,d c b e w a z,d c b e f a z g,seen alphabets,l d c b e f a z g r k w n y s o u i q t h v x p m j,20,fix_extend,7,in,d c b e f a z g,1
3243,nocopy_20,i c s,i c s t,o o p p i i c c,o o p p i i c c s s,unseen alphabets,a b m j e r g h q l f d k n o p i c s t u v w x y z,10,extend_group,4,out-of,o o p p q c c s,0
3244,nocopy_20,q w d d f,q d w f,v z v u x,u z v x,unseen alphabets,a e q d w f g b i j k m c n o p h r s t u z v x y l,10,rr_sort,5,out-of,v z w x,0
3245,nocopy_20,c z j f g,c z j f h,b c z j f g,b c z j f h,seen alphabets,a b c z j f g h v e k l m n o p q x s t u i y w d r,10,succ,6,in,a c z j f g,0
3246,nocopy_20,f b c d e e a,f b c d e a,t u v w w x y,t u v w x y,unseen alphabets,f b c d e a g h i j k l m n o p q r s t u v w x y z,2,remove_redundant,7,in,t u v w x z,0
3247,nocopy_20,i j k v b n,h j k v b o,d i j k l b,c i j k l n,unseen alphabets,a m c d e f g h i j k l b n o p q r s t u v w x y z,2,fix_pred_succ,6,out-of,d k i l m j,0
3248,nocopy_20,d q d f,d q f,b q d d c f g l,b c d q f g l,seen alphabets,a b c d q f g l i j k p m n o e h r s t u v w x y z,5,rr_sort,8,out-of,b c d q f g i,0
3249,nocopy_20,s h i,s h i j l,q r k t u v,q r k t u v c y,seen alphabets,a b g d e f s h i j w l m n o p q r k t u v c x y z,5,extend_extend_succ,6,out-of,q r k t u c,0
3250,nocopy_20,u e w x a,u v w x a z,t u v b x a,t u v w x a z,unseen alphabets,g b c d e f s h i j y l m n o p q r k t u v w x a z,5,fix_extend,6,in,t u v w x y z,0
3251,nocopy_20,j u b q,j u b q t,i i i k k k e e e r r r z z z,i i i k k k e e e r r r z z z j j j,unseen alphabets,d s p a x f g h m i k e r z j u b q t n c v o w y l,20,extend_group,5,out-of,i i i m m m k k k l l l r r r,0
3252,nocopy_20,n o e h,r s t u,a b c d q f g,l i j k p m n,seen alphabets,a b c d q f g l i j k p m n o e h r s t u v w x y z,5,shift,7,out-of,a b c d q f l,0
3253,nocopy_20,g g h h j j i i,g g h h i i j j,e e d d f f g g h h,d d e e f f g g h h,seen alphabets,a b c d e f g h i j k l m n o p q r s t u v w x z y,2,sort_group,10,in,e e f f g g h,0
3254,nocopy_20,f g h i j k l,f g h i j k l t o,c d e f g h i,c d e f g h i j l,unseen alphabets,a b c d e f g h i j k l t n o p q r s m u v w x y z,2,extend_extend_succ,7,out-of,c d e f g h i m,0
3255,nocopy_20,d e v g h i,d e v g h i n,i i i n n n k k k,i i i n n n k k k l l l,unseen alphabets,x b c d e v g h i n k l m w f p q r s t u z a y j o,10,extend_group,3,out-of,i i i m m m k k k,0
3256,nocopy_20,b q t n c v,b q t n c v o,k e r,k e r z,unseen alphabets,d s p a x f g h m i k e r z j u b q t n c v o w y l,20,extend_sequence,3,in,o e h r,0
3257,nocopy_20,i o o o p o q o r o k,n o o o p o q o r o k,q p c p k,q p r p k,seen alphabets,a b g d e f s h i j w l m n o p q r k t u v c x y z,5,fix_interleave,5,out-of,o o p p q q r r k k t t,0
3258,nocopy_20,l e b b x,l e b c,d d v f,d v r,seen alphabets,q k i d v f r h a l e b x c n w j p s t g z m o y u,20,rr_succ,4,in,d v f,0
3259,nocopy_20,b i y,g i l,v j k m c n,z j k m c o,unseen alphabets,a e q d w f g b i j k m c n o p h r s t u z v x y l,10,fix_pred_succ,6,out-of,j k l c n,0
3260,nocopy_20,a b g d,a b g e,g d e f,g d e s,seen alphabets,a b g d e f s h i j w l m n o p q r k t u v c x y z,5,succ,4,in,b d e f,0
3261,nocopy_20,b o x,b o x e,j y s t d,j y s t d b,unseen alphabets,u q h c p n r v g f k a m w i l j y s t d b o x e z,20,extend_sequence,5,in,j p s t g z,0
3262,nocopy_20,j p c l t t e,j p c l e t,y w b n n h,y b w n h,unseen alphabets,r d v i o f g m y b w n h u j p c l e t s q a x k z,20,rr_sort,6,out-of,y w d m n,0
3263,nocopy_20,g g g k k k i i i j j j p p p l l l,g g g p p p i i i j j j k k k l l l,b b h h q q o o c c t t,o o h h q q b b c c t t,seen alphabets,a s r d u f g p i j k l m n o h q b c t z e w x y v,10,sort_group,12,in,g g g p p p i i i j j j k k k l l l c c c,0
3264,nocopy_20,s t z v w x y,s t u v w x y,j k l m n v,j k l m n o,unseen alphabets,f b c d e a g h i j k l m n o p q r s t u v w x y z,2,fix_alphabetic_seq,6,in,j k l m n o,1
3265,nocopy_20,f s h i j w,w j i h s f,a b g d e,e d g b a,seen alphabets,a b g d e f s h i j w l m n o p q r k t u v c x y z,5,reverse,5,out-of,a b g d f,0
3266,nocopy_20,b b c u e v g h,b c u e v g h,s t f n w x x,s t f n w x,seen alphabets,a b c u e v g h d k i l m j r p q o s t f n w x y z,10,remove_redundant,7,in,s t f n w x,1
3267,nocopy_20,n h u j p,w h u j p c,b w n,y w n h,unseen alphabets,r d v i o f g m y b w n h u j p c l e t s q a x k z,20,extend_pred,3,out-of,k w n y,0
3268,nocopy_20,p n r d g f k,p n r v g f k,t v b o,t d b o,unseen alphabets,u q h c p n r v g f k a m w i l j y s t d b o x e z,20,fix_alphabetic_seq,4,in,t h v x,0
3269,nocopy_20,p q r s t,o q r s t u,r s t u v,q s t u v w,unseen alphabets,a m c d e f g h i j k l b n o p q r s t u v w x y z,2,extend_pred,5,out-of,r s t u v w,0
3270,nocopy_20,t u v,w x y,p q r s t,u v w x y,unseen alphabets,o b c d i f a h e j k l m n g p q r s t u v w x y z,5,shift,5,out-of,o q r s t,0
3271,nocopy_20,r i c d e f,a i c d e f,m m y m o m p m q,m m n m o m p m q,unseen alphabets,a i c d e f g h b j k l m n o p q r s t u v w x y z,2,fix_interleave,5,out-of,m m n m o m p m q,1
3272,nocopy_20,r s t,q s t u,b c d,a c d g,seen alphabets,a b c d g f e h i j k l m n o p q r s t u v w x y z,2,extend_pred,3,out-of,b c d g,0
3273,nocopy_20,l l r r n n,l l r r n n o o,c c s s t t j j v v,c c s s t t j j v v w w,seen alphabets,a b u d e f g h i m k l r n o p q c s t j v w x y z,5,extend_group,10,out-of,c c s s t t j j v v,0
3274,nocopy_20,p r h s t,p h r s t,j i b k m c n,b i j k m c n,unseen alphabets,a e q d w f g b i j k m c n o p h r s t u z v x y l,10,sort,7,in,b i j k l m n,0
3275,nocopy_20,t j v w x y,t j v w x z,l r n,l r o,seen alphabets,a b u d e f g h i m k l r n o p q c s t j v w x y z,5,succ,3,in,k r n,0
3276,nocopy_20,d e f g h z j,d e f g h i j k,p c d e,b c d e f,seen alphabets,a b c d e f g h i j k l m n o p q r s t u v w x z y,2,fix_extend,4,in,b c d e f,1
3277,nocopy_20,f v x v y,w v x v y,j c k c l c m c q c o,j c k c l c m c n c o,seen alphabets,a s r d u f g p i j k l m n o h q b c t z e w x y v,10,fix_interleave,11,out-of,j c k c l c m c n c o,1
3278,nocopy_20,n e s,t e s,g p h p e,g p t p e,unseen alphabets,x r l b g t e s i j k n m w f p a c h u v d o y q z,20,fix_interleave,3,out-of,g p v e,0
3279,nocopy_20,n y o a,m y o a,h d p d j d k d l d m d y,h d b d j d k d l d m d y,unseen alphabets,q t c d e i p h b j k l m y o a f r s n u v w x g z,10,fix_interleave,7,out-of,h d d d k d i d l d m d j,0
3280,nocopy_20,f g b i j k m m,f g b i j k m,e p e p q p d p w p f p g p b,e p q p d p w p f p g p b,unseen alphabets,a e q d w f g b i j k m c n o p h r s t u z v x y l,10,rr_interleave,8,in,e p f p g p b,0
3281,nocopy_20,m d e f,c d e f g,e f g l i j p,e f g h i j p l,unseen alphabets,a r c d e f g h i j p l m n o b q y s t u v w x k z,5,fix_extend,7,in,e f g l i j k p m,0
3282,nocopy_20,u j w x v z,z v x w j u,a h c d e,e d c h a,seen alphabets,a h c d e f g b i y k l m n o p q r s t u j w x v z,5,reverse,5,out-of,a h c d f,0
3283,nocopy_20,r d v i o f g,r d v i o f g m b,l e t,l e t s a,unseen alphabets,r d v i o f g m y b w n h u j p c l e t s q a x k z,20,extend_extend_succ,3,out-of,l c e y u,0
3284,nocopy_20,m q o p,m n o p,i j k v,i j k l,seen alphabets,a b c d e f g h i j k l m n o p q r s t u v w x y z,1,fix_alphabetic_seq,4,in,i j k l,1
3285,nocopy_20,n n o o p p q q r r s s,n n o o p p q q r r s s t t,e e f f g g,e e f f g g h h,seen alphabets,a b c d e f g h i j k l m n o p q r s t u v w x z y,2,extend_group,6,out-of,p p q q r r s s t t f f v v,0
3286,nocopy_20,m a k e r,m i k e r z,b i t n c,b q t n c v,unseen alphabets,d s p a x f g h m i k e r z j u b q t n c v o w y l,20,fix_extend,5,in,b c t z e,0
3287,nocopy_20,q r s m u,q r s m u v,c d e f,c d e f g,unseen alphabets,a b c d e f g h i j k l t n o p q r s m u v w x y z,2,extend_sequence,4,in,c d e f g,1
3288,nocopy_20,q r s t u e w,w e u t s r q,u e w x y z,z y x w e u,unseen alphabets,a c b v d f g h i j k l m n o p q r s t u e w x y z,5,reverse,6,out-of,t e w x y z,0
3289,nocopy_20,w n f s,k n f o,b z g r k w n,c z g r k w y,seen alphabets,l d c b e f a z g r k w n y s o u i q t h v x p m j,20,fix_pred_succ,7,out-of,a z g r k w n,0
3290,nocopy_20,p q r,p q r k,w l m,w l m n,seen alphabets,a b g d e f s h i j w l m n o p q r k t u v c x y z,5,extend_sequence,3,in,w l m n,1
3291,nocopy_20,f r s n,u v w x,o a f r s,n u v w x,unseen alphabets,q t c d e i p h b j k l m y o a f r s n u v w x g z,10,shift,5,out-of,o s t f n,0
3292,nocopy_20,h x j b l,m k i p q,r s t f,v w e y,seen alphabets,u n c d a o g h x j b l m k i p q r s t f v w e y z,10,shift,4,out-of,q s t f,0
3293,nocopy_20,l m w f,l m w f p,m m m w w w f f f p p p q q q r r r s s s,m m m w w w f f f p p p q q q r r r s s s t t t,unseen alphabets,x b c d e v g h i n k l m w f p q r s t u z a y j o,10,extend_group,7,out-of,m m m j j j r r r p p p q q q o o o s s s,0
3294,nocopy_20,c h u v f o y,a h u v f o q,v d m y,u d m q,unseen alphabets,x r l b g t e s i j k n m w f p a c h u v d o y q z,20,fix_pred_succ,4,out-of,y u d m,0
3295,nocopy_20,u v w x z,u v w x z y,n o p q r s,n o p q r s t,seen alphabets,a b c d e f g h i j k l m n o p q r s t u v w x z y,2,extend_sequence,6,in,n o p q r s t,1
3296,nocopy_20,f g e h i j,g f e h i j,u x w v y z,u v w x y z,seen alphabets,a b c d g f e h i j k l m n o p q r s t u v w x y z,2,sort,6,in,u v w x y z,1
3297,nocopy_20,f g h,w g r,q d c f g b i,e d c f g b j,unseen alphabets,a e q d w f g b i j k m c n o p h r s t u z v x y l,10,fix_pred_succ,7,out-of,c d q f g b i,0
3298,nocopy_20,l b n b o p,l b n o p,w w x y,w x y,unseen alphabets,a m c d e f g h i j k l b n o p q r s t u v w x y z,2,rr_sort,4,out-of,w x z,0
3299,nocopy_20,q r s b u,v w x p z,g h i j d l,m f o t q r,unseen alphabets,k n c e y a g h i j d l m f o t q r s b u v w x p z,10,shift,6,out-of,g h i j k l,0
3300,nocopy_20,q e k,q y k t,c f n d j o,t f n d j o i,seen alphabets,a e c h x l g r q y k t f n d j o i w u v b m p s z,20,fix_extend,6,in,c n d j o i,0
3301,nocopy_20,k e r z,i e r z j,c v o,n v o w,unseen alphabets,d s p a x f g h m i k e r z j u b q t n c v o w y l,20,extend_pred,3,out-of,c v y x,0
3302,nocopy_20,l m n o,k m n o p,b v d,c v d f,unseen alphabets,a c b v d f g h i j k l m n o p q r s t u e w x y z,5,extend_pred,3,out-of,b c d x,0
3303,nocopy_20,n c e l a g h,k c e l a g i,o e y a g,f e y a h,unseen alphabets,k n c e y a g h i j d l m f o t q r s b u v w x p z,10,fix_pred_succ,5,out-of,y e k g,0
3304,nocopy_20,l m n o p q,k m n o p q,n o p q r s,m o p q r s,unseen alphabets,a i c d e f g h b j k l m n o p q r s t u v w x y z,2,pred,6,in,m o p q r s,1
3305,nocopy_20,c l e t u,c l e t s q,f g s y,f g m y b,unseen alphabets,r d v i o f g m y b w n h u j p c l e t s q a x k z,20,fix_extend,4,in,f g b i y,0
3306,nocopy_20,d b o x e,d b o x z,v g f,v g k,unseen alphabets,u q h c p n r v g f k a m w i l j y s t d b o x e z,20,succ,3,in,f g l,0
3307,nocopy_20,g h h p b k,g h p b l,s s t u v w x,s t u v w j,unseen alphabets,a y c d e f g h p b k l m n o i q r s t u v w x j z,5,rr_succ,7,in,s t u v w y,0
3308,nocopy_20,x y z,x y z x y z,c s t j,c s t j c s t j,seen alphabets,a b u d e f g h i m k l r n o p q c s t j v w x y z,5,replicate,4,out-of,c s t j v,0
3309,nocopy_20,b b l l m m k k,b b l l m m k k i i,j j b b l l m m k k i i p p,j j b b l l m m k k i i p p q q,seen alphabets,u n c d a o g h x j b l m k i p q r s t f v w e y z,10,extend_group,14,out-of,i i j i b i l i m i k k i i,0
3310,nocopy_20,m l o g v p,w l o g v p,f i j n y w,f i j h y w,unseen alphabets,e d r c z m a f i j h y w l o g v p s b u q n x k t,20,fix_alphabetic_seq,6,in,f n d j o i,0
3311,nocopy_20,j k l,l k j,a b m d e,e d m b a,seen alphabets,a b m d e f g h i j k l c n o p q r s t u v w x y z,2,reverse,5,out-of,a b m d f,0
3312,nocopy_20,m z g,g z m,q k i v d f,q k i d v f,seen alphabets,q k i d v f r h a l e b x c n w j p s t g z m o y u,20,sort,6,in,q k i d v f,1
3313,nocopy_20,s l l c e y,s l c e u,n n i b h,n i b a,seen alphabets,m r j k g f q n i b h a w d o p v x s l c e y u t z,20,rr_succ,5,in,n i b h,0
3314,nocopy_20,f g h,f g h m,a x f g h,a x f g h m,unseen alphabets,d s p a x f g h m i k e r z j u b q t n c v o w y l,20,extend_sequence,5,in,e f g b i,0
3315,nocopy_20,h i a,h i a h i a,k b f e j o p,k b f e j o p k b f e j o p,seen alphabets,x l c v z t q h i a k b f e j o p r g y u d m n w s,20,replicate,7,out-of,k b f e j o p r,0
3316,nocopy_20,e f g h i j,e f g h i j p m,o b q,o b q y t,unseen alphabets,a r c d e f g h i j p l m n o b q y s t u v w x k z,5,extend_extend_succ,3,out-of,o h q,0
3317,nocopy_20,f d q d n d n,f d q d n,q w n w i w b w b,q w n w i w b,seen alphabets,m r j k g f q n i b h a w d o p v x s l c e y u t z,20,rr_interleave,9,in,q w n w i w b,1
3318,nocopy_20,v y x,c y x,l m n o p q z,k m n o p q z,seen alphabets,h s r d e f g b i j k l m n o p q z w t c v y x a u,10,pred,7,in,k m n o p q z,1
3319,nocopy_20,r c z m a f,f a m z c r,b u q n,n q u b,unseen alphabets,e d r c z m a f i j h y w l o g v p s b u q n x k t,20,reverse,4,out-of,g u q n,0
3320,nocopy_20,a y y c d,a y c e,d e f g h h p b,d e f g h p k,unseen alphabets,a y c d e f g h p b k l m n o i q r s t u v w x j z,5,rr_succ,8,in,d e f g h i,0
3321,nocopy_20,b c d e f g,b c d e f g b c d e f g,e f g h i j,e f g h i j e f g h i j,seen alphabets,a b c d e f g h i j k l m n o p q r s t u v w x y z,1,replicate,6,out-of,e f g h i j k,0
3322,nocopy_20,u i r j k,g i r j k l,i r j k l f n,i r j k l m n o,seen alphabets,a b c d x f g i r j k l m n o p q h s t u v w e y z,5,fix_extend,7,in,i r j k l m n o,1
3323,nocopy_20,x w v,v w x,d a e g h,d e a g h,unseen alphabets,f b c d e a g h i j k l m n o p q r s t u v w x y z,2,sort,5,in,d e f g h,0
3324,nocopy_20,h f c f d f i f f f g,h f c f d f e f f f g,l b w b n b o b p b q,l b m b n b o b p b q,seen alphabets,a h c d e f g b i y k l m n o p q r s t u j w x v z,5,fix_interleave,11,out-of,d f e f f f g g g b b b i i,0
3325,nocopy_20,s t u x w v y,s t u v w x y,a j h i g,a g h i j,unseen alphabets,f b c d e a g h i j k l m n o p q r s t u v w x y z,2,sort,5,in,a b c d g,0
3326,nocopy_20,m n o p c r,l n o p c k,l c n o,w c n p,seen alphabets,a b g d e f s h i j w l m n o p q r k t u v c x y z,5,fix_pred_succ,4,out-of,l c n p,0
3327,nocopy_20,s t u,s t u v e,d x f g,d x f g i j,seen alphabets,a b c d x f g i r j k l m n o p q h s t u v w e y z,5,extend_extend_succ,4,out-of,c x f g,0
3328,nocopy_20,a z c h e f g,a z c d e f g,y g h i j k,f g h i j k,seen alphabets,a z c d e f g h i j k l m n o p q r s t u v w x y b,2,fix_alphabetic_seq,6,in,f g h i j k,1
3329,nocopy_20,m m n n q q p p o o,m m n n o o p p q q,a a a c c c b b b d d d e e e,a a a b b b c c c d d d e e e,seen alphabets,a b c d e f g h i j k l m n o p q r s t u v w x z y,2,sort_group,15,in,p p p q q q b b b c c c d d d e e e,0
3330,nocopy_20,y z,y z y z,a m c d e f,a m c d e f a m c d e f,unseen alphabets,a m c d e f g h i j k l b n o p q r s t u v w x y z,2,replicate,6,out-of,a h c d e f,0
3331,nocopy_20,j k n m w f p,j k n m w f p j k n m w f p,d o y q z,d o y q z d o y q z,unseen alphabets,x r l b g t e s i j k n m w f p a c h u v d o y q z,20,replicate,5,out-of,k w n d o o p p q q y y k z,0
3332,nocopy_20,e n w x,u n w y,q o l,p o m,seen alphabets,a b c u e v g h d k i l m j r p q o s t f n w x y z,10,fix_pred_succ,3,out-of,q o s,0
3333,nocopy_20,z j f g h v,c j f g h v e,b c z j f g h,a c z j f g h v,seen alphabets,a b c z j f g h v e k l m n o p q x s t u i y w d r,10,extend_pred,7,out-of,b c z j f g h v,0
3334,nocopy_20,t u z v x y y,t u z v x y,c g n g o g o g p g h g r g s,c g n g o g p g h g r g s,unseen alphabets,a e q d w f g b i j k m c n o p h r s t u z v x y l,10,rr_interleave,8,in,c g n g o g p g q g r g s,0
3335,nocopy_20,c z e f g h,c d e f g h,m q d e f,m c d e f,unseen alphabets,a m c d e f g h i j k l b n o p q r s t u v w x y z,2,fix_alphabetic_seq,5,in,b q d e f,0
3336,nocopy_20,x r l l b g,x r l b g,a c h h u v,a c h u v,unseen alphabets,x r l b g t e s i j k n m w f p a c h u v d o y q z,20,remove_redundant,6,in,a h c u v,0
3337,nocopy_20,l m n o h q,l m n o h q b,u f g,u f g p,seen alphabets,a s r d u f g p i j k l m n o h q b c t z e w x y v,10,extend_sequence,3,in,u f g p,1
3338,nocopy_20,l m y o a f,l m y o a f r n,t c d e i p h,t c d e i p h b k,unseen alphabets,q t c d e i p h b j k l m y o a f r s n u v w x g z,10,extend_extend_succ,7,out-of,c d e f g h i,0
3339,nocopy_20,r p q o s t,r p q o s t f,n w x y,n w x y z,seen alphabets,a b c u e v g h d k i l m j r p q o s t f n w x y z,10,extend_sequence,4,in,n w x y z,1
3340,nocopy_20,j f g h v,z f g h v,s t u i,x t u i,seen alphabets,a b c z j f g h v e k l m n o p q x s t u i y w d r,10,pred,4,in,x t u i,1
3341,nocopy_20,i i p q r,i p q s,c d a a o,c d a g,seen alphabets,u n c d a o g h x j b l m k i p q r s t f v w e y z,10,rr_succ,5,in,c d a g,1
3342,nocopy_20,c d e,c d e a,h h h i i i j j j,h h h i i i j j j k k k,unseen alphabets,f b c d e a g h i j k l m n o p q r s t u v w x y z,2,extend_group,3,out-of,h h i i j j k k,0
3343,nocopy_20,s s u u t t i i y y w w d d,s s t t u u i i y y w w d d,w w y y i i,i i y y w w,seen alphabets,a b c z j f g h v e k l m n o p q x s t u i y w d r,10,sort_group,6,in,s s t t u u i i y y w w d d,0
3344,nocopy_20,l m f o t q,l m f o t q l m f o t q,h i j d l m f,h i j d l m f h i j d l m f,unseen alphabets,k n c e y a g h i j d l m f o t q r s b u v w x p z,10,replicate,7,out-of,o h i j k l m n,0
3345,nocopy_20,v w x y,u w x y z,p q r,o q r s,unseen alphabets,a i c d e f g h b j k l m n o p q r s t u v w x y z,2,extend_pred,3,out-of,p q r s,0
3346,nocopy_20,t o z o e o e o w o x,t o z o e o w o x,h b q b b b b b c b t b z b e,h b q b b b c b t b z b e,seen alphabets,a s r d u f g p i j k l m n o h q b c t z e w x y v,10,rr_interleave,15,in,e b b b x b c b t b z b e e,0
3347,nocopy_20,z n y,u n j,d e x,c e b,unseen alphabets,x b c d e v g h i n k l m w f p q r s t u z a y j o,10,fix_pred_succ,3,out-of,d e f,0
3348,nocopy_20,l o g t e s i,l b g t e s i,a f c f h f k f v f d f o,a f c f h f u f v f d f o,unseen alphabets,x r l b g t e s i j k n m w f p a c h u v d o y q z,20,fix_interleave,7,out-of,a f h f c f d f v f f f,0
3349,nocopy_20,k l m n o h,h o n m l k,d u f g p i j,j i p g f u d,seen alphabets,a s r d u f g p i j k l m n o h q b c t z e w x y v,10,reverse,7,out-of,r u f g p i j,0
3350,nocopy_20,s t u x w x v,s t u v w x,r s t v u t,r s t u v,unseen alphabets,f b c d e a g h i j k l m n o p q r s t u v w x y z,2,rr_sort,6,out-of,r s t u v,1
3351,nocopy_20,k q r,p q r,x f z,x a z,unseen alphabets,g b c d e f s h i j y l m n o p q r k t u v w x a z,5,fix_alphabetic_seq,3,in,x y z,0
3352,nocopy_20,l l m n o,l m n p,g h h b,g h j,unseen alphabets,a i c d e f g h b j k l m n o p q r s t u v w x y z,2,rr_succ,4,in,g h i,0
3353,nocopy_20,a m w i l j y,k m w i l j y s,l j y s t,i j y s t d,unseen alphabets,u q h c p n r v g f k a m w i l j y s t d b o x e z,20,extend_pred,5,out-of,w j p s t g,0
3354,nocopy_20,h b j k l,h b j k l m,o o p p q q,o o p p q q r r,unseen alphabets,a i c d e f g h b j k l m n o p q r s t u v w x y z,2,extend_group,3,out-of,o p q r s t,0
3355,nocopy_20,r s t u v h,r s t u v w,c h i,g h i,seen alphabets,a b c d e f g h i j k l m n o p q r s t u v w x z y,2,fix_alphabetic_seq,3,in,g h i,1
3356,nocopy_20,h m i k e r z,h m i k e r j,b q t n,b q t c,unseen alphabets,d s p a x f g h m i k e r z j u b q t n c v o w y l,20,succ,4,in,q n i b,0
3357,nocopy_20,r r q s,q r s,b b c g e f d h,b c d e f g h,unseen alphabets,a b c d e f g h i j k l t n o p q r s m u v w x y z,2,rr_sort,8,out-of,b c d e f g h,1
3358,nocopy_20,j q l,j k l,r m s m b m u m v,r m s m n m u m v,unseen alphabets,q t c d e i p h b j k l m y o a f r s n u v w x g z,10,fix_interleave,5,out-of,r m s m t m u m v,0
3359,nocopy_20,i w u v b,b v u w i,x l g,g l x,seen alphabets,a e c h x l g r q y k t f n d j o i w u v b m p s z,20,reverse,3,out-of,h l g,0
3360,nocopy_20,k d i,k i d,l h a r,r h a l,seen alphabets,q k i d v f r h a l e b x c n w j p s t g z m o y u,20,sort,4,in,r h a l,1
3361,nocopy_20,m n b p q x,m n o p q x s,f g r v e k l,f g h v e k l m,seen alphabets,a b c z j f g h v e k l m n o p q x s t u i y w d r,10,fix_extend,7,in,f g b i j k l m,0
3362,nocopy_20,r s y,r s m,u k l t,j k l t,unseen alphabets,a b c d e f g h i j k l t n o p q r s m u v w x y z,2,fix_alphabetic_seq,4,in,j k l m,0
3363,nocopy_20,e f s h i j,e f s h i w,l m n o p,l m n o q,seen alphabets,a b g d e f s h i j w l m n o p q r k t u v c x y z,5,succ,5,in,l m n o q,1
3364,nocopy_20,i j k r m n,i j k l m n o,k n o p q r,m n o p q r s,unseen alphabets,a f c d e b g h i j k l m n o p q r s t u v w x y z,2,fix_extend,6,in,m n o p q r s,1
3365,nocopy_20,p a h c,p a c h,h a c p u,p a c h u,unseen alphabets,x r l b g t e s i j k n m w f p a c h u v d o y q z,20,sort,5,in,h a b c u,0
3366,nocopy_20,i i j p l m n,i j p l m n,l m n n o b q,l m n o b q,unseen alphabets,a r c d e f g h i j p l m n o b q y s t u v w x k z,5,remove_redundant,7,in,l m n o p q,0
3367,nocopy_20,l o n o i o b o h o a o w,q o n o i o b o h o a o w,s r a r c r e r y r u r t,s r l r c r e r y r u r t,seen alphabets,m r j k g f q n i b h a w d o p v x s l c e y u t z,20,fix_interleave,13,out-of,n n n i i o b b b h h h a a a w w w d d d o,0
3368,nocopy_20,l j k i,i j k l,r r s s m m u u v v x x w w,r r s s m m u u v v w w x x,unseen alphabets,a b c d e f g h i j k l t n o p q r s m u v w x y z,2,sort_group,7,in,r r s s t t u u v v w w x x,0
3369,nocopy_20,a b c u i v,a b c u e v g,d c i,d k i l,seen alphabets,a b c u e v g h d k i l m j r p q o s t f n w x y z,10,fix_extend,3,in,d c b e,0
3370,nocopy_20,q q r s t u,q r s t v,i j k k l,i j k m,unseen alphabets,f b c d e a g h i j k l m n o p q r s t u v w x y z,2,rr_succ,5,in,i j k m,1
3371,nocopy_20,g h p b k l,m n o i q r,p b k l m n o,i q r s t u v,unseen alphabets,a y c d e f g h p b k l m n o i q r s t u v w x j z,5,shift,7,out-of,k b l m n o,0
3372,nocopy_20,u v w x y,t v w x y z,g h b j k,f h b j k l,unseen alphabets,a i c d e f g h b j k l m n o p q r s t u v w x y z,2,extend_pred,5,out-of,g h i j k l,0
3373,nocopy_20,l m n o b q,l m n o b q y,c d e f,c d e f g,unseen alphabets,a r c d e f g h i j p l m n o b q y s t u v w x k z,5,extend_sequence,4,in,c d e f g,1
3374,nocopy_20,h i j k,k j i h,i j k l m n,n m l k j i,seen alphabets,a b c d e f g h i j k l m n o p q r s t u v w x z y,2,reverse,6,out-of,h j k l m n,0
3375,nocopy_20,l m j,l m j l m j,c u e v,c u e v c u e v,seen alphabets,a b c u e v g h d k i l m j r p q o s t f n w x y z,10,replicate,4,out-of,c u e v g,0
3376,nocopy_20,n j p q,n o p q,c x u z,c x y z,seen alphabets,a b g d e f s h i j w l m n o p q r k t u v c x y z,5,fix_alphabetic_seq,4,in,c x y z,1
3377,nocopy_20,h q l f f,h q l d,j j e r,j e g,unseen alphabets,a b m j e r g h q l f d k n o p i c s t u v w x y z,10,rr_succ,4,in,j k,0
3378,nocopy_20,p q r j,p q r s t,s t b v w x y,s t d v w x y z,seen alphabets,a b c u e f g h i j k l m n o p q r s t d v w x y z,2,fix_extend,7,in,s t u v w x y b,0
3379,nocopy_20,n u v w,n u v w x,s s s n n n u u u v v v w w w x x x g g g,s s s n n n u u u v v v w w w x x x g g g z z z,unseen alphabets,q t c d e i p h b j k l m y o a f r s n u v w x g z,10,extend_group,7,out-of,s s s t t t u u u v v v w w w x x x y y y,0
3380,nocopy_20,v g h i n k l,m w f p q r s,g h i n k l m,w f p q r s t,unseen alphabets,x b c d e v g h i n k l m w f p q r s t u z a y j o,10,shift,7,out-of,g h i m k l r,0
3381,nocopy_20,d f b,l f e,r k w n y s q,g k w n y s t,seen alphabets,l d c b e f a z g r k w n y s o u i q t h v x p m j,20,fix_pred_succ,7,out-of,r k w n y s o,0
3382,nocopy_20,t q h i,t q h i a,a k b f e,a k b f e j,seen alphabets,x l c v z t q h i a k b f e j o p r g y u d m n w s,20,extend_sequence,5,in,a k b f e j,1
3383,nocopy_20,t t s s f f n n w w x x y y,s s t t f f n n w w x x y y,n n n y y y x x x w w w,n n n w w w x x x y y y,seen alphabets,a b c u e v g h d k i l m j r p q o s t f n w x y z,10,sort_group,12,in,s s s t t t f f f n n n w w w x x x y y y,0
3384,nocopy_20,u f g p i j k,u f g p i j k u f g p i j k,d u f g p i,d u f g p i d u f g p i,seen alphabets,a s r d u f g p i j k l m n o h q b c t z e w x y v,10,replicate,6,out-of,f f g g p p i i j j k k l l,0
3385,nocopy_20,e l h l r l s l t l u l u l v,e l h l r l s l t l u l v,s d s d t d u d v,s d t d u d v,seen alphabets,a b c d q f g l i j k p m n o e h r s t u v w x y z,5,rr_interleave,9,in,e l h l r l s l t l u l v v,0
3386,nocopy_20,x j b l,l b j x,q r s t f v w,w v f t s r q,seen alphabets,u n c d a o g h x j b l m k i p q r s t f v w e y z,10,reverse,7,out-of,q r s t f v e,0
3387,nocopy_20,e c h x l g,e c h x l g r,t f n d j,t f n d j o,seen alphabets,a e c h x l g r q y k t f n d j o i w u v b m p s z,20,extend_sequence,5,in,t f n d j o,1
3388,nocopy_20,r m j,m r j,v x l s,v x s l,seen alphabets,m r j k g f q n i b h a w d o p v x s l c e y u t z,20,sort,4,in,v x s l,1
3389,nocopy_20,g c b,g b c,y y l l m m n n p p o o q q,y y l l m m n n o o p p q q,unseen alphabets,g b c d e f s h i j y l m n o p q r k t u v w x a z,5,sort_group,7,in,l l m m n n o o p p q q,0
3390,nocopy_20,v v w x k,v w x k,q i y i y i s i t,q i y i s i t,unseen alphabets,a r c d e f g h i j p l m n o b q y s t u v w x k z,5,rr_interleave,5,in,q i y i s i t,1
3391,nocopy_20,n z w z j z p z i z t,n z w z j z p z s z t,k h j h p h s h t,w h j h p h s h t,seen alphabets,q k i d v f r h a l e b x c n w j p s t g z m o y u,20,fix_interleave,9,out-of,p p p s s s t t t g g g z z z m m m o h h,0
3392,nocopy_20,s q a x x,s q a x,b b w n,b w n,unseen alphabets,r d v i o f g m y b w n h u j p c l e t s q a x k z,20,remove_redundant,4,in,b w e,0
3393,nocopy_20,n h u q,w h u a,d n h,r n u,unseen alphabets,r d v i o f g m y b w n h u j p c l e t s q a x k z,20,fix_pred_succ,3,out-of,d m n,0
3394,nocopy_20,u i q t,h v x p,s o u i q,t h v x p,seen alphabets,l d c b e f a z g r k w n y s o u i q t h v x p m j,20,shift,5,out-of,y o u i q,0
3395,nocopy_20,r o s o t o u o v o e,r o s o t o u o v o w,t w u w v w b w x,t w u w v w w w x,seen alphabets,a b c d g f e h i j k l m n o p q r s t u v w x y z,2,fix_interleave,9,out-of,t t t u u u v v v w w w x x x,0
3396,nocopy_20,i l a,i l j,r w o w x w e w z,b w o w x w e w z,unseen alphabets,u q h c p n r v g f k a m w i l j y s t d b o x e z,20,fix_interleave,5,out-of,r w h w a w l w e,0
3397,nocopy_20,r z j u,r z j u b,a x f g h,a x f g h m,unseen alphabets,d s p a x f g h m i k e r z j u b q t n c v o w y l,20,extend_sequence,5,in,e f g b i,0
3398,nocopy_20,d e f g,d e f g h,r s t u v w,r s t u v w x,unseen alphabets,a m c d e f g h i j k l b n o p q r s t u v w x y z,2,extend_sequence,6,in,r s t u v w x,1
3399,nocopy_20,i j j k l m,i j k l m,p r q r r r s r t r u r v r v,p r q r r r s r t r u r v,unseen alphabets,a f c d e b g h i j k l m n o p q r s t u v w x y z,2,rr_interleave,8,in,p r q r r r s r t r u r v,1
3400,nocopy_20,a z c d e f g,a z c d e f h,u v w,u v x,seen alphabets,a z c d e f g h i j k l m n o p q r s t u v w x y b,2,succ,3,in,u v x,1
3401,nocopy_20,n k l m,n k l m w,v v v g g g h h h i i i,v v v g g g h h h i i i n n n,unseen alphabets,x b c d e v g h i n k l m w f p q r s t u z a y j o,10,extend_group,4,out-of,v v v g g g h h h i i i,0
3402,nocopy_20,c a h,a c h,c c p p a a f f,f f p p a a c c,unseen alphabets,x r l b g t e s i j k n m w f p a c h u v d o y q z,20,sort_group,4,in,c c p p a a,0
3403,nocopy_20,s t u,v w x,a b c d e f,g h i j k l,seen alphabets,a b c d e f g h i j k l m n o p q r s t u v w x y z,1,shift,6,out-of,a b c d e g,0
3404,nocopy_20,b j k l l m n,b j k l m o,a i i c d e f,a i c d e g,unseen alphabets,a i c d e f g h b j k l m n o p q r s t u v w x y z,2,rr_succ,7,in,a b c d e f,0
3405,nocopy_20,d c e f,c d e f,h h h g g g b b b j j j k k k l l l m m m,g g g h h h b b b j j j k k k l l l m m m,unseen alphabets,a i c d e f g h b j k l m n o p q r s t u v w x y z,2,sort_group,7,in,g g g h h h i i i j j j k k k l l l m m m,0
3406,nocopy_20,c n w j p,x n w j p s,h a l e b x,r a l e b x c,seen alphabets,q k i d v f r h a l e b x c n w j p s t g z m o y u,20,extend_pred,6,out-of,h a l e b x c,0
3407,nocopy_20,r s t u,z a y j,n k l m w f p,q r s t u z a,unseen alphabets,x b c d e v g h i n k l m w f p q r s t u z a y j o,10,shift,7,out-of,k l m n o p,0
3408,nocopy_20,q t h v x,i t h v x p,r k w n y s o,g k w n y s o u,seen alphabets,l d c b e f a z g r k w n y s o u i q t h v x p m j,20,extend_pred,7,out-of,r k w n y s o u,0
3409,nocopy_20,q t p v x h m m,q t h v x p m,h t h q v x p,q t h v x p,seen alphabets,l d c b e f a z g r k w n y s o u i q t h v x p m j,20,rr_sort,7,out-of,h q b c,0
3410,nocopy_20,o p q r s,o p q r s o p q r s,j k l m,j k l m j k l m,seen alphabets,a z c d e f g h i j k l m n o p q r s t u v w x y b,2,replicate,4,out-of,j k l m n,0
3411,nocopy_20,i y k k,i y k,n o p p q r s,n o p q r s,seen alphabets,a h c d e f g b i y k l m n o p q r s t u j w x v z,5,remove_redundant,7,in,n o p q r t,0
3412,nocopy_20,k l l m n o h q,k l m n o h q,l l m n,l m n,seen alphabets,a s r d u f g p i j k l m n o h q b c t z e w x y v,10,remove_redundant,4,in,l m n,1
3413,nocopy_20,j k l m n g,j k l m n g p,i i f f a a h h e e j j k k,i i f f a a h h e e j j k k l l,unseen alphabets,o b c d i f a h e j k l m n g p q r s t u v w x y z,5,extend_group,7,out-of,i i j j k k p p,0
3414,nocopy_20,n a i b h n w,n i b h a w,b w a h d d o p,b h a w d o p,seen alphabets,m r j k g f q n i b h a w d o p v x s l c e y u t z,20,rr_sort,8,out-of,b h a w d o v,0
3415,nocopy_20,h h h a a a w w w d d d o o o,h h h a a a w w w d d d o o o p p p,m m m r r r j j j k k k,m m m r r r j j j k k k g g g,seen alphabets,m r j k g f q n i b h a w d o p v x s l c e y u t z,20,extend_group,12,out-of,h h h a a a w w w d d d o o o p p p v v v,0
3416,nocopy_20,h v u h d,h u v d,c c h v u,c h u v,unseen alphabets,x r l b g t e s i j k n m w f p a c h u v d o y q z,20,rr_sort,5,out-of,c h v x,0
3417,nocopy_20,a y c d e f,a y c d e g,g h p b,g h p k,unseen alphabets,a y c d e f g h p b k l m n o i q r s t u v w x j z,5,succ,4,in,g h d k,0
3418,nocopy_20,r s t u v f,q s t u v g,c d e f q h b,i d e f q h j,unseen alphabets,a i c d e f g h b j k l m n o p q r s t u v w x y z,2,fix_pred_succ,7,out-of,c d e f g h i,0
3419,nocopy_20,r q q y k t,r q y k f,k t f f n,k t f d,seen alphabets,a e c h x l g r q y k t f n d j o i w u v b m p s z,20,rr_succ,5,in,k t f d,1
3420,nocopy_20,o o q q p p r r s s,o o p p q q r r s s,n n o o q q p p,n n o o p p q q,seen alphabets,a b c u e f g h i j k l m n o p q r s t d v w x y z,2,sort_group,8,in,q q r r s s t t u u v n o o p p p q,0
3421,nocopy_20,c h q p n r,q h c p n r,t t t x x x b b b o o o d d d,t t t d d d b b b o o o x x x,unseen alphabets,u q h c p n r v g f k a m w i l j y s t d b o x e z,20,sort_group,5,in,t t t h d d x x x f f f,0
3422,nocopy_20,u e w x y z,u e w x y z u e w x y z,n o p q,n o p q n o p q,unseen alphabets,a c b v d f g h i j k l m n o p q r s t u e w x y z,5,replicate,4,out-of,x y z c n o p q r,0
3423,nocopy_20,v e d l,v e k l m,h b e k l m,h v e k l m n,seen alphabets,a b c z j f g h v e k l m n o p q x s t u i y w d r,10,fix_extend,6,in,h i j k l m n,0
3424,nocopy_20,k r l r l r m r n r o r p r q,k r l r m r n r o r p r q,k c k c l c m c n c o,k c l c m c n c o,seen alphabets,h s r d e f g b i j k l m n o p q z w t c v y x a u,10,rr_interleave,11,in,k r l l m r n n r o p r q q q c c c k k k,0
3425,nocopy_20,b g h i,b g h i j,h i j k l,h i j k l m,unseen alphabets,a f c d e b g h i j k l m n o p q r s t u v w x y z,2,extend_sequence,5,in,h i j k l m,1
3426,nocopy_20,a l e b x c,n w j p s t,n w j p s t,g z m o y u,seen alphabets,q k i d v f r h a l e b x c n w j p s t g z m o y u,20,shift,6,out-of,c w j p s t,0
3427,nocopy_20,h h i i j j,h h i i j j k k,c c c d d d e e e f f f g g g,c c c d d d e e e f f f g g g h h h,seen alphabets,a b c d e f g h i j k l m n o p q r s t u v w x z y,2,extend_group,15,out-of,c c c d d d e e e f f f g g g,0
3428,nocopy_20,l m f o t q r,d m f o t q r,l m f,d m f,unseen alphabets,k n c e y a g h i j d l m f o t q r s b u v w x p z,10,pred,3,in,l m j,0
3429,nocopy_20,h i j k l,h i j k l h i j k l,t u v w x,t u v w x t u v w x,seen alphabets,a b m d e f g h i j k l c n o p q r s t u v w x y z,2,replicate,5,out-of,t u v w x y,0
3430,nocopy_20,s t u v,w x k z,g h i j,p l m n,unseen alphabets,a r c d e f g h i j p l m n o b q y s t u v w x k z,5,shift,4,out-of,g h i k,0
3431,nocopy_20,e f g g h,e f g h,o p q r s t t,o p q r s t,seen alphabets,a b c u e f g h i j k l m n o p q r s t d v w x y z,2,remove_redundant,7,in,o p q r s t,1
3432,nocopy_20,h b j k k l,h b j k l,d e i p h h,d e i p h,unseen alphabets,q t c d e i p h b j k l m y o a f r s n u v w x g z,10,remove_redundant,6,in,d e h i,0
3433,nocopy_20,o p q x,n p q x,n o p q x s t,m o p q x s t,seen alphabets,a b c z j f g h v e k l m n o p q x s t u i y w d r,10,pred,7,in,m o p q x s t,1
3434,nocopy_20,t u j p,s u j q,p m r s t u j,o m r s t u w,seen alphabets,a h c d e f g b i y k l m n o p q r s t u j w x v z,5,fix_pred_succ,7,out-of,p q r s t u j,0
3435,nocopy_20,r s n u v w,r s n u v w x,u u u v v v w w w x x x g g g,u u u v v v w w w x x x g g g z z z,unseen alphabets,q t c d e i p h b j k l m y o a f r s n u v w x g z,10,extend_group,5,out-of,u u u v v v w w w x x x y y y z z z,0
3436,nocopy_20,h c p n r v,h c p n r v h c p n r v,v g f,v g f v g f,unseen alphabets,u q h c p n r v g f k a m w i l j y s t d b o x e z,20,replicate,3,out-of,v f r h a l,0
3437,nocopy_20,j k l,j k l m o,m y o a f r s,m y o a f r s n v,unseen alphabets,q t c d e i p h b j k l m y o a f r s n u v w x g z,10,extend_extend_succ,7,out-of,m n o p q r s,0
3438,nocopy_20,b c d q q,b c d f,r s t t u v w,r s t u v x,seen alphabets,a b c d q f g l i j k p m n o e h r s t u v w x y z,5,rr_succ,7,in,r s t u v w,0
3439,nocopy_20,e f g h u j,d f g h u k,p q r s d u v,o q r s d u w,seen alphabets,a z c d e f g h i j k l m n o p q r s t u v w x y b,2,fix_pred_succ,7,out-of,o q r s t u v,0
3440,nocopy_20,n g p q q,n g p q,m n g p q q r s,m n g p q r s,unseen alphabets,o b c d i f a h e j k l m n g p q r s t u v w x y z,5,remove_redundant,8,in,m n o p q r t,0
3441,nocopy_20,w f p a c h o,w f p a c h u v,w f p a u h,w f p a c h u,unseen alphabets,x r l b g t e s i j k n m w f p a c h u v d o y q z,20,fix_extend,6,in,w u v b m p s,0
3442,nocopy_20,z v x y l,l y x v z,p h r,r h p,unseen alphabets,a e q d w f g b i j k m c n o p h r s t u z v x y l,10,reverse,3,out-of,p q r,0
3443,nocopy_20,e j o o p r,e j o p g,j o p r g g,j o p r y,seen alphabets,x l c v z t q h i a k b f e j o p r g y u d m n w s,20,rr_succ,6,in,j o p r g,0
3444,nocopy_20,y s t u v w,y s t u v w x,h h i i j j,h h i i j j p p,unseen alphabets,a r c d e f g h i j p l m n o b q y s t u v w x k z,5,extend_group,3,out-of,h i j k l m,0
3445,nocopy_20,g a h i,a g h i,j j j m m m l l l k k k,j j j k k k l l l m m m,unseen alphabets,f b c d e a g h i j k l m n o p q r s t u v w x y z,2,sort_group,4,in,j j j k k k l l l m m m,1
3446,nocopy_20,h i j k l t n,h i j k l t n o q,b c d e f g h,b c d e f g h i k,unseen alphabets,a b c d e f g h i j k l t n o p q r s m u v w x y z,2,extend_extend_succ,7,out-of,b c d e f g h i,0
3447,nocopy_20,j k l m y o,j k l m y o a,e i p h,e i p h b,unseen alphabets,q t c d e i p h b j k l m y o a f r s n u v w x g z,10,extend_sequence,4,in,e h i j k,0
3448,nocopy_20,b q y s t u v,b q y s t u v w,u v w x k,u v w x k z,unseen alphabets,a r c d e f g h i j p l m n o b q y s t u v w x k z,5,extend_sequence,5,in,u v w x y z,0
3449,nocopy_20,u d m n w,u d m n w u d m n w,z t q,z t q z t q,seen alphabets,x l c v z t q h i a k b f e j o p r g y u d m n w s,20,replicate,3,out-of,z t q h,0
3450,nocopy_20,l m p w f w q,l m w f p q,x x b e d c,x b c d e,unseen alphabets,x b c d e v g h i n k l m w f p q r s t u z a y j o,10,rr_sort,6,out-of,x b x c,0
3451,nocopy_20,u v v w,u v w,e f f g h p b k,e f g h p b k,unseen alphabets,a y c d e f g h p b k l m n o i q r s t u v w x j z,5,remove_redundant,8,in,e f g h i m k,0
3452,nocopy_20,g f k k a m,g f k a m,n r v v g f k,n r v g f k,unseen alphabets,u q h c p n r v g f k a m w i l j y s t d b o x e z,20,remove_redundant,7,in,n r j k g f,0
3453,nocopy_20,q c k c w c n,r c k c w c n,t e h e f e x e p,t e h e v e x e p,seen alphabets,l d c b e f a z g r k w n y s o u i q t h v x p m j,20,fix_interleave,9,out-of,t e h e v e x e p,1
3454,nocopy_20,t r s q u,q r s t u,q p r s t u,p q r s t u,seen alphabets,a h c d e f g b i y k l m n o p q r s t u j w x v z,5,sort,6,in,p q r s t u,1
3455,nocopy_20,k l a,k l m,y t u v w,s t u v w,unseen alphabets,f b c d e a g h i j k l m n o p q r s t u v w x y z,2,fix_alphabetic_seq,5,in,s t u v w,1
3456,nocopy_20,n o p q r,m o p q r s,d e f,c e f g,seen alphabets,a z c d e f g h i j k l m n o p q r s t u v w x y b,2,extend_pred,3,out-of,d e f g,0
3457,nocopy_20,h i j k l m n,n m l k j i h,r s t u e,e u t s r,unseen alphabets,a c b v d f g h i j k l m n o p q r s t u e w x y z,5,reverse,5,out-of,q s t u e,0
3458,nocopy_20,g b c,g b c g b c,t u v w x a,t u v w x a t u v w x a,unseen alphabets,g b c d e f s h i j y l m n o p q r k t u v w x a z,5,replicate,6,out-of,t u v w x y z,0
3459,nocopy_20,d e f g,c e f g b,n o p q r s,m o p q r s t,seen alphabets,a h c d e f g b i y k l m n o p q r s t u j w x v z,5,extend_pred,6,out-of,n o p q r s t,0
3460,nocopy_20,j l k,j k l,e d b g,d e b g,unseen alphabets,a f c d e b g h i j k l m n o p q r s t u v w x y z,2,sort,4,in,e f g b,0
3461,nocopy_20,w b c,v b u,r y t,q y d,seen alphabets,a b c u e f g h i j k l m n o p q r s t d v w x y z,2,fix_pred_succ,3,out-of,r s t,0
3462,nocopy_20,r o p h n s t,n o p h r s t,j i b k m c n,b i j k m c n,unseen alphabets,a e q d w f g b i j k m c n o p h r s t u z v x y l,10,sort,7,in,b i j k l m n,0
3463,nocopy_20,e n c k,k n c e,v v u u b b,b b u u v v,unseen alphabets,k n c e y a g h i j d l m f o t q r s b u v w x p z,10,sort_group,3,in,u u v v b b,0
3464,nocopy_20,l m n g p q,q p g n m l,x y z,z y x,unseen alphabets,o b c d i f a h e j k l m n g p q r s t u v w x y z,5,reverse,3,out-of,w y z,0
3465,nocopy_20,o p l,n p m,q k w t c,p k w t v,seen alphabets,h s r d e f g b i j k l m n o p q z w t c v y x a u,10,fix_pred_succ,5,out-of,q z w t c,0
3466,nocopy_20,o p q r r,o p q r,g h j i h,g h i j,seen alphabets,a b m d e f g h i j k l c n o p q r s t u v w x y z,2,rr_sort,5,out-of,g h i j,1
3467,nocopy_20,k n m w f p a,k n m w f p c,v d o,v d y,unseen alphabets,x r l b g t e s i j k n m w f p a c h u v d o y q z,20,succ,3,in,w d o,0
3468,nocopy_20,k u m w f p,j u m w f a,e s g j k n m,t s g j k n w,unseen alphabets,x r l b g t e s i j k n m w f p a c h u v d o y q z,20,fix_pred_succ,7,out-of,e f g b i j k,0
3469,nocopy_20,l m n,l m o,c b v d,c b v f,unseen alphabets,a c b v d f g h i j k l m n o p q r s t u e w x y z,5,succ,4,in,b c d v,0
3470,nocopy_20,n o p q r s,b o p q r s,b n o p,l n o p,unseen alphabets,a m c d e f g h i j k l b n o p q r s t u v w x y z,2,pred,4,in,m n o p,0
3471,nocopy_20,c c y e u t,c e y u t,b h o w w d a,b h a w d o,seen alphabets,m r j k g f q n i b h a w d o p v x s l c e y u t z,20,rr_sort,7,out-of,b h a w d o,1
3472,nocopy_20,f g h v e k,f g h v e k l n,m n o p q x,m n o p q x s u,seen alphabets,a b c z j f g h v e k l m n o p q x s t u i y w d r,10,extend_extend_succ,6,out-of,l n o p q x,0
3473,nocopy_20,x s t l i,x s t u i y,g h v f k,g h v e k l,seen alphabets,a b c z j f g h v e k l m n o p q x s t u i y w d r,10,fix_extend,5,in,g h v e k l,1
3474,nocopy_20,e e e w w w v v v y y y z z z,v v v w w w e e e y y y z z z,s s t t f f w w v v e e,s s t t f f v v w w e e,seen alphabets,u n c d a o g h x j b l m k i p q r s t f v w e y z,10,sort_group,12,in,v v v w w w e e e y y y z z z t t t f f f,0
3475,nocopy_20,e d r c z,e d r c z m,r c z m a,r c z m a f,unseen alphabets,e d r c z m a f i j h y w l o g v p s b u q n x k t,20,extend_sequence,5,in,r h a l m,0
3476,nocopy_20,c w n c j,c n w j,b x c n n w p j,b x c n w j p,seen alphabets,q k i d v f r h a l e b x c n w j p s t g z m o y u,20,rr_sort,8,out-of,b x c n w j p,1
3477,nocopy_20,l s j s n s o s p,l s r s n s o s p,j k o k w,j k v k w,seen alphabets,a b u d e f g h i m k l r n o p q c s t j v w x y z,5,fix_interleave,5,out-of,s t j v w,0
3478,nocopy_20,k e r z j u,k e r z j u b t,x f g h m,x f g h m i e,unseen alphabets,d s p a x f g h m i k e r z j u b q t n c v o w y l,20,extend_extend_succ,5,out-of,x f g h i,0
3479,nocopy_20,g f l,g f q,i b h p,i b h a,seen alphabets,m r j k g f q n i b h a w d o p v x s l c e y u t z,20,fix_alphabetic_seq,4,in,n b h a,0
3480,nocopy_20,j k m c n,i k m c n,u z v x y l,t z v x y l,unseen alphabets,a e q d w f g b i j k m c n o p h r s t u z v x y l,10,pred,6,in,u v w x y z,0
3481,nocopy_20,n n o o p p q q,n n o o p p q q c c,s s t t j j v v w w x x y y,s s t t j j v v w w x x y y z z,seen alphabets,a b u d e f g h i m k l r n o p q c s t j v w x y z,5,extend_group,14,out-of,c c s s t t j j v v w w x x y y y y,0
3482,nocopy_20,q c s t j v,v j t s c q,f g h i m k l,l k m i h g f,seen alphabets,a b u d e f g h i m k l r n o p q c s t j v w x y z,5,reverse,7,out-of,e g h i m k l,0
3483,nocopy_20,l m x o p,l m n o p,t h c d e,a h c d e,seen alphabets,a h c d e f g b i y k l m n o p q r s t u j w x v z,5,fix_alphabetic_seq,5,in,a h c d e,1
3484,nocopy_20,j h y w l,l w y h j,b u q n x,x n q u b,unseen alphabets,e d r c z m a f i j h y w l o g v p s b u q n x k t,20,reverse,5,out-of,b u d e,0
3485,nocopy_20,w x y z,w x y z w x y z,b c d q f,b c d q f b c d q f,seen alphabets,a b c d q f g l i j k p m n o e h r s t u v w x y z,5,replicate,5,out-of,b c d q f g,0
3486,nocopy_20,u v w,x y z,e h i,j k l,seen alphabets,a b c d g f e h i j k l m n o p q r s t u v w x y z,2,shift,3,out-of,f h i,0
3487,nocopy_20,s t f n l,o t f n m,m j d,l j k,seen alphabets,a b c u e v g h d k i l m j r p q o s t f n w x y z,10,fix_pred_succ,3,out-of,d j,0
3488,nocopy_20,z m a f,c m a f,c z m a f,r z m a f,unseen alphabets,e d r c z m a f i j h y w l o g v p s b u q n x k t,20,pred,5,in,c z j f,0
3489,nocopy_20,s t t d b o x e,s t d b o x e,h x c x p x n x r x r x v,h x c x p x n x r x v,unseen alphabets,u q h c p n r v g f k a m w i l j y s t d b o x e z,20,rr_interleave,7,in,h x c x n x o x p x r,0
3490,nocopy_20,l m n,l m n o,d e f s h,d e f s h i,seen alphabets,a b g d e f s h i j w l m n o p q r k t u v c x y z,5,extend_sequence,5,in,d e f s h i,1
3491,nocopy_20,c v o,c v o w l,q t n c v,q t n c v o y,unseen alphabets,d s p a x f g h m i k e r z j u b q t n c v o w y l,20,extend_extend_succ,5,out-of,q t c v y,0
3492,nocopy_20,h i j,h i w,m n o,m n p,seen alphabets,a b g d e f s h i j w l m n o p q r k t u v c x y z,5,succ,3,in,m n p,1
3493,nocopy_20,e w x x y z,e w x y z,y x y x z,y x z,unseen alphabets,a c b v d f g h i j k l m n o p q r s t u e w x y z,5,rr_interleave,3,in,y x z,1
3494,nocopy_20,v g p s b,g v p s b,l l o o v v g g p p,l l o o g g v v p p,unseen alphabets,e d r c z m a f i j h y w l o g v p s b u q n x k t,20,sort_group,5,in,o o p p v v g g l l,0
3495,nocopy_20,v i o f g m y,v i o f g m y b,g g g m m m y y y b b b w w w n n n,g g g m m m y y y b b b w w w n n n h h h,unseen alphabets,r d v i o f g m y b w n h u j p c l e t s q a x k z,20,extend_group,6,out-of,g g g b b b m m m n n n w w w,0
3496,nocopy_20,b k l,p k l m,e f g h,d f g h p,unseen alphabets,a y c d e f g h p b k l m n o i q r s t u v w x j z,5,extend_pred,4,out-of,e f g h i,0
3497,nocopy_20,c z m a e i j,c z m a f i j,i a h y,i j h y,unseen alphabets,e d r c z m a f i j h y w l o g v p s b u q n x k t,20,fix_alphabetic_seq,4,in,h i a,0
3498,nocopy_20,h i m k k l j n,h i j k l m n,l k k j,j k l,seen alphabets,a b c d g f e h i j k l m n o p q r s t u v w x y z,2,rr_sort,4,out-of,l i j,0
3499,nocopy_20,y o a f r s n,y o a f r s u,m y o a f,m y o a r,unseen alphabets,q t c d e i p h b j k l m y o a f r s n u v w x g z,10,succ,5,in,m n o y,0
3500,nocopy_20,s r e r d,s r t r d,n z o z j z q z r z s,n z o z p z q z r z s,seen alphabets,a b c u e f g h i j k l m n o p q r s t d v w x y z,2,fix_interleave,11,out-of,n z o z p z q z r z s,1
3501,nocopy_20,r k t,q k t,o p q r k t u,n p q r k t u,unseen alphabets,g b c d e f s h i j y l m n o p q r k t u v w x a z,5,pred,7,in,n p q r k t u,1
3502,nocopy_20,h p p b k l m,h p b k l m,p b k l m m,p b k l m,unseen alphabets,a y c d e f g h p b k l m n o i q r s t u v w x j z,5,remove_redundant,6,in,p b k l n,0
3503,nocopy_20,e f g b,i y k l,s t u,j w x,seen alphabets,a h c d e f g b i y k l m n o p q r s t u j w x v z,5,shift,3,out-of,s t j,0
3504,nocopy_20,r p s p t p u p u,r p s p t p u,j k k k l k l,j k k k l,seen alphabets,a b c d e f g h i j k l m n o p q r s t u v w x y z,1,rr_interleave,7,in,j k k k l,1
3505,nocopy_20,j d l,l d j,m f o,o f m,unseen alphabets,k n c e y a g h i j d l m f o t q r s b u v w x p z,10,reverse,3,out-of,m n o,0
3506,nocopy_20,w m n,n m w,g g g r r r l l l b b b x x x t t t e e e,x x x r r r l l l b b b g g g t t t e e e,unseen alphabets,x r l b g t e s i j k n m w f p a c h u v d o y q z,20,sort_group,7,in,g g g r r r e e e b b b x x x c c c t t t,0
3507,nocopy_20,d o y q z,z q y o d,l b g t e s i,i s e t g b l,unseen alphabets,x r l b g t e s i j k n m w f p a c h u v d o y q z,20,reverse,7,out-of,l g b e f s t,0
3508,nocopy_20,o p f r s t,o p q r s t d,z w x y,v w x y z,seen alphabets,a b c u e f g h i j k l m n o p q r s t d v w x y z,2,fix_extend,4,in,v w x y z,1
3509,nocopy_20,d e g f,d e f g,w s t u v r x,r s t u v w x,unseen alphabets,a m c d e f g h i j k l b n o p q r s t u v w x y z,2,sort,7,in,r s t u v w x,1
3510,nocopy_20,c d i f,c d i f a,u v w,u v w x,unseen alphabets,o b c d i f a h e j k l m n g p q r s t u v w x y z,5,extend_sequence,3,in,u v w x,1
3511,nocopy_20,m n w s,m n w s m n w s,x l c v,x l c v x l c v,seen alphabets,x l c v z t q h i a k b f e j o p r g y u d m n w s,20,replicate,4,out-of,x l c v z,0
3512,nocopy_20,k l m n,k l m n o,c d e f,c d e f g,unseen alphabets,a y c d e f g h p b k l m n o i q r s t u v w x j z,5,extend_sequence,4,in,c d e f g,1
3513,nocopy_20,t s q,q s t,n h u j,j u h n,unseen alphabets,r d v i o f g m y b w n h u j p c l e t s q a x k z,20,reverse,4,out-of,n d j,0
3514,nocopy_20,u f g,d f g,q b c t z e w,h b c t z e w,seen alphabets,a s r d u f g p i j k l m n o h q b c t z e w x y v,10,pred,7,in,q b c t z e x,0
3515,nocopy_20,s j u q n,s b u q n x,g v p x,g v p s b,unseen alphabets,e d r c z m a f i j h y w l o g v p s b u q n x k t,20,fix_extend,4,in,h v x p,0
3516,nocopy_20,l e b x c n p,l e b x c n w j,b q c n,b x c n w,seen alphabets,q k i d v f r h a l e b x c n w j p s t g z m o y u,20,fix_extend,4,in,b x c n w,1
3517,nocopy_20,v w x y,u w x y z,p q r,o q r s,unseen alphabets,a m c d e f g h i j k l b n o p q r s t u v w x y z,2,extend_pred,3,out-of,p q r s,0
3518,nocopy_20,s t u v v,s t u w,t u u v w,t u v x,unseen alphabets,a i c d e f g h b j k l m n o p q r s t u v w x y z,2,rr_succ,5,in,t u v w,0
3519,nocopy_20,p c l e t s,p c l e t s p c l e t s,a x k z,a x k z a x k z,unseen alphabets,r d v i o f g m y b w n h u j p c l e t s q a x k z,20,replicate,4,out-of,e y x a z g,0
3520,nocopy_20,c c v v z z t t,c c v v z z t t q q,t t t q q q h h h i i i a a a k k k b b b,t t t q q q h h h i i i a a a k k k b b b f f f,seen alphabets,x l c v z t q h i a k b f e j o p r g y u d m n w s,20,extend_group,21,out-of,q q q t h q i q q n n q i i i a a a k k k,0
3521,nocopy_20,h m i k e r z z,h m i k e r z,r r z j,r z j,unseen alphabets,d s p a x f g h m i k e r z j u b q t n c v o w y l,20,remove_redundant,4,in,r z j,1
3522,nocopy_20,v d o,o d v,p a c h,h c a p,unseen alphabets,x r l b g t e s i j k n m w f p a c h u v d o y q z,20,reverse,4,out-of,p a h c,0
3523,nocopy_20,v d e c,c d e v,d c e,c d e,unseen alphabets,x b c d e v g h i n k l m w f p q r s t u z a y j o,10,sort,3,in,d c b,0
3524,nocopy_20,r s t,r s t u,c d q,c d q f,seen alphabets,a b c d q f g l i j k p m n o e h r s t u v w x y z,5,extend_sequence,3,in,c d q f,1
3525,nocopy_20,v w z g x,v w x g z,m m m y y y a a a o o o f f f,m m m y y y o o o a a a f f f,unseen alphabets,q t c d e i p h b j k l m y o a f r s n u v w x g z,10,sort_group,5,in,m m m o o o y y y,0
3526,nocopy_20,g b i j k m,g b i j k c,p h r s t u z,p h r s t u v,unseen alphabets,a e q d w f g b i j k m c n o p h r s t u z v x y l,10,succ,7,in,p q r s t u j,0
3527,nocopy_20,c n w,c n w j s,c n w j p,c n w j p s g,seen alphabets,q k i d v f r h a l e b x c n w j p s t g z m o y u,20,extend_extend_succ,5,out-of,x n w j p,0
3528,nocopy_20,h p b k l,h p b k l m o,e f g h p b,e f g h p b k m,unseen alphabets,a y c d e f g h p b k l m n o i q r s t u v w x j z,5,extend_extend_succ,6,out-of,e f g h i m,0
3529,nocopy_20,n b q t u,u b q t n,q v n c t o w,q t n c v o w,unseen alphabets,d s p a x f g h m i k e r z j u b q t n c v o w y l,20,sort,7,in,q b c t j v w,0
3530,nocopy_20,f o b,e o i,v y q a,c y q u,seen alphabets,h s r d e f g b i j k l m n o p q z w t c v y x a u,10,fix_pred_succ,4,out-of,v y x a,0
3531,nocopy_20,p q h,s t u,k l m n,o p q h,seen alphabets,a b c d x f g i r j k l m n o p q h s t u v w e y z,5,shift,4,out-of,k l m o,0
3532,nocopy_20,p i c s,o i c s t,k n o p i c,d n o p i c s,unseen alphabets,a b m j e r g h q l f d k n o p i c s t u v w x y z,10,extend_pred,6,out-of,k n o p q c s,0
3533,nocopy_20,d w n o p,d k n o p,p s y s c s s s t s u,p s i s c s s s t s u,unseen alphabets,a b m j e r g h q l f d k n o p i c s t u v w x y z,10,fix_interleave,6,out-of,p s q s c s s s t s u,0
3534,nocopy_20,q d w f,q d w f g,t u z,t u z v,unseen alphabets,a e q d w f g b i j k m c n o p h r s t u z v x y l,10,extend_sequence,3,in,t u v w,0
3535,nocopy_20,n o p q,n o p q r,i j k l b n o,i j k l b n o p,unseen alphabets,a m c d e f g h i j k l b n o p q r s t u v w x y z,2,extend_sequence,7,in,i j k l m n o p,0
3536,nocopy_20,o b q y s,o b q y s t,e e e f f f g g g h h h i i i j j j,e e e f f f g g g h h h i i i j j j p p p,unseen alphabets,a r c d e f g h i j p l m n o b q y s t u v w x k z,5,extend_group,6,out-of,e e e f f f g g g h h h i i i j j j k k k,0
3537,nocopy_20,i j j p,i j p,o o b q,o b q,unseen alphabets,a r c d e f g h i j p l m n o b q y s t u v w x k z,5,remove_redundant,4,in,o h q,0
3538,nocopy_20,t u u v,t u v,s t u u,s t u,unseen alphabets,a b m j e r g h q l f d k n o p i c s t u v w x y z,10,remove_redundant,4,in,s t v,0
3539,nocopy_20,q n s t u e,q r s t u e w,s t u e r x y,s t u e w x y z,unseen alphabets,a c b v d f g h i j k l m n o p q r s t u e w x y z,5,fix_extend,7,in,s t u v w x y b,0
3540,nocopy_20,f s h i i j,f s h i w,i j w l l m,i j w l n,seen alphabets,a b g d e f s h i j w l m n o p q r k t u v c x y z,5,rr_succ,6,in,i j w l m,0
3541,nocopy_20,h m i j k l i n,h i j k l m n,p m n o o l,l m n o p,seen alphabets,a z c d e f g h i j k l m n o p q r s t u v w x y b,2,rr_sort,6,out-of,p m n o p,0
3542,nocopy_20,i j k l b,n o p q r,p q r s t,u v w x y,unseen alphabets,a m c d e f g h i j k l b n o p q r s t u v w x y z,2,shift,5,out-of,o q r s t,0
3543,nocopy_20,j k l m n o o,j k l m n p,m n o p p,m n o q,unseen alphabets,a f c d e b g h i j k l m n o p q r s t u v w x y z,2,rr_succ,5,in,m n o q,1
3544,nocopy_20,d k i l m j,h k i l m j,j r p q,m r p q,seen alphabets,a b c u e v g h d k i l m j r p q o s t f n w x y z,10,pred,4,in,m r p q,1
3545,nocopy_20,b g l i j,a g l i k,t u b w x,s u b w y,seen alphabets,a b c d q f g l i j k p m n o e h r s t u v w x y z,5,fix_pred_succ,5,out-of,t u v w x,0
3546,nocopy_20,w x x y z,w x y z,g h j j i k,g h i j k,unseen alphabets,f b c d e a g h i j k l m n o p q r s t u v w x y z,2,rr_sort,6,out-of,g h i j k,1
3547,nocopy_20,t i u i y w d,t u i y w d,u r y y w d i,u i y w d r,seen alphabets,a b c z j f g h v e k l m n o p q x s t u i y w d r,10,rr_sort,7,out-of,u i y w d r,1
3548,nocopy_20,t u v,w x z,i j k l,m n o p,seen alphabets,a b c d e f g h i j k l m n o p q r s t u v w x z y,2,shift,4,out-of,h j k l,0
3549,nocopy_20,c h u v d o o,c h u v d o,u u v d o y,u v d o y,unseen alphabets,x r l b g t e s i j k n m w f p a c h u v d o y q z,20,remove_redundant,6,in,u v c x y,0
3550,nocopy_20,d e i p h b j,d e i p h b k,m y o,m y a,unseen alphabets,q t c d e i p h b j k l m y o a f r s n u v w x g z,10,succ,3,in,m n o,0
3551,nocopy_20,p q h s t w,o q h s t e,q h o t u v,p h o t u w,seen alphabets,a b c d x f g i r j k l m n o p q h s t u v w e y z,5,fix_pred_succ,6,out-of,q h s t u v,0
3552,nocopy_20,s t u v,w x y b,i j k l,m n o p,seen alphabets,a z c d e f g h i j k l m n o p q r s t u v w x y b,2,shift,4,out-of,h j k l,0
3553,nocopy_20,b u v w x,s u v w x,a g h i j d l,y g h i j d l,unseen alphabets,k n c e y a g h i j d l m f o t q r s b u v w x p z,10,pred,7,in,g h i j k l,0
3554,nocopy_20,j p s b g z m,w p s b g z o,e r h a l,l r h a e,seen alphabets,q k i d v f r h a l e b x c n w j p s t g z m o y u,20,fix_pred_succ,5,out-of,v r h a l,0
3555,nocopy_20,x s l p,v s l v,u t r,y t j,seen alphabets,m r j k g f q n i b h a w d o p v x s l c e y u t z,20,fix_pred_succ,3,out-of,r u t,0
3556,nocopy_20,d j o i,d j o i d j o i,o i w u v,o i w u v o i w u v,seen alphabets,a e c h x l g r q y k t f n d j o i w u v b m p s z,20,replicate,5,out-of,o i w u v b,0
3557,nocopy_20,s o u,u o s,x p m j,j m p x,seen alphabets,l d c b e f a z g r k w n y s o u i q t h v x p m j,20,reverse,4,out-of,v p m j,0
3558,nocopy_20,b k l m z o i,b k l m n o i,w y c,a y c,unseen alphabets,a y c d e f g h p b k l m n o i q r s t u v w x j z,5,fix_alphabetic_seq,3,in,w x y,0
3559,nocopy_20,i p q r s t,i p q r s t f w,p q r s t,p q r s t f w,seen alphabets,u n c d a o g h x j b l m k i p q r s t f v w e y z,10,extend_extend_succ,5,out-of,p q r s f,0
3560,nocopy_20,l m n o p q f,w m n o p q s,h i q w l,s i q w m,seen alphabets,a b g d e f s h i j w l m n o p q r k t u v c x y z,5,fix_pred_succ,5,out-of,h i j w l,0
3561,nocopy_20,k l c n o p q,j l c n o p q,e f g h i j,d f g h i j,seen alphabets,a b m d e f g h i j k l c n o p q r s t u v w x y z,2,pred,6,in,e f g h i k,0
3562,nocopy_20,c u e f g,c u e f h,h i j k l m n,h i j k l m o,seen alphabets,a b c u e f g h i j k l m n o p q r s t d v w x y z,2,succ,7,in,h i j k l m o,1
3563,nocopy_20,g f k a m w,i l j y s t,w i l j,y s t d,unseen alphabets,u q h c p n r v g f k a m w i l j y s t d b o x e z,20,shift,4,out-of,l i j w,0
3564,nocopy_20,e z r,e r z,y w l,w y l,unseen alphabets,d s p a x f g h m i k e r z j u b q t n c v o w y l,20,sort,3,in,i w l,0
3565,nocopy_20,h i m k,h i m k l,a b u d e f,a b u d e f g,seen alphabets,a b u d e f g h i m k l r n o p q c s t j v w x y z,5,extend_sequence,6,in,a b u d e f g,1
3566,nocopy_20,b v w x,u v w x,n f o f p f f f r,n f o f p f q f r,unseen alphabets,a f c d e b g h i j k l m n o p q r s t u v w x y z,2,fix_interleave,5,out-of,n f o f p f r,0
3567,nocopy_20,j k l,m n o,i j k l,m n o p,seen alphabets,a b c d e f g h i j k l m n o p q r s t u v w x y z,1,shift,4,out-of,h j k l,0
3568,nocopy_20,f u g u h u t u j,f u g u h u i u j,g p o p p p q p r,n p o p p p q p r,seen alphabets,a b m d e f g h i j k l c n o p q r s t u v w x y z,2,fix_interleave,9,out-of,j p o p p p q p r,0
3569,nocopy_20,d e f g y,d e f g h,s t u j w x y,s t u v w x y,unseen alphabets,a m c d e f g h i j k l b n o p q r s t u v w x y z,2,fix_alphabetic_seq,7,in,r t u j w x y,0
3570,nocopy_20,u v w x a a z,u v w x a z,k x t x u x u x v x w x x,k x t x u x v x w x x,unseen alphabets,g b c d e f s h i j y l m n o p q r k t u v w x a z,5,rr_interleave,7,in,k x t x u x v x w x x,1
3571,nocopy_20,o p q c s t,j v w x y z,g h i m k,l r n o p,seen alphabets,a b u d e f g h i m k l r n o p q c s t j v w x y z,5,shift,5,out-of,f h i m k,0
3572,nocopy_20,s y s t,y s t,c h q p n n r,q h c p n r,unseen alphabets,u q h c p n r v g f k a m w i l j y s t d b o x e z,20,rr_sort,7,out-of,c n o p q r,0
3573,nocopy_20,p q x,s t u,z j f g,h v e k,seen alphabets,a b c z j f g h v e k l m n o p q x s t u i y w d r,10,shift,4,out-of,c j f g,0
3574,nocopy_20,a a c b v,a c b v,r h s h t h u h e h w h x h x,r h s h t h u h e h w h x,unseen alphabets,a c b v d f g h i j k l m n o p q r s t u e w x y z,5,rr_interleave,8,in,r h s h t h u h v h w h x,0
3575,nocopy_20,j c k c l c m c m,j c k c l c m,s n t n u n u,s n t n u,seen alphabets,a b c d e f g h i j k l m n o p q r s t u v w x y z,1,rr_interleave,7,in,s n t n u,1
3576,nocopy_20,v w x y,v w x y v w x y,g h i j k l,g h i j k l g h i j k l,seen alphabets,a z c d e f g h i j k l m n o p q r s t u v w x y b,2,replicate,6,out-of,g h i j k l m,0
3577,nocopy_20,p p g r y,p r g y,j e e f o p,f e j o p,seen alphabets,x l c v z t q h i a k b f e j o p r g y u d m n w s,20,rr_sort,6,out-of,j e f g,0
3578,nocopy_20,e f g h p b k,k b p h g f e,v w x,x w v,unseen alphabets,a y c d e f g h p b k l m n o i q r s t u v w x j z,5,reverse,3,out-of,v w y,0
3579,nocopy_20,v w w x y,v w x z,s t u v v w x y,s t u v w x z,seen alphabets,a b c d g f e h i j k l m n o p q r s t u v w x y z,2,rr_succ,8,in,s t u v w x z,1
3580,nocopy_20,e e v g h d k,e v g h d i,o s s t f,o s t n,seen alphabets,a b c u e v g h d k i l m j r p q o s t f n w x y z,10,rr_succ,5,in,o s t n,1
3581,nocopy_20,n l m p n,p l m n,m n o o b q s y,m n o b q y s,unseen alphabets,a r c d e f g h i j p l m n o b q y s t u v w x k z,5,rr_sort,8,out-of,m n o h q b c,0
3582,nocopy_20,g b i j k l m,g b i j k l m n,e f g b i j,e f g b i j k,seen alphabets,h s r d e f g b i j k l m n o p q z w t c v y x a u,10,extend_sequence,6,in,e f g b i j k,1
3583,nocopy_20,e c h,x l g,n d j o i,w u v b m,seen alphabets,a e c h x l g r q y k t f n d j o i w u v b m p s z,20,shift,5,out-of,f d j o i,0
3584,nocopy_20,p q r s,p q r s t e,d f g h,d f g h i k,unseen alphabets,a c b v d f g h i j k l m n o p q r s t u e w x y z,5,extend_extend_succ,4,out-of,d g f e h,0
3585,nocopy_20,m p g n q,m n g p q,c c f f i i d d a a h h,c c d d i i f f a a h h,unseen alphabets,o b c d i f a h e j k l m n g p q r s t u v w x y z,5,sort_group,6,in,c c d d a a f f g g h h i i,0
3586,nocopy_20,g h i j k,g h i j k l n,n o p q,n o p q r t,unseen alphabets,a c b v d f g h i j k l m n o p q r s t u e w x y z,5,extend_extend_succ,4,out-of,n o p r,0
3587,nocopy_20,u z v,t z v x,s t u z,r t u z v,unseen alphabets,a e q d w f g b i j k m c n o p h r s t u z v x y l,10,extend_pred,4,out-of,s t u v w,0
3588,nocopy_20,h y w,l o g,a f i j h y,w l o g v p,unseen alphabets,e d r c z m a f i j h y w l o g v p s b u q n x k t,20,shift,6,out-of,f g h i j w,0
3589,nocopy_20,e f g h i,i h g f e,m c d e f,f e d c m,unseen alphabets,a m c d e f g h i j k l b n o p q r s t u v w x y z,2,reverse,5,out-of,b c d e f,0
3590,nocopy_20,f q g q g q h,f q g q h,k u k u l u m u n u o u p u q,k u l u m u n u o u p u q,seen alphabets,a b c d e f g h i j k l m n o p q r s t u v w x z y,2,rr_interleave,15,in,k u l u m u n u o u p u q,1
3591,nocopy_20,s i j j k n,s i j k n,x r l b b,x r l b,unseen alphabets,x r l b g t e s i j k n m w f p a c h u v d o y q z,20,remove_redundant,5,in,x l r b,0
3592,nocopy_20,s q h x k,s q a x k,b t w t n t e t u t j,b t w t n t h t u t j,unseen alphabets,r d v i o f g m y b w n h u j p c l e t s q a x k z,20,fix_interleave,6,out-of,b t f t e t j,0
3593,nocopy_20,w n m,m n w,i q h t a,t q h i a,seen alphabets,x l c v z t q h i a k b f e j o p r g y u d m n w s,20,sort,5,in,i q t h v,0
3594,nocopy_20,l o g v p s,l o g v p b,l o g v p s b,l o g v p s u,unseen alphabets,e d r c z m a f i j h y w l o g v p s b u q n x k t,20,succ,7,in,d o p v x s l,0
3595,nocopy_20,e i b i x i x i c i n i w i j,e i b i x i c i n i w i j,f a f a r a h a a a l a e,f a r a h a a a l a e,seen alphabets,q k i d v f r h a l e b x c n w j p s t g z m o y u,20,rr_interleave,13,in,l l l e e e b b b x x x c c c n n n w w w,0
3596,nocopy_20,l m m n o,l m n p,i j j k l m n o,i j k l m n p,seen alphabets,a b c u e f g h i j k l m n o p q r s t d v w x y z,2,rr_succ,8,in,i j k l m n o,0
3597,nocopy_20,o p v x,s l c e,w d o p v,x s l c e,seen alphabets,m r j k g f q n i b h a w d o p v x s l c e y u t z,20,shift,5,out-of,a d o p v,0
3598,nocopy_20,e i h j j,e h i j,x x z y,x y z,seen alphabets,a b c d g f e h i j k l m n o p q r s t u v w x y z,2,rr_sort,4,out-of,x z y,0
3599,nocopy_20,p h b j k l,p h b j k l m o,h b j k l,h b j k l m o,unseen alphabets,q t c d e i p h b j k l m y o a f r s n u v w x g z,10,extend_extend_succ,5,out-of,h i j k l,0
3600,nocopy_20,o j e j f j g j h j i j j,d j e j f j g j h j i j j,h i s i t i u i v i w i x,r i s i t i u i v i w i x,seen alphabets,a b c d e f g h i j k l m n o p q r s t u v w x y z,1,fix_interleave,13,out-of,e i f j g g h h h i i i j j j k k k l l l,0
3601,nocopy_20,k i q p p r,k i p q r,d o a o g,d a o g,seen alphabets,u n c d a o g h x j b l m k i p q r s t f v w e y z,10,rr_sort,5,out-of,d o a o g,0
3602,nocopy_20,h h s s r r d d e e f f,h h s s r r d d e e f f g g,r r r d d d e e e f f f g g g,r r r d d d e e e f f f g g g b b b,seen alphabets,h s r d e f g b i j k l m n o p q z w t c v y x a u,10,extend_group,15,out-of,s s s r r r d d d e e e f f f g g g b b b,0
3603,nocopy_20,j i f,f i j,n n n u u u q q q b b b x x x,b b b u u u q q q n n n x x x,unseen alphabets,e d r c z m a f i j h y w l o g v p s b u q n x k t,20,sort_group,5,in,u u u n n n x x x q q q b b b,0
3604,nocopy_20,s o z i q,s o u i q t,s h v,t h v x,seen alphabets,l d c b e f a z g r k w n y s o u i q t h v x p m j,20,fix_extend,3,in,s h i j,0
3605,nocopy_20,p q r s t,p q r s t u,r s t u z,r s t u z a,unseen alphabets,x b c d e v g h i n k l m w f p q r s t u z a y j o,10,extend_sequence,5,in,r s t u j w,0
3606,nocopy_20,c e b,d e b g,t a v,t u v w,unseen alphabets,a f c d e b g h i j k l m n o p q r s t u v w x y z,2,fix_extend,3,in,t u v w,1
3607,nocopy_20,m e y u t,c e y u t z,g f q n i b l,g f q n i b h a,seen alphabets,m r j k g f q n i b h a w d o p v x s l c e y u t z,20,fix_extend,7,in,g f q n i b h a,1
3608,nocopy_20,e l t,l e t,w w b b y y n n,y y b b w w n n,unseen alphabets,r d v i o f g m y b w n h u j p c l e t s q a x k z,20,sort_group,4,in,w w n n y y s s,0
3609,nocopy_20,r r s w u v b x,r s b u v w x,k e c n y y a,k n c e y a,unseen alphabets,k n c e y a g h i j d l m f o t q r s b u v w x p z,10,rr_sort,7,out-of,k l c n o y,0
3610,nocopy_20,n h h u,n h u,o j f j g j g j m j y,o j f j g j m j y,unseen alphabets,r d v i o f g m y b w n h u j p c l e t s q a x k z,20,rr_interleave,6,in,o j g j z j m j o,0
3611,nocopy_20,o e h r s t u,o e h r s t u o e h r s t u,u v w x,u v w x u v w x,seen alphabets,a b c d q f g l i j k p m n o e h r s t u v w x y z,5,replicate,4,out-of,e h r s t u v w x y,0
3612,nocopy_20,k t u,r t u v,k t u v,r t u v c,seen alphabets,a b g d e f s h i j w l m n o p q r k t u v c x y z,5,extend_pred,4,out-of,k t u v c,0
3613,nocopy_20,k l m n o,k l m n o p,d e f g h b,d e f g h b j,unseen alphabets,a i c d e f g h b j k l m n o p q r s t u v w x y z,2,extend_sequence,6,in,d e f g h i j,0
3614,nocopy_20,a f c d h,a f c d e,t c v,t u v,unseen alphabets,a f c d e b g h i j k l m n o p q r s t u v w x y z,2,fix_alphabetic_seq,3,in,t c w,0
3615,nocopy_20,i o p q r,n o p q r,h y b,x y b,seen alphabets,a z c d e f g h i j k l m n o p q r s t u v w x y b,2,fix_alphabetic_seq,3,in,h x b,0
3616,nocopy_20,z z z t t t q q q h h h i i i a a a,z z z t t t q q q h h h i i i a a a k k k,p p p r r r g g g y y y u u u,p p p r r r g g g y y y u u u d d d,seen alphabets,x l c v z t q h i a k b f e j o p r g y u d m n w s,20,extend_group,15,out-of,a a a z z z g g g r r r q q q y y y k k k,0
3617,nocopy_20,a a q e,a e q,f g g b i k j m,f g b i j k m,unseen alphabets,a e q d w f g b i j k m c n o p h r s t u z v x y l,10,rr_sort,8,out-of,f g b i j k l,0
3618,nocopy_20,i j p l m n,h j p l m n o,q y s t u,b y s t u v,unseen alphabets,a r c d e f g h i j p l m n o b q y s t u v w x k z,5,extend_pred,5,out-of,q r s t u v,0
3619,nocopy_20,n o p,n o p n o p,a f c d,a f c d a f c d,unseen alphabets,a f c d e b g h i j k l m n o p q r s t u v w x y z,2,replicate,4,out-of,a b c d e,0
3620,nocopy_20,l c n o p,k c n o p,f g h i,e g h i,seen alphabets,a b m d e f g h i j k l c n o p q r s t u v w x y z,2,pred,4,in,e g h i,1
3621,nocopy_20,e f g h i j k,e f g h i j k l,i i j j k k l l,i i j j k k l l t t,unseen alphabets,a b c d e f g h i j k l t n o p q r s m u v w x y z,2,extend_group,4,out-of,i r j j k k l m,0
3622,nocopy_20,f s h,f s h i,r r r k k k t t t u u u v v v w w w,r r r k k k t t t u u u v v v w w w x x x,unseen alphabets,g b c d e f s h i j y l m n o p q r k t u v w x a z,5,extend_group,6,out-of,r r r k k k t t t u u u v v v w w w,0
3623,nocopy_20,q k r t,q r k t,c c c d d d h h h f f f s s s e e e i i i,c c c d d d e e e f f f s s s h h h i i i,unseen alphabets,g b c d e f s h i j y l m n o p q r k t u v w x a z,5,sort_group,7,in,c c c d d d e e e f f f s s s h h h i i i,1
3624,nocopy_20,d b o e x,d b o x e,r r r v v v k k k f f f g g g a a a,r r r v v v g g g f f f k k k a a a,unseen alphabets,u q h c p n r v g f k a m w i l j y s t d b o x e z,20,sort_group,6,in,r r r j j j k k k g g g f f f,0
3625,nocopy_20,i j k l,m n o h,r d u f g p i,j k l m n o h,seen alphabets,a s r d u f g p i j k l m n o h q b c t z e w x y v,10,shift,7,out-of,r d u f g p j,0
3626,nocopy_20,q q r s,q r t,n k k l m,n k l w,unseen alphabets,x b c d e v g h i n k l m w f p q r s t u z a y j o,10,rr_succ,5,in,n k l n,0
3627,nocopy_20,v h x,u h y,j n o,i n p,unseen alphabets,f b c d e a g h i j k l m n o p q r s t u v w x y z,2,fix_pred_succ,3,out-of,m n o,0
3628,nocopy_20,z z y,z y,m n o o p r q s,m n o p q r s,seen alphabets,a b c d e f g h i j k l m n o p q r s t u v w x z y,2,rr_sort,8,out-of,m n o p q r s,1
3629,nocopy_20,l m n g,l m n p,e j k l,e j k m,unseen alphabets,o b c d i f a h e j k l m n g p q r s t u v w x y z,5,succ,4,in,i j k l,0
3630,nocopy_20,n c v v o w,n c v o w,s p p a x f g h,s p a x f g h,unseen alphabets,d s p a x f g h m i k e r z j u b q t n c v o w y l,20,remove_redundant,8,in,s p q x f g i,0
3631,nocopy_20,m m m n n n q q q p p p o o o x x x s s s,m m m n n n o o o p p p q q q x x x s s s,u u x x s s t t q q,q q x x s s t t u u,seen alphabets,a b c z j f g h v e k l m n o p q x s t u i y w d r,10,sort_group,10,in,q q q x x x s s s t t t u u u i i i m m m,0
3632,nocopy_20,k l m n o p,p o n m l k,h i j k l m,m l k j i h,seen alphabets,a b c d e f g h i j k l m n o p q r s t u v w x y z,1,reverse,6,out-of,g i j k l m,0
3633,nocopy_20,o p q r k,o p q r k t v,d e f s,d e f s h j,unseen alphabets,g b c d e f s h i j y l m n o p q r k t u v w x a z,5,extend_extend_succ,4,out-of,d e f h,0
3634,nocopy_20,l l m n o p q,l m n o p h,f f g i,f g r,seen alphabets,a b c d x f g i r j k l m n o p q h s t u v w e y z,5,rr_succ,4,in,f g r,1
3635,nocopy_20,e v g h d k,u v g h d k i,l m j r p q o,i m j r p q o s,seen alphabets,a b c u e v g h d k i l m j r p q o s t f n w x y z,10,extend_pred,7,out-of,l m j r p q o s,0
3636,nocopy_20,g t e,g t e g t e,i j k n m w,i j k n m w i j k n m w,unseen alphabets,x r l b g t e s i j k n m w f p a c h u v d o y q z,20,replicate,6,out-of,i j k p m n o,0
3637,nocopy_20,p q q r,p q s,c d a a o,c d a g,seen alphabets,u n c d a o g h x j b l m k i p q r s t f v w e y z,10,rr_succ,5,in,c d a g,1
3638,nocopy_20,m f o p,l f o q,g s t u i,f s t u y,seen alphabets,a b c z j f g h v e k l m n o p q x s t u i y w d r,10,fix_pred_succ,5,out-of,r s t u i,0
3639,nocopy_20,i j k l t n n,i j k l t o,f g h i j j,f g h i k,unseen alphabets,a b c d e f g h i j k l t n o p q r s m u v w x y z,2,rr_succ,6,in,f g h i j,0
3640,nocopy_20,j d l m f o,j d l m f t,n c e y a g h,n c e y a g i,unseen alphabets,k n c e y a g h i j d l m f o t q r s b u v w x p z,10,succ,7,in,n c d e f g h,0
3641,nocopy_20,w w x w x w z,w w x w z,d k e k e k f,d k e k f,seen alphabets,a b c d e f g h i j k l m n o p q r s t u v w x z y,2,rr_interleave,7,in,d k e k f,1
3642,nocopy_20,k l m n,j l m n g,j k l m,e k l m n,unseen alphabets,o b c d i f a h e j k l m n g p q r s t u v w x y z,5,extend_pred,4,out-of,j k l m n,0
3643,nocopy_20,v z b z m z p z s z s,v z b z m z p z s,n y d y d y j y o,n y d y j y o,seen alphabets,a e c h x l g r q y k t f n d j o i w u v b m p s z,20,rr_interleave,9,in,n n y y s s o o u u d d m m,0
3644,nocopy_20,l j y s s t d b,l j y s t d o,y s t t d b o,y s t d b x,unseen alphabets,u q h c p n r v g f k a m w i l j y s t d b o x e z,20,rr_succ,7,in,y s t f n d,0
3645,nocopy_20,l m m n,l m n,b i y k l m m n,b i y k l m n,seen alphabets,a h c d e f g b i y k l m n o p q r s t u j w x v z,5,remove_redundant,8,in,b i y k l m n,1
3646,nocopy_20,w l o g v,w l o g v p,e e e d d d r r r c c c,e e e d d d r r r c c c z z z,unseen alphabets,e d r c z m a f i j h y w l o g v p s b u q n x k t,20,extend_group,4,out-of,r r r d d d e e e c f f,0
3647,nocopy_20,p q r s t u u e,p q r s t u w,v d f g h h,v d f g i,unseen alphabets,a c b v d f g h i j k l m n o p q r s t u e w x y z,5,rr_succ,6,in,v g h,0
3648,nocopy_20,d u f g p i j,r u f g p i j,u f g p,d f g p,seen alphabets,a s r d u f g p i j k l m n o h q b c t z e w x y v,10,pred,4,in,d f g p,1
3649,nocopy_20,c b d d i f a,b c d i f a,s r t t,r s t,unseen alphabets,o b c d i f a h e j k l m n g p q r s t u v w x y z,5,rr_sort,4,out-of,s t,0
3650,nocopy_20,l m n o p q r,r q p o n m l,i j w l m,m l w j i,seen alphabets,a b g d e f s h i j w l m n o p q r k t u v c x y z,5,reverse,5,out-of,i j w l n,0
3651,nocopy_20,x j r j n j w,x j c j n j w,a h l h i h b h x h c h n,a h l h e h b h x h c h n,seen alphabets,q k i d v f r h a l e b x c n w j p s t g z m o y u,20,fix_interleave,13,out-of,h h a h l h e h b h x h c,0
3652,nocopy_20,d g f e h,c g f e h i,m n o,l n o p,seen alphabets,a b c d g f e h i j k l m n o p q r s t u v w x y z,2,extend_pred,3,out-of,m n o p,0
3653,nocopy_20,o p i c,o p i c s u,f d k,f d k n p,unseen alphabets,a b m j e r g h q l f d k n o p i c s t u v w x y z,10,extend_extend_succ,3,out-of,f n d,0
3654,nocopy_20,m n g p q,l n g p q r,j k l m,e k l m n,unseen alphabets,o b c d i f a h e j k l m n g p q r s t u v w x y z,5,extend_pred,4,out-of,j k l m n,0
3655,nocopy_20,q t h v x p,q t h v x p m,f a z g r k,f a z g r k w,seen alphabets,l d c b e f a z g r k w n y s o u i q t h v x p m j,20,extend_sequence,6,in,f a z g r k w,1
3656,nocopy_20,c d e f s h u,c d e f s h i,l f m f n f p,l f m f n f o,unseen alphabets,g b c d e f s h i j y l m n o p q r k t u v w x a z,5,fix_interleave,4,out-of,l f m f n f o,1
3657,nocopy_20,a r c d e,a r c d f,q y s,q y t,unseen alphabets,a r c d e f g h i j p l m n o b q y s t u v w x k z,5,succ,3,in,q r s,0
3658,nocopy_20,r s d u v w x,r s b u v w x p,n o e y a,n c e y a g,unseen alphabets,k n c e y a g h i j d l m f o t q r s b u v w x p z,10,fix_extend,5,in,n o e h r s,0
3659,nocopy_20,j u v u w u x u x,j u v u w u x,m e k e l e r e n e n e o e p,m e k e l e r e n e o e p,seen alphabets,a b u d e f g h i m k l r n o p q c s t j v w x y z,5,rr_interleave,15,in,m e k e l e r e n e o e p,1
3660,nocopy_20,i o j,i o f g,t s q n x k,t s q a x k z,unseen alphabets,r d v i o f g m y b w n h u j p c l e t s q a x k z,20,fix_extend,6,in,t f n w x y z,0
3661,nocopy_20,l m n o p q h,l m n o p q h s u,r j k l m,r j k l m n p,seen alphabets,a b c d x f g i r j k l m n o p q h s t u v w e y z,5,extend_extend_succ,5,out-of,r j k l m n,0
3662,nocopy_20,d u f,d u f g,l m n o h,l m n o h q,seen alphabets,a s r d u f g p i j k l m n o h q b c t z e w x y v,10,extend_sequence,5,in,l m n o h q,1
3663,nocopy_20,k x m w f p q,k l m w f p q,f e p e y e r e s e t,f e p e q e r e s e t,unseen alphabets,x b c d e v g h i n k l m w f p q r s t u z a y j o,10,fix_interleave,6,out-of,f e e e y e s e t,0
3664,nocopy_20,a e q d w g,a e q d w f,c n q,c n o,unseen alphabets,a e q d w f g b i j k m c n o p h r s t u z v x y l,10,fix_alphabetic_seq,3,in,c n o,1
3665,nocopy_20,p i c s t u,p i c s t u v,e e r r g g,e e r r g g h h,unseen alphabets,a b m j e r g h q l f d k n o p i c s t u v w x y z,10,extend_group,3,out-of,e e h r g y,0
3666,nocopy_20,p q r k,o q r k,j y l m n,i y l m n,unseen alphabets,g b c d e f s h i j y l m n o p q r k t u v w x a z,5,pred,5,in,j k l m n,0
3667,nocopy_20,e f a z g r,e f a z g k,k w n y,k w n s,seen alphabets,l d c b e f a z g r k w n y s o u i q t h v x p m j,20,succ,4,in,r w n y,0
3668,nocopy_20,o p q,n p q,h i j k l m,e i j k l m,seen alphabets,a b c d g f e h i j k l m n o p q r s t u v w x y z,2,pred,6,in,g i j k l m,0
3669,nocopy_20,s t u v w,w v u t s,u v w x j z,z j x w v u,unseen alphabets,a y c d e f g h p b k l m n o i q r s t u v w x j z,5,reverse,6,out-of,t v w x y z,0
3670,nocopy_20,v h q l f d k,g h q l f d k n,p i c m t,p i c s t u,unseen alphabets,a b m j e r g h q l f d k n o p i c s t u v w x y z,10,fix_extend,5,in,p q c s t j,0
3671,nocopy_20,n o p i c s,n o p i c s n o p i c s,t u v w,t u v w t u v w,unseen alphabets,a b m j e r g h q l f d k n o p i c s t u v w x y z,10,replicate,4,out-of,h c s t u v w e,0
3672,nocopy_20,q r s t u,u t s r q,c d e f g,g f e d c,unseen alphabets,a y c d e f g h p b k l m n o i q r s t u v w x j z,5,reverse,5,out-of,c d e f h,0
3673,nocopy_20,i q r s t g,o q r s t h,l h n,k h o,unseen alphabets,a y c d e f g h p b k l m n o i q r s t u v w x j z,5,fix_pred_succ,3,out-of,l m n,0
3674,nocopy_20,p h i s t u,p h r s t u,b d h d r,p d h d r,unseen alphabets,a e q d w f g b i j k m c n o p h r s t u z v x y l,10,fix_interleave,3,out-of,b h s r d,0
3675,nocopy_20,o t q r s,f t q r s b,f o t q,m o t q r,unseen alphabets,k n c e y a g h i j d l m f o t q r s b u v w x p z,10,extend_pred,4,out-of,q o s t f,0
3676,nocopy_20,b b c d e,b c d e,w w x y,w x y,seen alphabets,a b c d e f g h i j k l m n o p q r s t u v w x y z,1,remove_redundant,4,in,w x z,0
3677,nocopy_20,q d w f g b,q d w f g b i k,j k m c n o p,j k m c n o p h s,unseen alphabets,a e q d w f g b i j k m c n o p h r s t u z v x y l,10,extend_extend_succ,7,out-of,j k l c n o p,0
3678,nocopy_20,g h i n k l m,v h i n k l m,t u z a,s u z a,unseen alphabets,x b c d e v g h i n k l m w f p q r s t u z a y j o,10,pred,4,in,t u t z,0
3679,nocopy_20,q i j h y,f i j h y,g k f k i k j k h k y,a k f k i k j k h k y,unseen alphabets,e d r c z m a f i j h y w l o g v p s b u q n x k t,20,fix_interleave,6,out-of,g k f k q k h k i k j,0
3680,nocopy_20,o p q r s,s r q p o,x y z,z y x,unseen alphabets,f b c d e a g h i j k l m n o p q r s t u v w x y z,2,reverse,3,out-of,w y z,0
3681,nocopy_20,i q t,u q t h,i q t h v,u q t h v x,seen alphabets,l d c b e f a z g r k w n y s o u i q t h v x p m j,20,extend_pred,5,out-of,i q t h v x,0
3682,nocopy_20,i a k b,f e j o,o p r,g y u,seen alphabets,x l c v z t q h i a k b f e j o p r g y u d m n w s,20,shift,3,out-of,o p g,0
3683,nocopy_20,j s h i f w l l,f s h i j w l,s s i h j w l,s h i j w l,seen alphabets,a b g d e f s h i j w l m n o p q r k t u v c x y z,5,rr_sort,7,out-of,s h i j w l,1
3684,nocopy_20,p q r,r q p,i j k l m n,n m l k j i,seen alphabets,a b c u e f g h i j k l m n o p q r s t d v w x y z,2,reverse,6,out-of,h j k l m n,0
3685,nocopy_20,l o g v,l o g v p,d d r r c c,d d r r c c z z,unseen alphabets,e d r c z m a f i j h y w l o g v p s b u q n x k t,20,extend_group,3,out-of,d d c c b e,0
3686,nocopy_20,b j w x v z,u j w x v z,l m n o p g r,l m n o p q r,seen alphabets,a h c d e f g b i y k l m n o p q r s t u j w x v z,5,fix_alphabetic_seq,7,in,k m n o p q r,0
3687,nocopy_20,t f v w e y h,s f v w e y x,k q r s,m q r t,seen alphabets,u n c d a o g h x j b l m k i p q r s t f v w e y z,10,fix_pred_succ,4,out-of,q r s,0
3688,nocopy_20,a b b c,a b d,b c d e e f g,b c d e f h,seen alphabets,a b c d e f g h i j k l m n o p q r s t u v w x y z,1,rr_succ,7,in,b c d e f g,0
3689,nocopy_20,f f f g g g i i i b b b,f f f g g g b b b i i i,j j j i i i k k k l l l,i i i j j j k k k l l l,seen alphabets,h s r d e f g b i j k l m n o p q z w t c v y x a u,10,sort_group,12,in,g g g b b b i i i j j j k k k l l l,0
3690,nocopy_20,r s t,r s t u,s s t t u u,s s t t u u z z,unseen alphabets,a e q d w f g b i j k m c n o p h r s t u z v x y l,10,extend_group,3,out-of,s t u t u j,0
3691,nocopy_20,h h h q q q s s s t t t,q q q h h h s s s t t t,v v w w y y e e,v v w w e e y y,seen alphabets,a b c d x f g i r j k l m n o p q h s t u v w e y z,5,sort_group,8,in,h h s s t t u u v v w w e e,0
3692,nocopy_20,v u w x,u v w x,y y d d g g h h i i j j a a,y y a a g g h h i i j j d d,unseen alphabets,k n c e y a g h i j d l m f o t q r s b u v w x p z,10,sort_group,7,in,g g h h d d j j o o i i j j,0
3693,nocopy_20,y e f s h,x e f s i,s h i m w l,f h i m w m,seen alphabets,a b g d e f s h i j w l m n o p q r k t u v c x y z,5,fix_pred_succ,6,out-of,s h i j w l,0
3694,nocopy_20,c c d d e e f f g g h h,c c d d e e f f g g h h i i,e e e f f f g g g h h h i i i j j j,e e e f f f g g g h h h i i i j j j k k k,seen alphabets,a z c d e f g h i j k l m n o p q r s t u v w x y b,2,extend_group,18,out-of,d d d e e e f f f g g g h h h i i i j j j,0
3695,nocopy_20,x r l b g t e,x r l b g t s,n m w f,n m w p,unseen alphabets,x r l b g t e s i j k n m w f p a c h u v d o y q z,20,succ,4,in,m n w s,0
3696,nocopy_20,a a b b c c,a a b b c c d d,p p q q r r s s,p p q q r r s s t t,seen alphabets,a b c d e f g h i j k l m n o p q r s t u v w x z y,2,extend_group,8,out-of,p p q q r r s s,0
3697,nocopy_20,s t u v w x,s t u v w x y,d g f e h i,d g f e h i j,seen alphabets,a b c d g f e h i j k l m n o p q r s t u v w x y z,2,extend_sequence,6,in,d g f e h i j,1
3698,nocopy_20,s p a x x f,s p a x f,b q t n n c v o,b q t n c v o,unseen alphabets,d s p a x f g h m i k e r z j u b q t n c v o w y l,20,remove_redundant,8,in,b q t f n d,0
3699,nocopy_20,q t n,q t n c,z j u,z j u b,unseen alphabets,d s p a x f g h m i k e r z j u b q t n c v o w y l,20,extend_sequence,3,in,i j w l,0
3700,nocopy_20,p b k,h b k l,m n o i q r s,l n o i q r s t,unseen alphabets,a y c d e f g h p b k l m n o i q r s t u v w x j z,5,extend_pred,7,out-of,m n o p q r s t,0
3701,nocopy_20,l l m m n n o o r r q q p p,l l m m n n o o p p q q r r,b b f f d d g g c c e e h h,b b c c d d g g f f e e h h,seen alphabets,a b c d g f e h i j k l m n o p q r s t u v w x y z,2,sort_group,14,in,l l m m n n o o p p q q r r,0
3702,nocopy_20,t z,g z,s s f s u s v,s s n s u s v,unseen alphabets,q t c d e i p h b j k l m y o a f r s n u v w x g z,10,fix_interleave,4,out-of,s s t s u s v,0
3703,nocopy_20,v g f k a m,m a k f g v,k a m w i l j,j l i w m a k,unseen alphabets,u q h c p n r v g f k a m w i l j y s t d b o x e z,20,reverse,7,out-of,k i l m j,0
3704,nocopy_20,i d v f r,i d v f r h,b x c n w j,b x c n w j p,seen alphabets,q k i d v f r h a l e b x c n w j p s t g z m o y u,20,extend_sequence,6,in,b x c n w j p,1
3705,nocopy_20,p q r s,t d v w,c u e f g,h i j k l,seen alphabets,a b c u e f g h i j k l m n o p q r s t d v w x y z,2,shift,5,out-of,b u e f g,0
3706,nocopy_20,i a k b f f e,i a k b f j,y y u d m n w,y u d m n s,seen alphabets,x l c v z t q h i a k b f e j o p r g y u d m n w s,20,rr_succ,7,in,y u d m n w,0
3707,nocopy_20,w j p s,s p j w,s t g z m o,o m z g t s,seen alphabets,q k i d v f r h a l e b x c n w j p s t g z m o y u,20,reverse,6,out-of,p t g z m o,0
3708,nocopy_20,d v i r f g m,d v i o f g m,w l n l h l u l f,w l n l h l u l j,unseen alphabets,r d v i o f g m y b w n h u j p c l e t s q a x k z,20,fix_interleave,5,out-of,w l l l m l n,0
3709,nocopy_20,t t q r s b u,t q r s b u,y y a g h i,y a g h i,unseen alphabets,k n c e y a g h i j d l m f o t q r s b u v w x p z,10,remove_redundant,6,in,y g h i,0
3710,nocopy_20,g y u,u y g,t q h,h q t,seen alphabets,x l c v z t q h i a k b f e j o p r g y u d m n w s,20,reverse,3,out-of,z q h,0
3711,nocopy_20,n o p q r,m o p q r,y z,x z,seen alphabets,a b c d g f e h i j k l m n o p q r s t u v w x y z,2,pred,2,in,x z,1
3712,nocopy_20,g p q r s s t u,g p q r s t v,k l m m n g p q,k l m n g p r,unseen alphabets,o b c d i f a h e j k l m n g p q r s t u v w x y z,5,rr_succ,8,in,k l m n o p q,0
3713,nocopy_20,p q r s t u v,p q r s t u v w,i j k l m n,i j k l m n o,unseen alphabets,a f c d e b g h i j k l m n o p q r s t u v w x y z,2,extend_sequence,6,in,i j k l m n o,1
3714,nocopy_20,g h x j,g h x j g h x j,v w e,v w e v w e,seen alphabets,u n c d a o g h x j b l m k i p q r s t f v w e y z,10,replicate,3,out-of,v w e y,0
3715,nocopy_20,f a l g r k,e a l g r w,x b e,v b f,seen alphabets,l d c b e f a z g r k w n y s o u i q t h v x p m j,20,fix_pred_succ,3,out-of,e b x,0
3716,nocopy_20,y m n o,l m n o,b j k l m n,i j k l m n,unseen alphabets,f b c d e a g h i j k l m n o p q r s t u v w x y z,2,fix_alphabetic_seq,6,in,i j k l m n,1
3717,nocopy_20,m k i,i k m,w e y,y e w,seen alphabets,u n c d a o g h x j b l m k i p q r s t f v w e y z,10,reverse,3,out-of,w e z,0
3718,nocopy_20,i p j i l m n,i j p l m n,f j h i g p p,f g h i j p,unseen alphabets,a r c d e f g h i j p l m n o b q y s t u v w x k z,5,rr_sort,7,out-of,f g h i j k,0
3719,nocopy_20,b q h s,o q h t,s l m,y l n,unseen alphabets,a r c d e f g h i j p l m n o b q y s t u v w x k z,5,fix_pred_succ,3,out-of,k l m,0
3720,nocopy_20,j o p,i o q,h p j k,g p j l,unseen alphabets,a f c d e b g h i j k l m n o p q r s t u v w x y z,2,fix_pred_succ,4,out-of,h i j k,0
3721,nocopy_20,y s t,y s t u,v v v w w w x x x,v v v w w w x x x k k k,unseen alphabets,a r c d e f g h i j p l m n o b q y s t u v w x k z,5,extend_group,3,out-of,v v v w w w x x x,0
3722,nocopy_20,j e g,j e r,j h e h g,j h e h r,unseen alphabets,a b m j e r g h q l f d k n o p i c s t u v w x y z,10,fix_interleave,3,out-of,e h h h g,0
3723,nocopy_20,h o p,n o p,e l s h,e f s h,unseen alphabets,g b c d e f s h i j y l m n o p q r k t u v w x a z,5,fix_alphabetic_seq,4,in,e h r s,0
3724,nocopy_20,n c v,t c v,e r z j,k r z j,unseen alphabets,d s p a x f g h m i k e r z j u b q t n c v o w y l,20,pred,4,in,e j o,0
3725,nocopy_20,p q z w t,o q z w t c,m n o,l n o p,seen alphabets,h s r d e f g b i j k l m n o p q z w t c v y x a u,10,extend_pred,3,out-of,m n o p,0
3726,nocopy_20,k x w z,w x k z,j i p l,i j p l,unseen alphabets,a r c d e f g h i j p l m n o b q y s t u v w x k z,5,sort,4,in,l i j p,0
3727,nocopy_20,r n o p q c s,r n o p q c s t,h i m k l r,h i m k l r n,seen alphabets,a b u d e f g h i m k l r n o p q c s t j v w x y z,5,extend_sequence,6,in,h i m k l r n,1
3728,nocopy_20,j k l m n o p,j k l m n o p q s,r s t u v,r s t u v w y,unseen alphabets,a f c d e b g h i j k l m n o p q r s t u v w x y z,2,extend_extend_succ,5,out-of,r s t u v w,0
3729,nocopy_20,s b u r,s b u v,r o s o b o u o o,r o s o b o u o v,unseen alphabets,k n c e y a g h i j d l m f o t q r s b u v w x p z,10,fix_interleave,5,out-of,r o s o o o u o,0
3730,nocopy_20,i m k k,i m l,m k l r n o o p,m k l r n o q,seen alphabets,a b u d e f g h i m k l r n o p q c s t j v w x y z,5,rr_succ,8,in,m k l r n o q,1
3731,nocopy_20,i j k l m n,i j k l m n o,h i j k l,h i j k l m,unseen alphabets,a c b v d f g h i j k l m n o p q r s t u e w x y z,5,extend_sequence,5,in,h i j k l m,1
3732,nocopy_20,e f g h a j,u f g h a k,k p m,j p n,seen alphabets,a b c u e f g h i j k l m n o p q r s t d v w x y z,2,fix_pred_succ,3,out-of,k p n,0
3733,nocopy_20,c d e f l h i,c d e f g h i j,i j k t m n o,i j k l m n o p,seen alphabets,a b c d e f g h i j k l m n o p q r s t u v w x y z,1,fix_extend,7,in,i j k l m n o p,1
3734,nocopy_20,d e v g,d e v g h,g h i n k,g h i n k l,unseen alphabets,x b c d e v g h i n k l m w f p q r s t u z a y j o,10,extend_sequence,5,in,g h i m k l,0
3735,nocopy_20,d d e f g h i,d e f g h i,n n o p q r,n o p q r,unseen alphabets,a m c d e f g h i j k l b n o p q r s t u v w x y z,2,remove_redundant,6,in,n o p q s,0
3736,nocopy_20,t u v w x r,s u v w x g,i c s d u,p c s d v,unseen alphabets,a b m j e r g h q l f d k n o p i c s t u v w x y z,10,fix_pred_succ,5,out-of,s c d u,0
3737,nocopy_20,o p h r s t,u z v x y l,b i j k,m c n o,unseen alphabets,a e q d w f g b i j k m c n o p h r s t u z v x y l,10,shift,4,out-of,b i j l,0
3738,nocopy_20,n o q p q r,n o p q r,w n m n l,w l m n,seen alphabets,a b g d e f s h i j w l m n o p q r k t u v c x y z,5,rr_sort,5,out-of,w n m n,0
3739,nocopy_20,q k f k g k l k i k j k k k k,q k f k g k l k i k j k k,s d s d t d u d v,s d t d u d v,seen alphabets,a b c d q f g l i j k p m n o e h r s t u v w x y z,5,rr_interleave,9,in,q k f k g k l k i k j k k l,0
3740,nocopy_20,g h i m k,l r n o p,l r n o p q c,s t j v w x y,seen alphabets,a b u d e f g h i m k l r n o p q c s t j v w x y z,5,shift,7,out-of,l r n o p q s,0
3741,nocopy_20,k l m,j l m n,i j k l m,h j k l m n,unseen alphabets,f b c d e a g h i j k l m n o p q r s t u v w x y z,2,extend_pred,5,out-of,i j k l m n,0
3742,nocopy_20,b u v,b u w,e y a g h i,e y a g h j,unseen alphabets,k n c e y a g h i j d l m f o t q r s b u v w x p z,10,succ,6,in,e f g h i,0
3743,nocopy_20,c h a l g r,c h x l g r,k m f n d j,k t f n d j,seen alphabets,a e c h x l g r q y k t f n d j o i w u v b m p s z,20,fix_alphabetic_seq,6,in,k t f n d j,1
3744,nocopy_20,c v v z t q h i,c v z t q h a,z t t q h i,z t q h a,seen alphabets,x l c v z t q h i a k b f e j o p r g y u d m n w s,20,rr_succ,6,in,z t q h a,1
3745,nocopy_20,d e f,d e g,o p q r s t u,o p q r s t v,unseen alphabets,a m c d e f g h i j k l b n o p q r s t u v w x y z,2,succ,7,in,n p q r s t u,0
3746,nocopy_20,q q a x k z,q a x k z,u j j p c l e t,u j p c l e t,unseen alphabets,r d v i o f g m y b w n h u j p c l e t s q a x k z,20,remove_redundant,8,in,u j c p s t,0
3747,nocopy_20,u v w,u v w x b,f g h i j k,f g h i j k l n,seen alphabets,a z c d e f g h i j k l m n o p q r s t u v w x y b,2,extend_extend_succ,6,out-of,e g h i j k,0
3748,nocopy_20,r r q y k,r q y k,v b b m p,v b m p,seen alphabets,a e c h x l g r q y k t f n d j o i w u v b m p s z,20,remove_redundant,5,in,v b m p,1
3749,nocopy_20,m n o p q,l n o p q z,k l m n,j l m n o,seen alphabets,h s r d e f g b i j k l m n o p q z w t c v y x a u,10,extend_pred,4,out-of,k l m n o,0
3750,nocopy_20,q k k i d,q k i d,s t g g z,s t g z,seen alphabets,q k i d v f r h a l e b x c n w j p s t g z m o y u,20,remove_redundant,5,in,s t g z,1
3751,nocopy_20,x x x b b b c c c n n n w w w j j j p p p,b b b x x x c c c n n n w w w j j j p p p,j j j s s s p p p,j j j p p p s s s,seen alphabets,q k i d v f r h a l e b x c n w j p s t g z m o y u,20,sort_group,9,in,j j j b b b x x x c c c n n n w w w j j j,0
3752,nocopy_20,j k l,i k l m,m n o,l n o p,seen alphabets,a b c d e f g h i j k l m n o p q r s t u v w x z y,2,extend_pred,3,out-of,m n o p,0
3753,nocopy_20,b j k l m n o o,b j k l m n o,f x g x g x h,f x g x h,unseen alphabets,a i c d e f g h b j k l m n o p q r s t u v w x y z,2,rr_interleave,4,in,f x g x h,1
3754,nocopy_20,f q n i b,h a w d o,g f q,n i b,seen alphabets,m r j k g f q n i b h a w d o p v x s l c e y u t z,20,shift,3,out-of,k f q,0
3755,nocopy_20,a v b v g v d v d v e v f,a v b v g v d v e v f,w w l w m w m w n w o w p,w w l w m w n w o w p,seen alphabets,a b g d e f s h i j w l m n o p q r k t u v c x y z,5,rr_interleave,13,in,w w w d d d o o o p p p v v v b b b m m m,0
3756,nocopy_20,e j h j r j s j t j t,e j h j r j s j t,q e f e g e l e l,q e f e g e l,seen alphabets,a b c d q f g l i j k p m n o e h r s t u v w x y z,5,rr_interleave,9,in,e e h h r r s s t t f f e e,0
3757,nocopy_20,j w l m o n,j w l m n o,k x u v c t,k t u v c x,seen alphabets,a b g d e f s h i j w l m n o p q r k t u v c x y z,5,sort,6,in,k t u v c x,1
3758,nocopy_20,l m n n o,l m n o,i m j m k m l m m m n m n m o,i m j m k m l m m m n m o,unseen alphabets,f b c d e a g h i j k l m n o p q r s t u v w x y z,2,rr_interleave,8,in,i m j m k m l m m m n m o,1
3759,nocopy_20,k g l g m g n g o g w g q,k g l g m g n g o g p g q,e e j e z,e e y e z,seen alphabets,a b c d x f g i r j k l m n o p q h s t u v w e y z,5,fix_interleave,5,out-of,l g m g n g o g p g q g z,0
3760,nocopy_20,d k n o p i,d k n o p c,v w x y,v w x z,unseen alphabets,a b m j e r g h q l f d k n o p i c s t u v w x y z,10,succ,4,in,j w x y,0
3761,nocopy_20,p t q t b,p t q t x,c m z m j m v m g,c m z m j m f m g,seen alphabets,a b c z j f g h v e k l m n o p q x s t u i y w d r,10,fix_interleave,9,out-of,c m z m j m f m g,1
3762,nocopy_20,f c z e b,a c z e g,l m n o c q r,k m n o c q s,unseen alphabets,a f c d e b g h i j k l m n o p q r s t u v w x y z,2,fix_pred_succ,7,out-of,l m n o p q r,0
3763,nocopy_20,e b x c n w,e b x c n j,v f r h a,v f r h l,seen alphabets,q k i d v f r h a l e b x c n w j p s t g z m o y u,20,succ,5,in,d f r h a,0
3764,nocopy_20,k k l l m m n n,k k l l m m n n o o,p p q q r r s s,p p q q r r s s t t,seen alphabets,a z c d e f g h i j k l m n o p q r s t u v w x y b,2,extend_group,8,out-of,o o p p q q r r s,0
3765,nocopy_20,d v i,d v i o g,l e t s q,l e t s q a k,unseen alphabets,r d v i o f g m y b w n h u j p c l e t s q a x k z,20,extend_extend_succ,5,out-of,l e b x s t,0
3766,nocopy_20,d d d m m m w w w n n n,d d d m m m n n n w w w,o o o j j j e e e,e e e j j j o o o,seen alphabets,x l c v z t q h i a k b f e j o p r g y u d m n w s,20,sort_group,9,in,m m m n n n w w w j j j o o o e e e,0
3767,nocopy_20,g t i m k l,g h i m k l,k l r n i p q,k l r n o p q,seen alphabets,a b u d e f g h i m k l r n o p q c s t j v w x y z,5,fix_alphabetic_seq,7,in,m l r n o p q,0
3768,nocopy_20,n h u j p c,l e t s q a,y b w,n h u,unseen alphabets,r d v i o f g m y b w n h u j p c l e t s q a x k z,20,shift,3,out-of,y b d,0
3769,nocopy_20,n h u j p,c l e t s,y b w,n h u,unseen alphabets,r d v i o f g m y b w n h u j p c l e t s q a x k z,20,shift,3,out-of,y b d,0
3770,nocopy_20,s t u v w x,s t u v w x s t u v w x,l m n o,l m n o l m n o,unseen alphabets,a i c d e f g h b j k l m n o p q r s t u v w x y z,2,replicate,4,out-of,v w x l m n o p,0
3771,nocopy_20,l m n o p t r,l m n o p q r,h u i u j u k u x,h u i u j u k u l,unseen alphabets,a f c d e b g h i j k l m n o p q r s t u v w x y z,2,fix_interleave,5,out-of,h u i u j u k u l,1
3772,nocopy_20,r s t u z a,a z u t s r,a y j o,o j y a,unseen alphabets,x b c d e v g h i n k l m w f p q r s t u z a y j o,10,reverse,4,out-of,a k b,0
3773,nocopy_20,w v x x,v w x,e f g h i j k j,e f g h i j k,unseen alphabets,a b c d e f g h i j k l t n o p q r s m u v w x y z,2,rr_sort,8,out-of,e f g h i j k,1
3774,nocopy_20,w d o,o d w,w d o p,p o d w,seen alphabets,m r j k g f q n i b h a w d o p v x s l c e y u t z,20,reverse,4,out-of,w d o v,0
3775,nocopy_20,k l l m,k l m,l i l i m i n i o i p i q i r,l i m i n i o i p i q i r,unseen alphabets,a i c d e f g h b j k l m n o p q r s t u v w x y z,2,rr_interleave,8,in,l i m i n i o i p i q i r,1
3776,nocopy_20,m a f f i,m a f i,o c o c g c v,o c g c v,unseen alphabets,e d r c z m a f i j h y w l o g v p s b u q n x k t,20,rr_interleave,4,in,o c g c v,1
3777,nocopy_20,f g h p p,f g h p,k f l f m f n f o f i f i f q,k f l f m f n f o f i f q,unseen alphabets,a y c d e f g h p b k l m n o i q r s t u v w x j z,5,rr_interleave,8,in,k f l f m f n f o f p f q,0
3778,nocopy_20,p d q d r d k d t d t d u d v,p d q d r d k d t d u d v,q o r o r o k,q o r o k,seen alphabets,a b g d e f s h i j w l m n o p q r k t u v c x y z,5,rr_interleave,7,in,q q q r r r k k k t t t u u d v v v c c c,0
3779,nocopy_20,u i q t h,u i q t v,k w n y,k w n s,seen alphabets,l d c b e f a z g r k w n y s o u i q t h v x p m j,20,succ,4,in,r w n y,0
3780,nocopy_20,k p m n,k p m n o h,q f g l,q f g l i k,seen alphabets,a b c d q f g l i j k p m n o e h r s t u v w x y z,5,extend_extend_succ,4,out-of,q f g i,0
3781,nocopy_20,e c h x l g,g l x h c e,o i w u v b m,m b v u w i o,seen alphabets,a e c h x l g r q y k t f n d j o i w u v b m p s z,20,reverse,7,out-of,j i w u v b m,0
3782,nocopy_20,m z n z o z r z q z b z c,m z n z o z h z q z b z c,i r w r k r l r m,i r j r k r l r m,seen alphabets,a s r d u f g p i j k l m n o h q b c t z e w x y v,10,fix_interleave,9,out-of,n z o z h z q z w z t z c c,0
3783,nocopy_20,p p q q r r s s t t u u j j,p p q q r r s s t t u u j j w w,t t u u j j w w,t t u u j j w w x x,seen alphabets,a h c d e f g b i y k l m n o p q r s t u j w x v z,5,extend_group,8,out-of,q q q r r r s s s t t t u u u j j j w w w,0
3784,nocopy_20,k l q n o,m l q n p,t m v,s m w,seen alphabets,a b u d e f g h i m k l r n o p q c s t j v w x y z,5,fix_pred_succ,3,out-of,t u v,0
3785,nocopy_20,d e e f g,d e f g,f y g y h y i y j y j y p y l,f y g y h y i y j y p y l,unseen alphabets,a r c d e f g h i j p l m n o b q y s t u v w x k z,5,rr_interleave,8,in,f y g y h y i y j y k y l,0
3786,nocopy_20,f g p i j k l l,f g p i j k l,d d u f,d u f,seen alphabets,a s r d u f g p i j k l m n o h q b c t z e w x y v,10,remove_redundant,4,in,d u g,0
3787,nocopy_20,t u v w x,x w v u t,e f g h,h g f e,unseen alphabets,a m c d e f g h i j k l b n o p q r s t u v w x y z,2,reverse,4,out-of,e f g i,0
3788,nocopy_20,a m w i l j,k m w i l j,w i l j y s,m i l j y s,unseen alphabets,u q h c p n r v g f k a m w i l j y s t d b o x e z,20,pred,6,in,w i y k l,0
3789,nocopy_20,s t u v w,r t u v w,e f g h i j,d f g h i j,seen alphabets,a b c d e f g h i j k l m n o p q r s t u v w x z y,2,pred,6,in,e f g h i k,0
3790,nocopy_20,h s t u u v w,h s t u v w,d x f g i r j j,d x f g i r j,seen alphabets,a b c d x f g i r j k l m n o p q h s t u v w e y z,5,remove_redundant,8,in,d x f g i r k,0
3791,nocopy_20,k z,z k,o b q,q b o,unseen alphabets,a r c d e f g h i j p l m n o b q y s t u v w x k z,5,reverse,3,out-of,o h q,0
3792,nocopy_20,o p q r s t u,o p q r s t u o p q r s t u,l m n o,l m n o l m n o,unseen alphabets,a c b v d f g h i j k l m n o p q r s t u e w x y z,5,replicate,4,out-of,p q r s t u v w,0
3793,nocopy_20,y c d,b c d x,m t o p q h,m n o p q h s,seen alphabets,a b c d x f g i r j k l m n o p q h s t u v w e y z,5,fix_extend,6,in,m n o p q h s,1
3794,nocopy_20,d e f m h i,d e f s h i,l f m f n f p,l f m f n f o,unseen alphabets,g b c d e f s h i j y l m n o p q r k t u v w x a z,5,fix_interleave,4,out-of,l f m f n f o,1
3795,nocopy_20,t x v w d,t d v w x,l k m n,k l m n,seen alphabets,a b c u e f g h i j k l m n o p q r s t d v w x y z,2,sort,4,in,k l m n,1
3796,nocopy_20,s t u j w x,s t u j w x v,l m n,l m n o,seen alphabets,a h c d e f g b i y k l m n o p q r s t u j w x v z,5,extend_sequence,3,in,l m n o,1
3797,nocopy_20,i j k l,h j k l m,j k l m n o,i k l m n o p,seen alphabets,a b c u e f g h i j k l m n o p q r s t d v w x y z,2,extend_pred,6,out-of,j k l m n o p,0
3798,nocopy_20,k a w m i l j j,k a m w i l j,c h q p n n r,q h c p n r,unseen alphabets,u q h c p n r v g f k a m w i l j y s t d b o x e z,20,rr_sort,7,out-of,c h q n o,0
3799,nocopy_20,a b m j e r,a b m j e r g,l f d k n,l f d k n o,unseen alphabets,a b m j e r g h q l f d k n o p i c s t u v w x y z,10,extend_sequence,5,in,l d k i l,0
3800,nocopy_20,t j v w x,s j v w x y,q c s,p c s t,seen alphabets,a b u d e f g h i m k l r n o p q c s t j v w x y z,5,extend_pred,3,out-of,q c s t,0
3801,nocopy_20,m m c n,m c o,d w w f g b,d w f g i,unseen alphabets,a e q d w f g b i j k m c n o p h r s t u z v x y l,10,rr_succ,6,in,d w f g i,1
3802,nocopy_20,a e o,a e c h,q h x l g r,c h x l g r q,seen alphabets,a e c h x l g r q y k t f n d j o i w u v b m p s z,20,fix_extend,6,in,q h x l g r q,0
3803,nocopy_20,b j k l,b j k m,f g h b,f g h j,unseen alphabets,a i c d e f g h b j k l m n o p q r s t u v w x y z,2,succ,4,in,f g h i,0
3804,nocopy_20,r s t u j w,q s t u j w,e f g b i y k,d f g b i y k,seen alphabets,a h c d e f g b i y k l m n o p q r s t u j w x v z,5,pred,7,in,e f g b i y l,0
3805,nocopy_20,a x k,q x k,e t s q a x k,l t s q a x k,unseen alphabets,r d v i o f g m y b w n h u j p c l e t s q a x k z,20,pred,7,in,e k t f n x a,0
3806,nocopy_20,p s x,p s t,d a f,d v f,seen alphabets,q k i d v f r h a l e b x c n w j p s t g z m o y u,20,fix_alphabetic_seq,3,in,d a g,0
3807,nocopy_20,y y z,y z,s u t u u u v u w u w u x,s u t u u u v u w u x,unseen alphabets,a b m j e r g h q l f d k n o p i c s t u v w x y z,10,rr_interleave,7,in,s u t u u u v u w u x,1
3808,nocopy_20,g z p,o z s,d a f i,e a f j,unseen alphabets,e d r c z m a f i j h y w l o g v p s b u q n x k t,20,fix_pred_succ,4,out-of,d e f a,0
3809,nocopy_20,p i j k l m n,p i j k l m n o q,a s r d u f,a s r d u f g i,seen alphabets,a s r d u f g p i j k l m n o h q b c t z e w x y v,10,extend_extend_succ,6,out-of,a s r d u f g,0
3810,nocopy_20,z v c z,c v z,j e e f o p,f e j o p,seen alphabets,x l c v z t q h i a k b f e j o p r g y u d m n w s,20,rr_sort,6,out-of,j e f g,0
3811,nocopy_20,o i j,h i j,l m n t p q r,l m n o p q r,seen alphabets,a b c d e f g h i j k l m n o p q r s t u v w x y z,1,fix_alphabetic_seq,7,in,l m n o p q r,1
3812,nocopy_20,z v x y l l,z v x y l,n o p p h r s t,n o p h r s t,unseen alphabets,a e q d w f g b i j k m c n o p h r s t u z v x y l,10,remove_redundant,8,in,n o p q r s t,0
3813,nocopy_20,k g f f q n i b,k g f q n i b,g f q q n,g f q n,seen alphabets,m r j k g f q n i b h a w d o p v x s l c e y u t z,20,remove_redundant,5,in,g f q i,0
3814,nocopy_20,k l m n o p,q z w t c v,b i j k l,m n o p q,seen alphabets,h s r d e f g b i j k l m n o p q z w t c v y x a u,10,shift,5,out-of,b i j k m,0
3815,nocopy_20,r f r f s f t f f f v f w,r f s f t f f f v f w,m t k t i t i t p,m t k t i t p,seen alphabets,u n c d a o g h x j b l m k i p q r s t f v w e y z,10,rr_interleave,9,in,t t f f v v w w e e y y z z,0
3816,nocopy_20,m n o h q c,l n o h q t,c t z i w,b t z i x,seen alphabets,a s r d u f g p i j k l m n o h q b c t z e w x y v,10,fix_pred_succ,5,out-of,c t z e w,0
3817,nocopy_20,q b c t z e w,q b c t z e x,u f g p i j k,u f g p i j l,seen alphabets,a s r d u f g p i j k l m n o h q b c t z e w x y v,10,succ,7,in,d f g p i j k,0
3818,nocopy_20,j g p r o y u,j o p r g y u,q i h,q h i,seen alphabets,x l c v z t q h i a k b f e j o p r g y u d m n w s,20,sort,3,in,q h i,1
3819,nocopy_20,x a x a s a l,x a s a l,h g h g a g w g d,h g a g w g d,seen alphabets,m r j k g f q n i b h a w d o p v x s l c e y u t z,20,rr_interleave,9,in,h g a g w g d,1
3820,nocopy_20,j j k k l l,j j k k l l m m,c c c d d d e e e f f f g g g,c c c d d d e e e f f f g g g h h h,seen alphabets,a b c d e f g h i j k l m n o p q r s t u v w x y z,1,extend_group,15,out-of,c c c d d d e e e f f f g g g,0
3821,nocopy_20,i i j k l,i j k l,v a w a x a y a y,v a w a x a y,unseen alphabets,a m c d e f g h i j k l b n o p q r s t u v w x y z,2,rr_interleave,5,in,v a w a x a y,1
3822,nocopy_20,b u v w g,b u v w x,d e m f,d l m f,unseen alphabets,k n c e y a g h i j d l m f o t q r s b u v w x p z,10,fix_alphabetic_seq,4,in,d e f g,0
3823,nocopy_20,d e f,c e f,b n o,l n o,unseen alphabets,a m c d e f g h i j k l b n o p q r s t u v w x y z,2,pred,3,in,m n o,0
3824,nocopy_20,o g g v p s b u,o g v p s b u,o c o c g c v,o c g c v,unseen alphabets,e d r c z m a f i j h y w l o g v p s b u q n x k t,20,rr_interleave,4,in,o c g c v,1
3825,nocopy_20,m j k p i,i j k p m,h e r s,e h r s,seen alphabets,a b c d q f g l i j k p m n o e h r s t u v w x y z,5,sort,4,in,o e h r s,0
3826,nocopy_20,t s o f,o s t f,e u v g h d,u e v g h d,seen alphabets,a b c u e v g h d k i l m j r p q o s t f n w x y z,10,sort,6,in,u e v g h d,1
3827,nocopy_20,o p q r s t u,n p q r s t u,u v w x,t v w x,seen alphabets,a z c d e f g h i j k l m n o p q r s t u v w x y b,2,pred,4,in,u v w y,0
3828,nocopy_20,r s t u v w,r s t u v w x,o p q r,o p q r s,unseen alphabets,a i c d e f g h b j k l m n o p q r s t u v w x y z,2,extend_sequence,4,in,o p q r s,1
3829,nocopy_20,f g h i j p l,f g h i j p l m,c d e f,c d e f g,unseen alphabets,a r c d e f g h i j p l m n o b q y s t u v w x k z,5,extend_sequence,4,in,c d e f g,1
3830,nocopy_20,o o o e e e h h h r r r s s s,o o o e e e h h h r r r s s s t t t,i i j j k k p p m m,i i j j k k p p m m n n,seen alphabets,a b c d q f g l i j k p m n o e h r s t u v w x y z,5,extend_group,10,out-of,o o o e e e h h h r r r s s s t t t u u u,0
3831,nocopy_20,j k l m n o,j k l m n o p r,g h i,g h i j l,seen alphabets,a b c d e f g h i j k l m n o p q r s t u v w x z y,2,extend_extend_succ,3,out-of,g h j,0
3832,nocopy_20,h d k i l m m j,h d k i l m r,a a b c u,a b c e,seen alphabets,a b c u e v g h d k i l m j r p q o s t f n w x y z,10,rr_succ,5,in,a b c u,0
3833,nocopy_20,u j p p c,u j p c,r v d v d v v v i,r v d v v v i,unseen alphabets,r d v i o f g m y b w n h u j p c l e t s q a x k z,20,rr_interleave,5,in,r v d v k v i,0
3834,nocopy_20,c s t u v,c s t u v c s t u v,r g h q l f d,r g h q l f d r g h q l f d,unseen alphabets,a b m j e r g h q l f d k n o p i c s t u v w x y z,10,replicate,7,out-of,x g h d k i l m,0
3835,nocopy_20,s i i h j y,s h i j y,e f s f,e f s,unseen alphabets,g b c d e f s h i j y l m n o p q r k t u v w x a z,5,rr_sort,4,out-of,e f h,0
3836,nocopy_20,q h s t u,p h s t u v,k l m n,j l m n o,seen alphabets,a b c d x f g i r j k l m n o p q h s t u v w e y z,5,extend_pred,4,out-of,k l m n o,0
3837,nocopy_20,p q r k,p q r k t v,q r k t u,q r k t u v x,seen alphabets,a b g d e f s h i j w l m n o p q r k t u v c x y z,5,extend_extend_succ,5,out-of,q r k t v,0
3838,nocopy_20,j k l m n o,b k l m n o,j k l m,b k l m,unseen alphabets,a i c d e f g h b j k l m n o p q r s t u v w x y z,2,pred,4,in,i k l m,0
3839,nocopy_20,r t t s,r s t,p q s r t t,p q r s t,seen alphabets,a h c d e f g b i y k l m n o p q r s t u j w x v z,5,rr_sort,6,out-of,p q r s t,1
3840,nocopy_20,p s s b,p s u,s b u q n n,s b u q x,unseen alphabets,e d r c z m a f i j h y w l o g v p s b u q n x k t,20,rr_succ,6,in,s b u d,0
3841,nocopy_20,w y l,l y w,s p a x f g,g f x a p s,unseen alphabets,d s p a x f g h m i k e r z j u b q t n c v o w y l,20,reverse,6,out-of,s r d x f g,0
3842,nocopy_20,d e v g h,h g v e d,l m w f p,p f w m l,unseen alphabets,x b c d e v g h i n k l m w f p q r s t u z a y j o,10,reverse,5,out-of,l m n o p,0
3843,nocopy_20,w y e y,w e y,x c d b f f g i,b c d x f g i,seen alphabets,a b c d x f g i r j k l m n o p q h s t u v w e y z,5,rr_sort,8,out-of,x c d x f g r,0
3844,nocopy_20,u z z a y j o,u z a y j o,h i n k l l m w,h i n k l m w,unseen alphabets,x b c d e v g h i n k l m w f p q r s t u z a y j o,10,remove_redundant,8,in,h i m k l n,0
3845,nocopy_20,b g h h i j k,b g h i j k,g u h u i u i u j,g u h u i u j,unseen alphabets,a f c d e b g h i j k l m n o p q r s t u v w x y z,2,rr_interleave,5,in,g u h u i u j,1
3846,nocopy_20,m k r k j k j k k,m k r k j k k,v e x e s e l e c e e e y e y,v e x e s e l e c e e e y,seen alphabets,m r j k g f q n i b h a w d o p v x s l c e y u t z,20,rr_interleave,15,in,v e x e s e l e c e e e y,1
3847,nocopy_20,n t l o,l t n o,j j i i h h,h h i i j j,unseen alphabets,a b c d e f g h i j k l t n o p q r s m u v w x y z,2,sort_group,3,in,h h i i j j,1
3848,nocopy_20,r s t u v w f,r s t u v w x,r y s y t y u y v y w y f,r y s y t y u y v y w y x,unseen alphabets,a y c d e f g h p b k l m n o i q r s t u v w x j z,5,fix_interleave,7,out-of,r y s y t y u y v y w y,0
3849,nocopy_20,v i w i x i y i y,v i w i x i y,e m e m f m g m h m i m j,e m f m g m h m i m j,seen alphabets,a b c u e f g h i j k l m n o p q r s t d v w x y z,2,rr_interleave,13,in,e m f m g m h m i m j,1
3850,nocopy_20,d e e f,d e g,m n o o p q,m n o p r,seen alphabets,a b c d e f g h i j k l m n o p q r s t u v w x y z,1,rr_succ,6,in,m n o p q,0
3851,nocopy_20,j k l m n o p,j k l m n o p q s,i j k l m n,i j k l m n o q,unseen alphabets,f b c d e a g h i j k l m n o p q r s t u v w x y z,2,extend_extend_succ,6,out-of,i j k l m n o,0
3852,nocopy_20,s d t b,s t d b,u u u h h h q q q,u u u q q q h h h,unseen alphabets,u q h c p n r v g f k a m w i l j y s t d b o x e z,20,sort_group,3,in,u u u i i i q q q t h h,0
3853,nocopy_20,p q c s u,p q c s t,q c s t j x,q c s t j v,seen alphabets,a b u d e f g h i m k l r n o p q c s t j v w x y z,5,fix_alphabetic_seq,6,in,q c s t j v,1
3854,nocopy_20,k l m n,k l m n k l m n,l m n,l m n l m n,seen alphabets,a h c d e f g b i y k l m n o p q r s t u j w x v z,5,replicate,3,out-of,l m n o,0
3855,nocopy_20,b u d e f g,a u d e f g h,q c s t,p c s t j,seen alphabets,a b u d e f g h i m k l r n o p q c s t j v w x y z,5,extend_pred,4,out-of,q c s t j,0
3856,nocopy_20,s b u v w x p,s b u v w x p z,r s b u v,r s b u v w,unseen alphabets,k n c e y a g h i j d l m f o t q r s b u v w x p z,10,extend_sequence,5,in,r s t u v w,0
3857,nocopy_20,o p q q r s t,o p q r s t,m g c g c g d g e g f g g,m g c g d g e g f g g,unseen alphabets,a m c d e f g h i j k l b n o p q r s t u v w x y z,2,rr_interleave,7,in,m g d g e g f g g,0
3858,nocopy_20,m k l,m k l r,b u d,b u d e,seen alphabets,a b u d e f g h i m k l r n o p q c s t j v w x y z,5,extend_sequence,3,in,b u d e,1
3859,nocopy_20,a x f g,g f x a,j u b,b u j,unseen alphabets,d s p a x f g h m i k e r z j u b q t n c v o w y l,20,reverse,3,out-of,j b l,0
3860,nocopy_20,o p i c,s t u v,a b m j e,r g h q l,unseen alphabets,a b m j e r g h q l f d k n o p i c s t u v w x y z,10,shift,5,out-of,a b m d e,0
3861,nocopy_20,f n d j,t n d j o,d j o i,n j o i w,seen alphabets,a e c h x l g r q y k t f n d j o i w u v b m p s z,20,extend_pred,4,out-of,d j o i w,0
3862,nocopy_20,d x g,d f g h,p o r s t u,p q r s t u e,unseen alphabets,a c b v d f g h i j k l m n o p q r s t u e w x y z,5,fix_extend,6,in,p q r s t u v,0
3863,nocopy_20,k t u,u t k,g d e f s,s f e d g,seen alphabets,a b g d e f s h i j w l m n o p q r k t u v c x y z,5,reverse,5,out-of,g d e f h,0
3864,nocopy_20,e f f g,e f h,i i q r s t u,i q r s t v,unseen alphabets,a y c d e f g h p b k l m n o i q r s t u v w x j z,5,rr_succ,7,in,i q r s t v,1
3865,nocopy_20,w l m n o p q,w l m n o p q r t,h i j w l m,h i j w l m n p,seen alphabets,a b g d e f s h i j w l m n o p q r k t u v c x y z,5,extend_extend_succ,6,out-of,h i j w l m n,0
3866,nocopy_20,a u c d e f g,a m c d e f g,p e u e v e w e x,t e u e v e w e x,unseen alphabets,a m c d e f g h i j k l b n o p q r s t u v w x y z,2,fix_interleave,5,out-of,u e v e w e x,0
3867,nocopy_20,a l c,a i c,c c d c e c f c w c h c b,c c d c e c f c g c h c b,unseen alphabets,a i c d e f g h b j k l m n o p q r s t u v w x y z,2,fix_interleave,7,out-of,c c d c e c f c g c h c,0
3868,nocopy_20,w j p q r s,m j p q r t,v g a,e g y,unseen alphabets,x b c d e v g h i n k l m w f p q r s t u z a y j o,10,fix_pred_succ,3,out-of,v g h,0
3869,nocopy_20,d e f g h i j,c e f g h i j k,b c d,a c d e,seen alphabets,a b c d e f g h i j k l m n o p q r s t u v w x z y,2,extend_pred,3,out-of,b c d g,0
3870,nocopy_20,r h t,r k t u,q r y t,q r k t u,unseen alphabets,g b c d e f s h i j y l m n o p q r k t u v w x a z,5,fix_extend,4,in,q r s t u,0
3871,nocopy_20,q t h v x p,q t h v x p m,u i q t h v x,u i q t h v x p,seen alphabets,l d c b e f a z g r k w n y s o u i q t h v x p m j,20,extend_sequence,7,in,u i q t h v x p,1
3872,nocopy_20,d w f g b i j,d w f g b i j d w f g b i j,b i j,b i j b i j,unseen alphabets,a e q d w f g b i j k m c n o p h r s t u z v x y l,10,replicate,3,out-of,e f g b i j k,0
3873,nocopy_20,a l e b x,a l e b c,i d v f r,i d v f h,seen alphabets,q k i d v f r h a l e b x c n w j p s t g z m o y u,20,succ,5,in,i d v f h,1
3874,nocopy_20,k n c e y a,k n c e y a g i,b u v w,b u v w x z,unseen alphabets,k n c e y a g h i j d l m f o t q r s b u v w x p z,10,extend_extend_succ,4,out-of,t u v w,0
3875,nocopy_20,r s t u j w x,q s t u j w x v,l m n o p q r,k m n o p q r s,seen alphabets,a h c d e f g b i y k l m n o p q r s t u j w x v z,5,extend_pred,7,out-of,l m n o p q r s,0
3876,nocopy_20,h u j p c l e,n u j p c l e,w n h u,b n h u,unseen alphabets,r d v i o f g m y b w n h u j p c l e t s q a x k z,20,pred,4,in,u n w h,0
3877,nocopy_20,v w x,u w x y,e h i j k l,f h i j k l m,seen alphabets,a b c d g f e h i j k l m n o p q r s t u v w x y z,2,extend_pred,6,out-of,e h i j k l m,0
3878,nocopy_20,t z e,t z w,p i j,p i k,seen alphabets,a s r d u f g p i j k l m n o h q b c t z e w x y v,10,succ,3,in,g i j,0
3879,nocopy_20,f g h i j p l,f g h i j p l f g h i j p l,y s t u,y s t u y s t u,unseen alphabets,a r c d e f g h i j p l m n o b q y s t u v w x k z,5,replicate,4,out-of,g h i j k l c n,0
3880,nocopy_20,e a i,e s i j,w f p a u h,w f p a c h u,unseen alphabets,x r l b g t e s i j k n m w f p a c h u v d o y q z,20,fix_extend,6,in,w u v f p m p,0
3881,nocopy_20,d e f v h i m,d e f g h i m k,y g h i m k,f g h i m k l,seen alphabets,a b u d e f g h i m k l r n o p q c s t j v w x y z,5,fix_extend,6,in,f g h i m k l,1
3882,nocopy_20,l v n,l m n o,p o j k l m,p i j k l m n,seen alphabets,a s r d u f g p i j k l m n o h q b c t z e w x y v,10,fix_extend,6,in,p i j k l m n,1
3883,nocopy_20,j k y m,j k l m,l d v d n,l d m d n,unseen alphabets,o b c d i f a h e j k l m n g p q r s t u v w x y z,5,fix_interleave,3,out-of,l d v v,0
3884,nocopy_20,u y w x v,u v w x y,c c c d d d f f f e e e g g g h h h i i i,c c c d d d e e e f f f g g g h h h i i i,unseen alphabets,a m c d e f g h i j k l b n o p q r s t u v w x y z,2,sort_group,7,in,c c c d d d e e e f f f g g g h h h i i i,1
3885,nocopy_20,s p a x,x a p s,s p a x f g h,h g f x a p s,unseen alphabets,d s p a x f g h m i k e r z j u b q t n c v o w y l,20,reverse,7,out-of,o p v x s h,0
3886,nocopy_20,c t t w,w t c,e e b g f i j,e f g b i j,seen alphabets,h s r d e f g b i j k l m n o p q z w t c v y x a u,10,rr_sort,7,out-of,e f g b i j,1
3887,nocopy_20,b b q t,b q t,k y k y e y r,k y e y r,unseen alphabets,d s p a x f g h m i k e r z j u b q t n c v o w y l,20,rr_interleave,4,in,k y e y h,0
3888,nocopy_20,h y w l o g,j y w l o g v,u q n,b q n x,unseen alphabets,e d r c z m a f i j h y w l o g v p s b u q n x k t,20,extend_pred,3,out-of,u q n i,0
3889,nocopy_20,q h c p,q h c p n v,c p n r,c p n r v f,unseen alphabets,u q h c p n r v g f k a m w i l j y s t d b o x e z,20,extend_extend_succ,4,out-of,r p q o,0
3890,nocopy_20,c p n r v g,c p n r v f,j y s t d b,j y s t d o,unseen alphabets,u q h c p n r v g f k a m w i l j y s t d b o x e z,20,succ,6,in,j b g d s t,0
3891,nocopy_20,s t f n w x y,s t f n w x z,v g h d k i,v g h d k l,seen alphabets,a b c u e v g h d k i l m j r p q o s t f n w x y z,10,succ,6,in,v g h d k l,1
3892,nocopy_20,m n o p p q r s,m n o p q r s,t u v w w x y,t u v w x y,unseen alphabets,f b c d e a g h i j k l m n o p q r s t u v w x y z,2,remove_redundant,7,in,t u v w x z,0
3893,nocopy_20,w x p p z,w x p z,q b q b r b s b b b u b v b w,q b r b s b b b u b v b w,unseen alphabets,k n c e y a g h i j d l m f o t q r s b u v w x p z,10,rr_interleave,8,in,q b r b s b t b u b v b w,0
3894,nocopy_20,h i j k,h i j l,i j k l m n,i j k l m o,seen alphabets,a b c d e f g h i j k l m n o p q r s t u v w x y z,1,succ,6,in,h j k l m n,0
